"한자","이미지 종류","원본 URL","호스트","중복 여부","형식 검사 결과"
"車","이미지 1","https://drive.google.com/file/d/1Cif-d_TuNDfbdwZ1GqGVqMe8z7l8vy62/view?usp=share_link","drive.google.com","아니오","정상"
"車","획순 이미지","https://drive.google.com/file/d/1pO6tl1NxH-hgcp-wIw18tZ80jK0V8qdC/view?usp=drivesdk","drive.google.com","아니오","정상"
"犬","이미지 1","https://drive.google.com/file/d/1FrzuMHr8zJgcCwwySDZoJjqZ1nxVW4-A/view?usp=sharing","drive.google.com","아니오","정상"
"犬","획순 이미지","https://drive.google.com/file/d/1PK_9jxmQ2EEwqaejtE-0StjTv-lJlYnA/view?usp=drivesdk","drive.google.com","아니오","정상"
"見","이미지 1","https://drive.google.com/file/d/1m05dzuZNQQYzJiL-6B-N6ezMIlZR1Eu-/view?usp=sharing","drive.google.com","아니오","정상"
"見","획순 이미지","https://drive.google.com/file/d/119CYyTbs9QNchC7IJAF7wdfaplT2wVjK/view?usp=drivesdk","drive.google.com","아니오","정상"
"空","이미지 1","https://drive.google.com/file/d/1RK3NOQC_dauAEQoamzhOtmtJXRMh2yfv/view?usp=sharing","drive.google.com","아니오","정상"
"空","획순 이미지","https://drive.google.com/file/d/12XOKN64thrEXDiet2gFLh5SGR0WuiM_4/view?usp=drivesdk","drive.google.com","아니오","정상"
"校","이미지 1","https://drive.google.com/file/d/1ysVnIC5T0Sw0qeOSSjuOtA3asAsSvYVI/view?usp=sharing","drive.google.com","아니오","정상"
"校","획순 이미지","https://drive.google.com/file/d/1qpcgHtyDGNdfQlYXZ3laULZ-gaQ1Sag7/view?usp=drivesdk","drive.google.com","아니오","정상"
"九","이미지 1","https://drive.google.com/file/d/1Dd3TjLZkacZGPkZvU7H6YmQhKq-a43tc/view?usp=drive_link","drive.google.com","아니오","정상"
"九","획순 이미지","https://drive.google.com/file/d/1PZEfbXcCCAMoYDhtLbbjDtndUUn095Db/view?usp=drivesdk","drive.google.com","아니오","정상"
"口","이미지 1","https://drive.google.com/file/d/1H310-kOmnwNrTOYJ8s1UXIdIEX1OeGqF/view?usp=share_link","drive.google.com","아니오","정상"
"口","획순 이미지","https://drive.google.com/file/d/16_XenaC4RkTEnXTTmdO20TRdekA8uvnW/view?usp=drivesdk","drive.google.com","아니오","정상"
"金","이미지 1","https://drive.google.com/file/d/1FNFNoi3LFUHjdFeYeXyEbwIix1s_MCZ2/view?usp=share_link","drive.google.com","아니오","정상"
"金","획순 이미지","https://drive.google.com/file/d/1rvYMzKk8pRIkEwgxr--1E8y0D2kbR8R7/view?usp=drivesdk","drive.google.com","아니오","정상"
"気","이미지 1","https://drive.google.com/file/d/17_n4N8Cbx-mpMrVUsi7nXlc5A4usCofx/view?usp=share_link","drive.google.com","아니오","정상"
"気","획순 이미지","https://drive.google.com/file/d/1G9xNoophf4PcK4Ujd8N1h3WwKFOHv8zZ/view?usp=drivesdk","drive.google.com","아니오","정상"
"男","이미지 1","https://drive.google.com/file/d/1_Dir96GvimAogweLzA6udgmbUtdrbKck/view?usp=share_link","drive.google.com","아니오","정상"
"男","획순 이미지","https://drive.google.com/file/d/1jt8Rokd1xHuiKBrqNG2vyLi7BVcuTu9A/view?usp=drivesdk","drive.google.com","아니오","정상"
"女","이미지 1","https://drive.google.com/file/d/15g-zUmjDNBtVv-Gb_d_oHAAebNAS5vJe/view?usp=share_link","drive.google.com","아니오","정상"
"女","획순 이미지","https://drive.google.com/file/d/11MAcMuFjzgs4W5nu8f24QQqgRqh3ba4f/view?usp=drivesdk","drive.google.com","아니오","정상"
"年","이미지 1","https://drive.google.com/file/d/1g-4LnsHvgHEx6Dsc8AAiBxp9N4RBczLh/view?usp=drive_link","drive.google.com","아니오","정상"
"年","획순 이미지","https://drive.google.com/file/d/1wQ44JVQKvW7rqUGo2h6RWfbM7daST4IR/view?usp=drivesdk","drive.google.com","아니오","정상"
"大","이미지 1","https://drive.google.com/file/d/1VSWegAHCFTIDtN_WB-Rep4APRNHkeJJ1/view?usp=drive_link","drive.google.com","아니오","정상"
"大","획순 이미지","https://drive.google.com/file/d/1OWEfp8G3CvVAHH48NS3DC-jvpl4UwC1r/view?usp=drivesdk","drive.google.com","아니오","정상"
"力","이미지 1","https://drive.google.com/file/d/1guWk-jk6hagnqJPE8es07m3ZPR_6AU2A/view?usp=drive_link","drive.google.com","아니오","정상"
"力","획순 이미지","https://drive.google.com/file/d/1YEuVrSBEwCUfjhnrWVACi3cYCRlBOlsl/view?usp=drivesdk","drive.google.com","아니오","정상"
"六","이미지 1","https://drive.google.com/file/d/1tItdXDEk-CNSCYqSCQxJ4piPPPgIpk1N/view?usp=drive_link","drive.google.com","아니오","정상"
"六","획순 이미지","https://drive.google.com/file/d/19vzytWeU44ezNXHz3iMupj5bfhxhSN2f/view?usp=drivesdk","drive.google.com","아니오","정상"
"林","이미지 1","https://drive.google.com/file/d/14ltVrVtomq_WQQcbMLtZcbzQkG7KSlRC/view?usp=drive_link","drive.google.com","아니오","정상"
"林","획순 이미지","https://drive.google.com/file/d/1iYZLglMlzMsf4Q4Mm2KZvPKQSpdpq7yk/view?usp=drivesdk","drive.google.com","아니오","정상"
"立","이미지 1","https://drive.google.com/file/d/1m8uy1VWEfr-VZeaOX2xe_NWJLFxUz0a2/view?usp=drive_link","drive.google.com","아니오","정상"
"立","획순 이미지","https://drive.google.com/file/d/1NRF2x12mCKoGBJ57gazpsRIFNqDULP-G/view?usp=drivesdk","drive.google.com","아니오","정상"
"名","이미지 1","https://drive.google.com/file/d/14k7BxSDiA-NuhFN2fVp1XheJhRoSX6ln/view?usp=drive_link","drive.google.com","아니오","정상"
"名","획순 이미지","https://drive.google.com/file/d/1C2Q_yy7LCIVEiz2Te-ubc9DOLyzeP7IW/view?usp=drivesdk","drive.google.com","아니오","정상"
"木","이미지 1","https://drive.google.com/file/d/1y6qQHGrHpQk2uNyQNDG-euyjmzQDIuT_/view?usp=drive_link","drive.google.com","아니오","정상"
"木","획순 이미지","https://drive.google.com/file/d/1YnUloLwnbDO69HH-T2zEEoWkxkzGAtZD/view?usp=drivesdk","drive.google.com","아니오","정상"
"目","이미지 1","https://drive.google.com/file/d/1EVJYrTNhwlJvcg6vHHym1Gvh-gaLIxPE/view?usp=drive_link","drive.google.com","아니오","정상"
"目","획순 이미지","https://drive.google.com/file/d/1V3-Xe5DvXAa7kAMEA_D9PTHivibNAUVs/view?usp=drivesdk","drive.google.com","아니오","정상"
"文","이미지 1","https://drive.google.com/file/d/1H-LXcsZC-x41sBMapasmIjOLDsnY4QeX/view?usp=drive_link","drive.google.com","아니오","정상"
"文","획순 이미지","https://drive.google.com/file/d/1N4UVxJGuYkMRYarmUjy67msE_6eOf08k/view?usp=drivesdk","drive.google.com","아니오","정상"
"白","이미지 1","https://drive.google.com/file/d/1Y1uoISO-nTcZKCDfzTYrwNExH6t7o7dY/view?usp=drive_link","drive.google.com","아니오","정상"
"白","획순 이미지","https://drive.google.com/file/d/1EqwkIwClIhItZqRnJU6idYkkkQObhQz9/view?usp=drivesdk","drive.google.com","아니오","정상"
"百","이미지 1","https://drive.google.com/file/d/1ZSSW-FU2VILn3Rb1DRnzYYj9I2P7ThH7/view?usp=drive_link","drive.google.com","아니오","정상"
"百","획순 이미지","https://drive.google.com/file/d/1fYl3QESK0nl6OC3V79HDG-5O4lOBzPV1/view?usp=drivesdk","drive.google.com","아니오","정상"
"本","이미지 1","https://drive.google.com/file/d/10VDQzrhPfnZwpVUCZcfeBS5TyMBbMfvn/view?usp=drive_link","drive.google.com","아니오","정상"
"本","획순 이미지","https://drive.google.com/file/d/14BLuSj4C75Bu7onTn7BRRCtkSr4kR5IC/view?usp=drivesdk","drive.google.com","아니오","정상"
"四","이미지 1","https://drive.google.com/file/d/1EkhNXaZj9q3wRBLq3SjdIpBPWXfg6nys/view?usp=sharing","drive.google.com","아니오","정상"
"四","획순 이미지","https://drive.google.com/file/d/1T4ISxa3ZDOq7jBQIXXHnJYDCiKZj5mKp/view?usp=drivesdk","drive.google.com","아니오","정상"
"糸","이미지 1","https://drive.google.com/file/d/1CX4vao7_6v31Pd1tUYolilImUg2zx6ey/view?usp=drive_link","drive.google.com","아니오","정상"
"糸","획순 이미지","https://drive.google.com/file/d/1bpHGf3s2OaVCVNCisxcb6cwAOsWFWQv4/view?usp=drivesdk","drive.google.com","아니오","정상"
"山","이미지 1","https://drive.google.com/file/d/1V45ZwkmHFlQ_iaEfZI_14wHvvc2G6har/view?usp=drive_link","drive.google.com","아니오","정상"
"山","획순 이미지","https://drive.google.com/file/d/1v0E7V2enWnEWNNfeYdTCMQ7ydf3kEzxE/view?usp=drivesdk","drive.google.com","아니오","정상"
"三","이미지 1","https://drive.google.com/file/d/1d9vCXgkkWFzfMEt-0SoznSPPwMjiMztm/view?usp=drive_link","drive.google.com","아니오","정상"
"三","획순 이미지","https://drive.google.com/file/d/1xdiZ7QD-EdQy9TNvZrFIZYomRR6EAzZT/view?usp=drivesdk","drive.google.com","아니오","정상"
"森","이미지 1","https://drive.google.com/file/d/1IqDO4jJ6-N7JU7B1QD6-gGTP6Khr8xir/view?usp=drive_link","drive.google.com","아니오","정상"
"森","획순 이미지","https://drive.google.com/file/d/1YGkjLa9rh7FpeETU1_iC0-ivbFvl3-1F/view?usp=drivesdk","drive.google.com","아니오","정상"
"上","이미지 1","https://drive.google.com/file/d/1artO2wdfZRN0-6tqSd7zNsrldynMH_z4/view?usp=drive_link","drive.google.com","아니오","정상"
"上","획순 이미지","https://drive.google.com/file/d/1gBA2JrLcc8Nlbv6vCSQmgF9lzODvWSMr/view?usp=drivesdk","drive.google.com","아니오","정상"
"生","이미지 1","https://drive.google.com/file/d/1clo53syFMS1RIuq3T0azSeB5mcbybvFV/view?usp=drive_link","drive.google.com","아니오","정상"
"生","획순 이미지","https://drive.google.com/file/d/1zfrki294astI3kvWd0aWkInLCniNA9jw/view?usp=drivesdk","drive.google.com","아니오","정상"
"夕","이미지 1","https://drive.google.com/file/d/1lbIi-qvGgHPlnBzB1xBcD-a7-Q_8xSjK/view?usp=drive_link","drive.google.com","아니오","정상"
"夕","획순 이미지","https://drive.google.com/file/d/1_do7PBnGfcow0aumhCCvjluUXsVefjfY/view?usp=drivesdk","drive.google.com","아니오","정상"
"石","이미지 1","https://drive.google.com/file/d/107fLlgYDEo7QEu4eaevkmyoTko4Lp0fm/view?usp=drive_link","drive.google.com","아니오","정상"
"石","획순 이미지","https://drive.google.com/file/d/1d2L0f7QAV3K1Z9h9621KQ8hn1AqY5xDq/view?usp=drivesdk","drive.google.com","아니오","정상"
"先","이미지 1","https://drive.google.com/file/d/1a6stkQAX6fGJ5f9zJe7alc7gUssr3uEv/view?usp=drive_link","drive.google.com","아니오","정상"
"先","획순 이미지","https://drive.google.com/file/d/19ZWr13mp0Z6X5a7y7JcZuGNJPEukfpXG/view?usp=drivesdk","drive.google.com","아니오","정상"
"小","이미지 1","https://drive.google.com/file/d/1H0OZM02FysZh2X46Xi8M02VZoI7q4SLX/view?usp=drive_link","drive.google.com","아니오","정상"
"小","획순 이미지","https://drive.google.com/file/d/1vSjHGmu14MpF5W2YkVaSTvUFL71gv2fD/view?usp=drivesdk","drive.google.com","아니오","정상"
"水","이미지 1","https://drive.google.com/file/d/1BLXQZu7veGYIPNcfgyWP_7Jt961dLXWk/view?usp=drive_link","drive.google.com","아니오","정상"
"水","획순 이미지","https://drive.google.com/file/d/1mq-OikQC_BcFKsSAYIZhq-GzpzdwP7t9/view?usp=drivesdk","drive.google.com","아니오","정상"
"手","이미지 1","https://drive.google.com/file/d/1MifAbrAGtfqwpLzatIJrPVuAlRrLMv3j/view?usp=drive_link","drive.google.com","아니오","정상"
"手","획순 이미지","https://drive.google.com/file/d/1bgKFC8lFjMsJ6t52hTImgFU_f_GfMXdf/view?usp=drivesdk","drive.google.com","아니오","정상"
"十","이미지 1","https://drive.google.com/file/d/1k2dzp9a9JaY9xke50n5FJJJDO42nL3bX/view?usp=drive_link","drive.google.com","아니오","정상"
"十","획순 이미지","https://drive.google.com/file/d/1p1E-TXMOxd4NuEZiDmtlsh8UUNy6Kikk/view?usp=drivesdk","drive.google.com","아니오","정상"
"五","이미지 1","https://drive.google.com/file/d/1pthYkw5fbkaukkWSTDl_O-hejK-ynBE8/view?usp=drive_link","drive.google.com","아니오","정상"
"五","획순 이미지","https://drive.google.com/file/d/1mA18tcSPek7s7LDEF1QOAy2tEw5WStVi/view?usp=drivesdk","drive.google.com","아니오","정상"
"玉","이미지 1","https://drive.google.com/file/d/1AEhPFRBX2nk5A1j-IJIBRJWeU8hii1qx/view?usp=drive_link","drive.google.com","아니오","정상"
"玉","획순 이미지","https://drive.google.com/file/d/1zDj614qT5gyokQWMtrXLkUbla7VKDKmG/view?usp=drivesdk","drive.google.com","아니오","정상"
"王","이미지 1","https://drive.google.com/file/d/1oAOxieWHKNwt7k0khMsZzB1HK5F4iKVd/view?usp=drive_link","drive.google.com","아니오","정상"
"王","획순 이미지","https://drive.google.com/file/d/1XfeGP6rJ6K2yrIjXWEE7qD3B7NrIwCnO/view?usp=drivesdk","drive.google.com","아니오","정상"
"右","이미지 1","https://drive.google.com/file/d/1L5te7u1pCoSmQFtD17hPGzfJ56Bl5H_r/view?usp=drive_link","drive.google.com","아니오","정상"
"右","획순 이미지","https://drive.google.com/file/d/1UApwtTqx0AXUG_RRi9WzuF2F7nJEa0Uv/view?usp=drivesdk","drive.google.com","아니오","정상"
"雨","이미지 1","https://drive.google.com/file/d/1G0AemYZaLWF410IEEZyFdlnFmoKh9Dfb/view?usp=drive_link","drive.google.com","아니오","정상"
"雨","획순 이미지","https://drive.google.com/file/d/1LBJV8qLZSX-6VqlWK32OTE_6hszETDXm/view?usp=drivesdk","drive.google.com","아니오","정상"
"円","이미지 1","https://drive.google.com/file/d/1UCnM6X3upj02tYbMDQNVXm7A67qVqB12/view?usp=drive_link","drive.google.com","아니오","정상"
"円","획순 이미지","https://drive.google.com/file/d/1PgOFoW0D2AyGPHoWB0le6jvXQUiN8iCl/view?usp=drivesdk","drive.google.com","아니오","정상"
"月","이미지 1","https://drive.google.com/file/d/1uUfcpsZHk4glMAvi1GFTl6PGQHKJpXKD/view?usp=drive_link","drive.google.com","아니오","정상"
"月","획순 이미지","https://drive.google.com/file/d/127AvJU6SHf0-MfH7gQMNoBht4hFweuko/view?usp=drivesdk","drive.google.com","아니오","정상"
"音","이미지 1","https://drive.google.com/file/d/1Oa_DlEhFTnAxtlGOcKeRUvwuRnYIKEIV/view?usp=drive_link","drive.google.com","아니오","정상"
"音","획순 이미지","https://drive.google.com/file/d/1yE7bj2zMNnTKZ_yBJl3FOJGoox-kFMcS/view?usp=drivesdk","drive.google.com","아니오","정상"
"二","이미지 1","https://drive.google.com/file/d/1PYQSxKENtLSl43gh7KnEpTivft9ZOnTa/view?usp=drive_linkk","drive.google.com","아니오","정상"
"二","획순 이미지","https://drive.google.com/file/d/1PAS7lgdX4ixArr2468qHe9AYxatD2BV7/view?usp=drivesdk","drive.google.com","아니오","정상"
"耳","이미지 1","https://drive.google.com/file/d/1nZmPNZnDCK7oDa4vE6likqHqdbYBz7e9/view?usp=drive_link","drive.google.com","아니오","정상"
"耳","획순 이미지","https://drive.google.com/file/d/1KKC6GC4aOhORhLRWRYoW3UAMHJt45WHR/view?usp=drivesdk","drive.google.com","아니오","정상"
"人","이미지 1","https://drive.google.com/file/d/15vT85r764UUEXqzVMUbFIMuFin1eHV2T/view?usp=drive_link","drive.google.com","아니오","정상"
"人","획순 이미지","https://drive.google.com/file/d/1mJg2nIBHGYSKAYXzd5SvEl8uE7oxHzvx/view?usp=drivesdk","drive.google.com","아니오","정상"
"一","이미지 1","https://drive.google.com/file/d/1De_tSgH7QYRmcJTO6wm1hfzirwSbxt67/view?usp=drive_link","drive.google.com","아니오","정상"
"一","획순 이미지","https://drive.google.com/file/d/1MKzgJyiDogVsNVeaeq38hzFUPbsty3XU/view?usp=drivesdk","drive.google.com","아니오","정상"
"日","이미지 1","https://drive.google.com/file/d/18MJMYvroo12WeIC_MMvQ8NJLWkqevh2b/view?usp=drive_link","drive.google.com","아니오","정상"
"日","획순 이미지","https://drive.google.com/file/d/1EbrutZTxOcVFPYvyGgXv19cR_dN5FZZI/view?usp=drivesdk","drive.google.com","아니오","정상"
"入","이미지 1","https://drive.google.com/file/d/1tXH5jm6UaDvm-1V4okLVbHirD6iXVz3R/view?usp=drive_link","drive.google.com","아니오","정상"
"入","획순 이미지","https://drive.google.com/file/d/1Y8mwbXybdfdgRH2H6px0bYuVsWYO5CuB/view?usp=drivesdk","drive.google.com","아니오","정상"
"子","이미지 1","https://drive.google.com/file/d/1fzDK9BHTb_aZF4VUNOxTOguU8LJXVeFU/view?usp=drive_link","drive.google.com","아니오","정상"
"子","획순 이미지","https://drive.google.com/file/d/1eaDApmvep3Vx2Qj3-PHSzXXn713CpAcK/view?usp=drivesdk","drive.google.com","아니오","정상"
"字","이미지 1","https://drive.google.com/file/d/1LHhh2Cf-m_eNe3iPL5BzLXEdDE5Ypl70/view?usp=drive_link","drive.google.com","아니오","정상"
"字","획순 이미지","https://drive.google.com/file/d/1F3JSWXr5x_XPaHWXsl6zwvHhLf0hyySm/view?usp=drivesdk","drive.google.com","아니오","정상"
"赤","이미지 1","https://drive.google.com/file/d/1hs0dzMp9dxAYIFC_LPVPCjtxwrmKVo4T/view?usp=drive_link","drive.google.com","아니오","정상"
"赤","획순 이미지","https://drive.google.com/file/d/1w7ilk8U9nGjFcvvyjpl26y0P7HAp7JwE/view?usp=drivesdk","drive.google.com","아니오","정상"
"田","이미지 1","https://drive.google.com/file/d/1ly4WXlsbkjEPxaOzS3BJ0YVgasW6ZoPw/view?usp=drive_link","drive.google.com","아니오","정상"
"田","획순 이미지","https://drive.google.com/file/d/1QvQOhStkyH57_mu3yV4XxtUI7oWXBp9S/view?usp=drivesdk","drive.google.com","아니오","정상"
"正","이미지 1","https://drive.google.com/file/d/1x9UEy9UiEMtl1xeUhqhbjIdZCy1b_unB/view?usp=drive_link","drive.google.com","아니오","정상"
"正","획순 이미지","https://drive.google.com/file/d/1C-2WuYuQPbpIcv1NwoE7vlS5-Xt_d20I/view?usp=drivesdk","drive.google.com","아니오","정상"
"町","이미지 1","https://drive.google.com/file/d/1ZksL2_A0w65aJMq48X7KLFJq047rFust/view?usp=drive_link","drive.google.com","아니오","정상"
"町","획순 이미지","https://drive.google.com/file/d/1k7Yr_sd0ZveO_X85Dg6K34C6Rt9ORA02/view?usp=drivesdk","drive.google.com","아니오","정상"
"早","이미지 1","https://drive.google.com/file/d/1m9z2jwMZjRsUsm4J6F68U977FcP-_qiR/view?usp=drive_link","drive.google.com","아니오","정상"
"早","획순 이미지","https://drive.google.com/file/d/1XOBCn5KojL76MYOZvgBMm3VyUZ7auTYN/view?usp=drivesdk","drive.google.com","아니오","정상"
"足","이미지 1","https://drive.google.com/file/d/1GMd7dXotjSHe8jAlAEkFABDujUoo0Qjk/view?usp=drive_link","drive.google.com","아니오","정상"
"足","획순 이미지","https://drive.google.com/file/d/1-QA6P_s3nlKUK8nQMU6qm8KDCdVpsBXp/view?usp=drivesdk","drive.google.com","아니오","정상"
"左","이미지 1","https://drive.google.com/file/d/1BuTn1sbN-GoXqZQiEcE2ddL67H5V0LQ2/view?usp=drive_link","drive.google.com","아니오","정상"
"左","획순 이미지","https://drive.google.com/file/d/1IxVkAYeK2HKJlf0O5l6tCSIzJJeFIuUe/view?usp=drivesdk","drive.google.com","아니오","정상"
"竹","이미지 1","https://drive.google.com/file/d/1J1n6Y9E2HSEoeZtUiR7p3bs7zdZDXbd_/view?usp=drive_link","drive.google.com","아니오","정상"
"竹","획순 이미지","https://drive.google.com/file/d/1crpHBjfBpKT-xRH2l1HMiVNkQMqkT9dj/view?usp=drivesdk","drive.google.com","아니오","정상"
"中","이미지 1","https://drive.google.com/file/d/1RUULGp5Xe9x4qqvx4JPr2PFaspn3dTXY/view?usp=drive_link","drive.google.com","아니오","정상"
"中","획순 이미지","https://drive.google.com/file/d/1Cn6fp0YH4T9lIASADx9gOKOmcYKXVtz3/view?usp=drivesdk","drive.google.com","아니오","정상"
"千","이미지 1","https://drive.google.com/file/d/18E92ZUjuUVmU7lTwaIx85jeo0gIqFD6N/view?usp=drive_link","drive.google.com","아니오","정상"
"千","획순 이미지","https://drive.google.com/file/d/10mu9TkIFSlT8BVfGFWxD9ZlsTxWAR_RL/view?usp=drivesdk","drive.google.com","아니오","정상"
"川","이미지 1","https://drive.google.com/file/d/1s7xIsJS_WeMplp6XYykiNPwcrNPwR_m9/view?usp=drive_link","drive.google.com","아니오","정상"
"川","획순 이미지","https://drive.google.com/file/d/1uCoLGKpkuLKDIFL7gTAF85c00f1woIcq/view?usp=drivesdk","drive.google.com","아니오","정상"
"天","이미지 1","https://drive.google.com/file/d/1iG4-s-5jjPLlFSwt1FztDrkPOiU23h0N/view?usp=drive_link","drive.google.com","아니오","정상"
"天","획순 이미지","https://drive.google.com/file/d/1DIUYmp36hP1z6gykqa5X8_STFdItggMC/view?usp=drivesdk","drive.google.com","아니오","정상"
"青","이미지 1","https://drive.google.com/file/d/1VBoq5TaNsEWaOomVQdf-oW5bQmsKrX9g/view?usp=drive_link","drive.google.com","아니오","정상"
"青","획순 이미지","https://drive.google.com/file/d/11VX1VhmaHVpZlgAmI3r-6WLfhP9-hIhd/view?usp=drivesdk","drive.google.com","아니오","정상"
"草","이미지 1","https://drive.google.com/file/d/1tlF5tJVFzE-3mtfTD5Pg2egtDx5I-Ru3/view?usp=drive_link","drive.google.com","아니오","정상"
"草","획순 이미지","https://drive.google.com/file/d/1fof8WrxDHjE3R1otnWCT8652T2YJz3C-/view?usp=drivesdk","drive.google.com","아니오","정상"
"村","이미지 1","https://drive.google.com/file/d/1HPHw91ZsRHcteP9ZPo5pPMrArHTGdGa-/view?usp=drive_link","drive.google.com","아니오","정상"
"村","획순 이미지","https://drive.google.com/file/d/1s0gFQk7TDo_dvd-S5fbQglr2FCGo3oGC/view?usp=drivesdk","drive.google.com","아니오","정상"
"出","이미지 1","https://drive.google.com/file/d/1jc94OJzbSn2xUhk9nKBSNFkNYZWUCO8h/view?usp=drive_link","drive.google.com","아니오","정상"
"出","획순 이미지","https://drive.google.com/file/d/1FmdewrRjjgFu75FTMwr5Sa7VkgXfj0RQ/view?usp=drivesdk","drive.google.com","아니오","정상"
"虫","이미지 1","https://drive.google.com/file/d/1qVP-YnwZQvRgUcfoDL4IQU5Mc0yPpPLU/view?usp=drive_link","drive.google.com","아니오","정상"
"虫","획순 이미지","https://drive.google.com/file/d/1nO1mjoxEddq9hmEFNDgBD3-iABwaWmo-/view?usp=drivesdk","drive.google.com","아니오","정상"
"七","이미지 1","https://drive.google.com/file/d/1132AfqjpADJwGK6j1ygdspwAZug5m9ND/view?usp=drive_link","drive.google.com","아니오","정상"
"七","획순 이미지","https://drive.google.com/file/d/1CiY550r5JL8GcopSKhk6xLQvaUtSETWc/view?usp=drivesdk","drive.google.com","아니오","정상"
"土","이미지 1","https://drive.google.com/file/d/1n7DBiOzhEXQco7t9JEVS0AWD4rUJ0CmB/view?usp=drive_link","drive.google.com","아니오","정상"
"土","획순 이미지","https://drive.google.com/file/d/1tVzlj8Sgw_Ehdl-APC8TptnrM5fx6tEk/view?usp=drivesdk","drive.google.com","아니오","정상"
"八","이미지 1","https://drive.google.com/file/d/1loTzLOVppi_Xvp70uUYTQ3ND5VkvSRcC/view?usp=drive_link","drive.google.com","아니오","정상"
"八","획순 이미지","https://drive.google.com/file/d/12FLPIBDRMd0AbWHakqWlFyk_GyLCJTro/view?usp=drivesdk","drive.google.com","아니오","정상"
"貝","이미지 1","https://drive.google.com/file/d/1vsSZzGfkH-onXvQLra-_084PRtoAV6ED/view?usp=drive_link","drive.google.com","아니오","정상"
"貝","획순 이미지","https://drive.google.com/file/d/18pkGQRRtRmsh21unhGBCX6KbT4-iBtY3/view?usp=drivesdk","drive.google.com","아니오","정상"
"下","이미지 1","https://drive.google.com/file/d/1a4OOd_W9p6BfGDLxyGXrUi2jTipaAJY2/view?usp=drive_link","drive.google.com","아니오","정상"
"下","획순 이미지","https://drive.google.com/file/d/1f2_Zcp_xbYzctWZ3bnVKmMxybPCjV146/view?usp=drivesdk","drive.google.com","아니오","정상"
"学","이미지 1","https://drive.google.com/file/d/11t7VednBdEb3eiA8-LuCB_A5FVqOkxUF/view?usp=drive_link","drive.google.com","아니오","정상"
"学","획순 이미지","https://drive.google.com/file/d/1jMET7hl1xoDhUM33hAvVyzVVOxDn50Kd/view?usp=drivesdk","drive.google.com","아니오","정상"
"火","이미지 1","https://drive.google.com/file/d/1KBzdc3WpfS1OFldU-F0NTKiZOhI0T1V3/view?usp=drive_link","drive.google.com","아니오","정상"
"火","획순 이미지","https://drive.google.com/file/d/1xtzI21RvLS9pNx3Z6UR4prKBYSS_LipE/view?usp=drivesdk","drive.google.com","아니오","정상"
"花","이미지 1","https://drive.google.com/file/d/1UgpOhPKk4coNDwC6-NDmx8EWiMP-_t_b/view?usp=drive_link","drive.google.com","아니오","정상"
"花","획순 이미지","https://drive.google.com/file/d/1uwbzCbvo1usil0GLSbP4kZblk_WJwE4j/view?usp=drivesdk","drive.google.com","아니오","정상"
"休","이미지 1","https://drive.google.com/file/d/16u3eIZfRVkltGd4hP6gHxM20SPfqeewh/view?usp=drive_link","drive.google.com","아니오","정상"
"休","획순 이미지","https://drive.google.com/file/d/1UhzzuYCq1UPb27HQ3QR5Ry2wGicDJ2nm/view?usp=drivesdk","drive.google.com","아니오","정상"
"家","이미지 1","https://drive.google.com/file/d/1ynFOZeUN6LErfwYIe1d_dMvLByMfQKob/view?usp=drive_link","drive.google.com","아니오","정상"
"家","획순 이미지","https://drive.google.com/file/d/16x_9imirnYnilMwWNgiSYICEuMOcxAkm/view?usp=drivesdk","drive.google.com","아니오","정상"
"歌","이미지 1","https://drive.google.com/file/d/1u6IvKVI29kDK0VNjPuNvEtX3Ez3pyofl/view?usp=drive_link","drive.google.com","아니오","정상"
"歌","획순 이미지","https://drive.google.com/file/d/1moDGl2zkXljlCCs1lSj_z7IHAt6CdYMF/view?usp=drivesdk","drive.google.com","아니오","정상"
"角","이미지 1","https://drive.google.com/file/d/198G0x4TIg6FFS40o6DtZ75uEAZM_AXYY/view?usp=drive_link","drive.google.com","아니오","정상"
"角","획순 이미지","https://drive.google.com/file/d/1OnWWB4y4MmRzB9e9YfUD5MrYhoCO_YsI/view?usp=drivesdk","drive.google.com","아니오","정상"
"間","이미지 1","https://drive.google.com/file/d/1MFQSQkpP8cxh85iRDxdOyKBZj7PA-hwO/view?usp=share_link","drive.google.com","아니오","정상"
"間","획순 이미지","https://drive.google.com/file/d/1ZBOXAP8-OAZeJkULPVIMRWXgoeKAD_we/view?usp=drivesdk","drive.google.com","아니오","정상"
"強","이미지 1","https://drive.google.com/file/d/1vNrc647ZvY4hZSGmXjTYaHSetWwppWBI/view?usp=drive_link","drive.google.com","아니오","정상"
"強","획순 이미지","https://drive.google.com/file/d/1a2VYcdvHWFBfqgJ-nq5PkRDYD1e4l7_K/view?usp=drivesdk","drive.google.com","아니오","정상"
"京","이미지 1","https://drive.google.com/file/d/1ZLigAizMGar_GPmC-3b5_cWjhs68sHhe/view?usp=drive_link","drive.google.com","아니오","정상"
"京","획순 이미지","https://drive.google.com/file/d/1fxT9s64nX77X_Rjrdy_ycc_QWnrIP5f9/view?usp=drivesdk","drive.google.com","아니오","정상"
"計","이미지 1","https://drive.google.com/file/d/1u4vjpgdl7vC8vxuQr1vE58N1e7_LXcPQ/view?usp=drive_link","drive.google.com","아니오","정상"
"計","획순 이미지","https://drive.google.com/file/d/1uONhjQSysdbRoBjIhi_ds4fTWBJgxIR6/view?usp=drivesdk","drive.google.com","아니오","정상"
"古","이미지 1","https://drive.google.com/file/d/1WTajzB9cAzGjI7-bywwJa2FWy4QfvSss/view?usp=drive_link","drive.google.com","아니오","정상"
"古","획순 이미지","https://drive.google.com/file/d/1FAD2b2t23u0RuavWz9S8BOluNMZUiPL3/view?usp=drivesdk","drive.google.com","아니오","정상"
"考","이미지 1","https://drive.google.com/file/d/1VOdMiI-NsBLYLXc103zXuNzmQSELX8pp/view?usp=drive_link","drive.google.com","아니오","정상"
"考","획순 이미지","https://drive.google.com/file/d/1f3YReu5RbClhZsQnG4qTUkjQ-ZpxmAFf/view?usp=drivesdk","drive.google.com","아니오","정상"
"高","이미지 1","https://drive.google.com/file/d/15GfoBK6pzmIQPvTl0zZ8I5KvbYF4L4-e/view?usp=drive_link","drive.google.com","아니오","정상"
"高","획순 이미지","https://drive.google.com/file/d/1jFa1svWFutP8E3Zsp0aDKypQwnRLf8M6/view?usp=drivesdk","drive.google.com","아니오","정상"
"谷","이미지 1","https://drive.google.com/file/d/1VILHwoW6CwvLZuu4dc3urdXakMacoFTy/view?usp=drive_link","drive.google.com","아니오","정상"
"谷","획순 이미지","https://drive.google.com/file/d/1IfKJcxpt9G88CQAXFO46djuS7aJXLkTT/view?usp=drivesdk","drive.google.com","아니오","정상"
"工","이미지 1","https://drive.google.com/file/d/1CDqVfDdUJRQvy2MCCXMIiNhGvylOPlZW/view?usp=drive_link","drive.google.com","아니오","정상"
"工","획순 이미지","https://drive.google.com/file/d/1boTuMfLWtqjZdB8GmFF9B7Z4SczwgI9y/view?usp=drivesdk","drive.google.com","아니오","정상"
"公","이미지 1","https://drive.google.com/file/d/1nz2S2Ir-sg0hnDLCPgvoelnP9a9CXWbd/view?usp=drive_link","drive.google.com","아니오","정상"
"公","획순 이미지","https://drive.google.com/file/d/1qIrpgWtFBSSmhKGeiqEuL2NG1myt68vy/view?usp=drivesdk","drive.google.com","아니오","정상"
"科","이미지 1","https://drive.google.com/file/d/1h-dSkR2Ogr41n7cWvr8PZ7TBjvdRs7rY/view?usp=drive_link","drive.google.com","아니오","정상"
"科","획순 이미지","https://drive.google.com/file/d/19OI6VIABB8imOX25KWjxUkuQdq8dhxwA/view?usp=drivesdk","drive.google.com","아니오","정상"
"広","이미지 1","https://drive.google.com/file/d/1VRr-iQ38MfL0zOhGJNZOXcQ3-nKsK5Os/view?usp=drive_linkk","drive.google.com","아니오","정상"
"広","획순 이미지","https://drive.google.com/file/d/18YdzAoH1XWjSZpJcIKRlaqFngpA4Ioqo/view?usp=drivesdk","drive.google.com","아니오","정상"
"光","이미지 1","https://drive.google.com/file/d/1Nhd9OrzJDi3sEhz5FnDIpJpFFKh8xzSa/view?usp=drive_link","drive.google.com","아니오","정상"
"光","획순 이미지","https://drive.google.com/file/d/1PvzfhzDlNZB3U5QN0cihihwPRJzjHJU_/view?usp=drivesdk","drive.google.com","아니오","정상"
"交","이미지 1","https://drive.google.com/file/d/1otNKSJN3TxWsWJr6uSzzgI2wmIkEIzVf/view?usp=drive_link","drive.google.com","아니오","정상"
"交","획순 이미지","https://drive.google.com/file/d/147AEpOOmLmpmiPYL3VUmGjm7WNTYldOH/view?usp=drivesdk","drive.google.com","아니오","정상"
"教","이미지 1","https://drive.google.com/file/d/14AdbxIFEawhh4qZYjyYZrywvNkKiIEbQ/view?usp=drive_link","drive.google.com","아니오","정상"
"教","획순 이미지","https://drive.google.com/file/d/1uzsmXrJcawpvxajPdoiElutgeMXPoMHC/view?usp=drivesdk","drive.google.com","아니오","정상"
"国","이미지 1","https://drive.google.com/file/d/1YLY_kvBVri_LmBi-upJazuIhwI5Lv86S/view?usp=drive_link","drive.google.com","아니오","정상"
"国","획순 이미지","https://drive.google.com/file/d/1CHmnFNeNCB4-5Sw6HM5WlAm4XLly3oIf/view?usp=drivesdk","drive.google.com","아니오","정상"
"弓","이미지 1","https://drive.google.com/file/d/17BmC-mXd_z4RXWnkuVKuUwBNgyGmROxW/view?usp=drive_link","drive.google.com","아니오","정상"
"弓","획순 이미지","https://drive.google.com/file/d/1o4fyBijfUUaMyERRuNLx4IZLzqwGrZ_p/view?usp=drivesdk","drive.google.com","아니오","정상"
"帰","이미지 1","https://drive.google.com/file/d/1t58GZ2DmLH9iQOrZjrGly9g7qqgm4asO/view?usp=drive_link","drive.google.com","아니오","정상"
"帰","획순 이미지","https://drive.google.com/file/d/1edwId5G27s8uYNrC0-2BnQcR32g9ZSpt/view?usp=drivesdk","drive.google.com","아니오","정상"
"近","이미지 1","https://drive.google.com/file/d/1Hc9pvrJoOR2LczNdKBGszP_nkrRN1LoN/view?usp=drive_link","drive.google.com","아니오","정상"
"近","획순 이미지","https://drive.google.com/file/d/1c2qj67mCt0iN-bydHYB8m8Pk3pyEs_we/view?usp=drivesdk","drive.google.com","아니오","정상"
"今","이미지 1","https://drive.google.com/file/d/1owc7ZVToUsZspuILmvwLoNOdTF4V5CTn/view?usp=share_link","drive.google.com","아니오","정상"
"今","획순 이미지","https://drive.google.com/file/d/1WAFn5PprMycY11tzYQk_kIBQ-cPIBL_I/view?usp=drivesdk","drive.google.com","아니오","정상"
"汽","이미지 1","https://drive.google.com/file/d/1BM74EkP1liMJ7VA_qNtc9z9c5Riab2rv/view?usp=drive_link","drive.google.com","아니오","정상"
"汽","획순 이미지","https://drive.google.com/file/d/1h9G_sO6-pWJpUswEJw_BnvaW97tFZ6b7/view?usp=drivesdk","drive.google.com","아니오","정상"
"記","이미지 1","https://drive.google.com/file/d/1dHay_th0BOcDMt3_tuFIGy2DWeXRpqS7/view?usp=drive_link","drive.google.com","아니오","정상"
"記","획순 이미지","https://drive.google.com/file/d/1nczAsneR3EOMLUi0NMuOh6GUoeIgDSUA/view?usp=drivesdk","drive.google.com","아니오","정상"
"南","이미지 1","https://drive.google.com/file/d/1JSS-zFliqO3ZL3drU2bquFEnWcPJxFEm/view?usp=drive_link","drive.google.com","아니오","정상"
"南","획순 이미지","https://drive.google.com/file/d/1FTiN59Ub_twtBv5YlXcLz_WIcDN3VL4S/view?usp=drivesdk","drive.google.com","아니오","정상"
"内","이미지 1","https://drive.google.com/file/d/1gdpiRfZu83E9FtGQmNhHDMavjTjFIAaG/view?usp=drive_link","drive.google.com","아니오","정상"
"内","획순 이미지","https://drive.google.com/file/d/1Z6-6a1k-zfPxrJKcZ1wmIvw9e3jgxuRK/view?usp=drivesdk","drive.google.com","아니오","정상"
"多","이미지 1","https://drive.google.com/file/d/1ZpTuFUgLMoM_Ds1Cy6eN73I7VgFua1vI/view?usp=drive_link","drive.google.com","아니오","정상"
"多","획순 이미지","https://drive.google.com/file/d/1A0TnGCULZTkY-d8taT2XOkNFR-0YPjpN/view?usp=drivesdk","drive.google.com","아니오","정상"
"茶","이미지 1","https://drive.google.com/file/d/1Hb_iS3kGeR85RpOh3PoSoOPfNqYUumMl/view?usp=drive_link","drive.google.com","아니오","정상"
"茶","획순 이미지","https://drive.google.com/file/d/1phBON_ogXRtZlRxRT7Lb_BaEYffnOVG5/view?usp=drivesdk","drive.google.com","아니오","정상"
"答","이미지 1","https://drive.google.com/file/d/1CdTRwQE7OoaQITKg3wChJLvyzfumCHID/view?usp=drive_link","drive.google.com","아니오","정상"
"答","획순 이미지","https://drive.google.com/file/d/1Uag-jGgpcurFKx84MKhbL278K8T4bnhr/view?usp=drivesdk","drive.google.com","아니오","정상"
"当","이미지 1","https://drive.google.com/file/d/17JXqYKI9TrpJiLTAuPzOmg3McoqCMT0I/view?usp=drive_link","drive.google.com","아니오","정상"
"当","획순 이미지","https://drive.google.com/file/d/1jXRcJV6NFOoicXOmlIwCmazV6yn8J3U6/view?usp=drivesdk","drive.google.com","아니오","정상"
"台","이미지 1","https://drive.google.com/file/d/1eG9ReVLGr5hRbJBJGFZeYdQbJ9ODa_3X/view?usp=drive_link","drive.google.com","아니오","정상"
"台","획순 이미지","https://drive.google.com/file/d/17i33vFNIswFbMuoY62iHUcnF4ayq6KLE/view?usp=drivesdk","drive.google.com","아니오","정상"
"刀","이미지 1","https://drive.google.com/file/d/17AGpKAZ4rToP3MFMFY-XXdBwJZZdXRXx/view?usp=share_link","drive.google.com","아니오","정상"
"刀","획순 이미지","https://drive.google.com/file/d/1WIqJmJRQfcRxNqage3sxfL-L4FBFJV6L/view?usp=drivesdk","drive.google.com","아니오","정상"
"図","이미지 1","https://drive.google.com/file/d/1-91cpdcWZfpk7jX6Ig4SAhq1HpPWMUP8/view?usp=drive_link","drive.google.com","아니오","정상"
"図","획순 이미지","https://drive.google.com/file/d/1SpgMLtsowlAnn_WHFgAlgAMqbzvMCfcC/view?usp=drivesdk","drive.google.com","아니오","정상"
"道","이미지 1","https://drive.google.com/file/d/18GXOdBDCEmVNo4Ued1W14hCkxvYIC6Pd/view?usp=drive_link","drive.google.com","아니오","정상"
"道","획순 이미지","https://drive.google.com/file/d/1kP--mElSzkXAq-0rBn5S3wDYxNmt5Nit/view?usp=drivesdk","drive.google.com","아니오","정상"
"読","이미지 1","https://drive.google.com/file/d/1fjS8qHTsXM0ZG1e5n2ty9spFZXVI9uq2/view?usp=drive_link","drive.google.com","아니오","정상"
"読","획순 이미지","https://drive.google.com/file/d/1BsQLxHs5wqnnCmj_ha-m6_hsjDKWM4ZQ/view?usp=drivesdk","drive.google.com","아니오","정상"
"冬","이미지 1","https://drive.google.com/file/d/1wqG6OXFf0im31t8dpp7J7SJBbT5dJsyZ/view?usp=drive_link","drive.google.com","아니오","정상"
"冬","획순 이미지","https://drive.google.com/file/d/1HggXyWtdI6j3TU9v0loPKH1WB-ikGRPr/view?usp=drivesdk","drive.google.com","아니오","정상"
"同","이미지 1","https://drive.google.com/file/d/15A42IxpvZgq8jT5pbsXzhoezFHeWUyIE/view?usp=drive_link","drive.google.com","아니오","정상"
"同","획순 이미지","https://drive.google.com/file/d/1PY4dIc4LIl7eTsue5oZHA_jzZP-2Vjqt/view?usp=drivesdk","drive.google.com","아니오","정상"
"東","이미지 1","https://drive.google.com/file/d/1zjiBvpwtGItHwarVhnI8w9bCNCBCTkha/view?usp=drive_link","drive.google.com","아니오","정상"
"東","획순 이미지","https://drive.google.com/file/d/1L9a_bG4Oq-Gxiyz_tctr8ktowcqwYkvq/view?usp=drivesdk","drive.google.com","아니오","정상"
"頭","이미지 1","https://drive.google.com/file/d/19TZq9KdFw9GE_l4Ug95j7k32e1B9NgAW/view?usp=drive_link","drive.google.com","아니오","정상"
"頭","획순 이미지","https://drive.google.com/file/d/1A0sAUiPNlgO-a62GPNKtS_Bk8vieLU0z/view?usp=drivesdk","drive.google.com","아니오","정상"
"楽","이미지 1","https://drive.google.com/file/d/1d6FoGsoa4abqm3LxI8JcM1oyepm1Q-Fx/view?usp=drive_link","drive.google.com","아니오","정상"
"楽","획순 이미지","https://drive.google.com/file/d/1joAaJ6MV2Xhjo5ASzMK8_ViwXyqcwNV9/view?usp=drivesdk","drive.google.com","아니오","정상"
"来","이미지 1","https://drive.google.com/file/d/1_GLLS1rOHF2FWyA2Mr5cI9_b2yTnhpu4/view?usp=drive_link","drive.google.com","아니오","정상"
"来","획순 이미지","https://drive.google.com/file/d/15DS8gXFOfxSsAX1qLAy4gQvRejmsn5SV/view?usp=drivesdk","drive.google.com","아니오","정상"
"里","이미지 1","https://drive.google.com/file/d/1KQrbYNkGveOtm5Nsu6Ey4wzUxDmgMnUa/view?usp=drive_link","drive.google.com","아니오","정상"
"里","획순 이미지","https://drive.google.com/file/d/16Qjd8WgVdYN8l2NF7cqeQiWi48Tkwwsw/view?usp=drivesdk","drive.google.com","아니오","정상"
"理","이미지 1","https://drive.google.com/file/d/1qrlsB0w0Vhlku1mMdtX67aevglf9xDJk/view?usp=drive_link","drive.google.com","아니오","정상"
"理","획순 이미지","https://drive.google.com/file/d/1jDd8XyfJ47GWnA8HOSqNB0U6_rN4LdjD/view?usp=drivesdk","drive.google.com","아니오","정상"
"馬","이미지 1","https://drive.google.com/file/d/1DgphWxB3hYPaCfrvPeH8KKrw7z28CFii/view?usp=drive_link","drive.google.com","아니오","정상"
"馬","획순 이미지","https://drive.google.com/file/d/1Zy-Mlwl4s5KcHWqk31y0H7lgucujCC4c/view?usp=drivesdk","drive.google.com","아니오","정상"
"万","이미지 1","https://drive.google.com/file/d/1Op4H7zpGLaORATHwwdy6mxC2Ga5BLepZ/view?usp=drive_link","drive.google.com","아니오","정상"
"万","획순 이미지","https://drive.google.com/file/d/1OLEW4gYXx37rkVbp1m2bSpg9eNua2RdS/view?usp=drivesdk","drive.google.com","아니오","정상"
"毎","이미지 1","https://drive.google.com/file/d/1Bootd2R98X2yR7CsW3unCKh83llShFkg/view?usp=drive_link","drive.google.com","아니오","정상"
"毎","획순 이미지","https://drive.google.com/file/d/1BAQEoRfVVEg3kkpw4H_yohqVHfDp2igL/view?usp=drivesdk","drive.google.com","아니오","정상"
"売","이미지 1","https://drive.google.com/file/d/1QjzXJI5kdoAb2kKpp4RhOq6UaBdII6Uf/view?usp=drive_link","drive.google.com","아니오","정상"
"売","획순 이미지","https://drive.google.com/file/d/10fflByOQuM4GRLTr6R-jLrDJnTiGhb1W/view?usp=drivesdk","drive.google.com","아니오","정상"
"妹","이미지 1","https://drive.google.com/file/d/1U_IoP08B_V1kyt8RQUpz3NheNV2A66Dw/view?usp=drive_link","drive.google.com","아니오","정상"
"妹","획순 이미지","https://drive.google.com/file/d/1tluR8OdYF6rZif43QFdMT-IB6J_kvfoW/view?usp=drivesdk","drive.google.com","아니오","정상"
"買","이미지 1","https://drive.google.com/file/d/1yd14CuOBiWIFdadk3P8GkA2LjD9JgYAB/view?usp=drive_link","drive.google.com","아니오","정상"
"買","획순 이미지","https://drive.google.com/file/d/1BEg5U8UWpE3NL2_nrdRZr3rzKAS2Wb4z/view?usp=drivesdk","drive.google.com","아니오","정상"
"麦","이미지 1","https://drive.google.com/file/d/1B2pSHW0xDEaJ1OmkA1I4dPVjYpcGtqUY/view?usp=drive_link","drive.google.com","아니오","정상"
"麦","획순 이미지","https://drive.google.com/file/d/1Ftc-YbgBqZgJ7axkZkjzwKaz-q6r9aA7/view?usp=drivesdk","drive.google.com","아니오","정상"
"明","이미지 1","https://drive.google.com/file/d/1eBfrlzjR1FJoBzUmSSHgYO2MdN7ZEqrd/view?usp=drive_link","drive.google.com","아니오","정상"
"明","획순 이미지","https://drive.google.com/file/d/1k-AYUbUZadMrhtRxTnso9u5rvyh3BqfZ/view?usp=drivesdk","drive.google.com","아니오","정상"
"鳴","이미지 1","https://drive.google.com/file/d/1HRV5O7GI0q2iZMIqrSL0NFVdMY6nLUiD/view?usp=drive_link","drive.google.com","아니오","정상"
"鳴","획순 이미지","https://drive.google.com/file/d/19VLlCEsxNLvfxBI06EJ3Ha1Uxu3uuZX4/view?usp=drivesdk","drive.google.com","아니오","정상"
"毛","이미지 1","https://drive.google.com/file/d/1GDZ3-aU8R-9tfvahTDvvmUvHqu0nFCq4/view?usp=drive_link","drive.google.com","아니오","정상"
"毛","획순 이미지","https://drive.google.com/file/d/1V_439XfKyti4XShbtIxKddXjFbc_NMRN/view?usp=drivesdk","drive.google.com","아니오","정상"
"母","이미지 1","https://drive.google.com/file/d/1FKAXiEfoU3gCdRxf9NvDb4wYmRUGdyfk/view?usp=drive_link","drive.google.com","아니오","정상"
"母","획순 이미지","https://drive.google.com/file/d/1tW94n4C7ChbX7c2R9YJx1WeTNMd0DARm/view?usp=drivesdk","drive.google.com","아니오","정상"
"門","이미지 1","https://drive.google.com/file/d/1ywtizZmOySXk8FvQVDpaCNEBp03po_98/view?usp=drive_link","drive.google.com","아니오","정상"
"門","획순 이미지","https://drive.google.com/file/d/1XZV8rQywpjfrbSNJl7dPlOxjOLBVatgI/view?usp=drivesdk","drive.google.com","아니오","정상"
"聞","이미지 1","https://drive.google.com/file/d/1RgNr_Gz3d6puRXa8RQIMSXbCncBqng2u/view?usp=drive_link","drive.google.com","아니오","정상"
"聞","획순 이미지","https://drive.google.com/file/d/1dDiTovyjBx7N0f-asmzjJBfwKaUzjaRs/view?usp=drivesdk","drive.google.com","아니오","정상"
"米","이미지 1","https://drive.google.com/file/d/15wRVZpHSzd4BKUjoAbphVf2QOYcq8C9B/view?usp=drive_link","drive.google.com","아니오","정상"
"米","획순 이미지","https://drive.google.com/file/d/1Gz2BwiBCawu_tbW26ki2tcP9u0Q0-Imu/view?usp=drivesdk","drive.google.com","아니오","정상"
"半","이미지 1","https://drive.google.com/file/d/1zdXSuc_f9u-ta_YT00_1OZ6yCDlrEZDI/view?usp=drive_link","drive.google.com","아니오","정상"
"半","획순 이미지","https://drive.google.com/file/d/1lqClnYZmstGWe1O-2_Ef3f0s9-C9tYo-/view?usp=drivesdk","drive.google.com","아니오","정상"
"方","이미지 1","https://drive.google.com/file/d/11qlTZCFY3cXZUC5eSd1HdV01noPEy0Zn/view?usp=drive_link","drive.google.com","아니오","정상"
"方","획순 이미지","https://drive.google.com/file/d/1y97vP4r5bIOovaYmLJRJJHjK0CVoZRJL/view?usp=drivesdk","drive.google.com","아니오","정상"
"番","이미지 1","https://drive.google.com/file/d/1mbTSQr3PqwK1CiKPT18BY3PobJE3xbpM/view?usp=drive_link","drive.google.com","아니오","정상"
"番","획순 이미지","https://drive.google.com/file/d/1U-fmSRazsSGShCj0YMdJ3sKWa4_WCJwO/view?usp=drivesdk","drive.google.com","아니오","정상"
"歩","이미지 1","https://drive.google.com/file/d/1yOa0LYa6ZS6MW5QpwL6rIqkuvCIEPyfe/view?usp=drive_link","drive.google.com","아니오","정상"
"歩","획순 이미지","https://drive.google.com/file/d/1WdCz41xCzgtEPF57zLROJFZtoVL-sVgr/view?usp=drivesdk","drive.google.com","아니오","정상"
"父","이미지 1","https://drive.google.com/file/d/1wUxK1aHwXga9EOyyq6QrCC55yWt81_oU/view?usp=drive_link","drive.google.com","아니오","정상"
"父","획순 이미지","https://drive.google.com/file/d/1HAfVvAQ5WuT7X2pzOuT6kggo-YvUWeaL/view?usp=drivesdk","drive.google.com","아니오","정상"
"北","이미지 1","https://drive.google.com/file/d/16-vSUJL1QRfB4vfg9xMwbgzW3HQFH_hg/view?usp=drive_link","drive.google.com","아니오","정상"
"北","획순 이미지","https://drive.google.com/file/d/1xU7KiRmXqAh-X87Or9lUJ74DSvAE23pw/view?usp=drivesdk","drive.google.com","아니오","정상"
"分","이미지 1","https://drive.google.com/file/d/1dG0I8JulPSD_BzGLRpQMWYpECrDeMIR_/view?usp=drive_link","drive.google.com","아니오","정상"
"分","획순 이미지","https://drive.google.com/file/d/1ZKh3zNiLyIeMX-kUk8xugVrq_tMULEU0/view?usp=drivesdk","drive.google.com","아니오","정상"
"寺","이미지 1","https://drive.google.com/file/d/139FboqjsyJPCMeaataCIPqfPMZ4jDiwl/view?usp=drive_link","drive.google.com","아니오","정상"
"寺","획순 이미지","https://drive.google.com/file/d/1Mc8_BFJgpAIepvkhmFlLGgpHSBDGJVaV/view?usp=drivesdk","drive.google.com","아니오","정상"
"社","이미지 1","https://drive.google.com/file/d/1ewzVYgebk4ODlUCt2sbEP7rmIeesxY5_/view?usp=drive_link","drive.google.com","아니오","정상"
"社","획순 이미지","https://drive.google.com/file/d/18G5FSUpARDglBSWs5EuQFfIgJKsBivmz/view?usp=drivesdk","drive.google.com","아니오","정상"
"思","이미지 1","https://drive.google.com/file/d/1OHJ0uCGoX89rEMg19ggHHGCwc7VyPOby/view?usp=drive_link","drive.google.com","아니오","정상"
"思","획순 이미지","https://drive.google.com/file/d/1ACn6Ptoeb1mL0gN45h7asu-OFXkS8TSl/view?usp=drivesdk","drive.google.com","아니오","정상"
"算","이미지 1","https://drive.google.com/file/d/1aHOdpHjRkt1Tn3eVCgs1o37RpRXc3BZ6/view?usp=drive_link","drive.google.com","아니오","정상"
"算","획순 이미지","https://drive.google.com/file/d/1JRTw0HfJJ20SM_lbexiQWeVt5vAb7MID/view?usp=drivesdk","drive.google.com","아니오","정상"
"色","이미지 1","https://drive.google.com/file/d/1YSlNDpBoF8784RWhmbWLCzM5J8RUJ-CW/view?usp=drive_link","drive.google.com","아니오","정상"
"色","획순 이미지","https://drive.google.com/file/d/1AhTHTdrz1kzEaEvvcjEnP5P_o2w0vMI0/view?usp=drivesdk","drive.google.com","아니오","정상"
"西","이미지 1","https://drive.google.com/file/d/1R5IJFJGn8rxx76CQmHo3KCGI_WN91wZ_/view?usp=drive_link","drive.google.com","아니오","정상"
"西","획순 이미지","https://drive.google.com/file/d/1mGp0TkHN_L5-XhB4_cIwt6SVzE-_ezEp/view?usp=drivesdk","drive.google.com","아니오","정상"
"書","이미지 1","https://drive.google.com/file/d/1AVCfq0QE7Lw2y-xGGqD0eW_cKOYOn404/view?usp=drive_link","drive.google.com","아니오","정상"
"書","획순 이미지","https://drive.google.com/file/d/1bxZb1gi7Xjrfs-15sFvqds7bwAj7ClzL/view?usp=drivesdk","drive.google.com","아니오","정상"
"船","이미지 1","https://drive.google.com/file/d/1ZI8B4Aw1aLSmvm31cgwKjUfxY7gEeiog/view?usp=drive_link","drive.google.com","아니오","정상"
"船","획순 이미지","https://drive.google.com/file/d/1NvmlM2J5DDnwBSa54tlBNAxHAl7Pk4jm/view?usp=drivesdk","drive.google.com","아니오","정상"
"線","이미지 1","https://drive.google.com/file/d/18n44_IQoOA1Oxc_Gm8MO-YgSLYQJgE6H/view?usp=drive_link","drive.google.com","아니오","정상"
"線","획순 이미지","https://drive.google.com/file/d/15wY02D6Q2NL9JVRHimX-xyREmQvQ_wgK/view?usp=drivesdk","drive.google.com","아니오","정상"
"雪","이미지 1","https://drive.google.com/file/d/1ogy6aSQjkkQRKl9uk25nT9nBxtoW8hdx/view?usp=drive_link","drive.google.com","아니오","정상"
"雪","획순 이미지","https://drive.google.com/file/d/1Jk9p5LbNrMwNQ6-SDBBZVSKKBr1t8oO8/view?usp=drivesdk","drive.google.com","아니오","정상"
"声","이미지 1","https://drive.google.com/file/d/1W_5pJEY8yd6r39HiGygEoxPxLadNpIlv/view?usp=drive_link","drive.google.com","아니오","정상"
"声","획순 이미지","https://drive.google.com/file/d/1NMiXxu2u2dylVObGVLDDBXnjpOIaqf5u/view?usp=drivesdk","drive.google.com","아니오","정상"
"星","이미지 1","https://drive.google.com/file/d/18D27mCgYFXsVJK0Bk64gzFIGbhsPXaAy/view?usp=drive_link","drive.google.com","아니오","정상"
"星","획순 이미지","https://drive.google.com/file/d/1Ijo8H3YfiZVwo3MD_GdzVqfSV6dlwI5x/view?usp=drivesdk","drive.google.com","아니오","정상"
"細","이미지 1","https://drive.google.com/file/d/16WKyKTyWe-xrh2dvcq00V0Cff2Hy5mvn/view?usp=drive_link","drive.google.com","아니오","정상"
"細","획순 이미지","https://drive.google.com/file/d/1reAd3bhuox2miLxUs36mqLQcRCO38Sr7/view?usp=drivesdk","drive.google.com","아니오","정상"
"少","이미지 1","https://drive.google.com/file/d/1pZ9bZ7_ojgDb6cG-Up6HMhet36n1TpYh/view?usp=drive_link","drive.google.com","아니오","정상"
"少","획순 이미지","https://drive.google.com/file/d/1HK4crDdy_fZI94FlKJNU4VF0Bcx7cNbz/view?usp=drivesdk","drive.google.com","아니오","정상"
"首","이미지 1","https://drive.google.com/file/d/1crjHnLEhbBzGyXaQke2XdW53gk4hebJq/view?usp=drive_link","drive.google.com","아니오","정상"
"首","획순 이미지","https://drive.google.com/file/d/1QK7sDMXwe0WSzm7AAnE2UU1VCmruYAtH/view?usp=drivesdk","drive.google.com","아니오","정상"
"数","이미지 1","https://drive.google.com/file/d/1h2zx0Z29cGdVXsBw3wDhig-jDmebGbHT/view?usp=drive_link","drive.google.com","아니오","정상"
"数","획순 이미지","https://drive.google.com/file/d/10mE-mPoRnDKJBzgeK3EETjizbUwXgRq-/view?usp=drivesdk","drive.google.com","아니오","정상"
"市","이미지 1","https://drive.google.com/file/d/1YC-90qFE6RDEhrWPY2mh7NtS9i7os0B-/view?usp=drive_link","drive.google.com","아니오","정상"
"市","획순 이미지","https://drive.google.com/file/d/1frXj7SeYAJEEYH9iJrD2y7KVPJMdS9zM/view?usp=drivesdk","drive.google.com","아니오","정상"
"矢","이미지 1","https://drive.google.com/file/d/1SWXz0e6XUQGS_n3VJQFv8Jif5qyqeWbS/view?usp=drive_link","drive.google.com","아니오","정상"
"矢","획순 이미지","https://drive.google.com/file/d/10xA1d5a9mwaLJIv3dmXvtmgA-qbP9AKW/view?usp=drivesdk","drive.google.com","아니오","정상"
"時","이미지 1","https://drive.google.com/file/d/1QpiE_byl_cAeK8z2y35p3qzwoyU33HQr/view?usp=drive_link","drive.google.com","아니오","정상"
"時","획순 이미지","https://drive.google.com/file/d/1uwTjA4YTtxO49R_lZCwk8RGv8-Ot-O-G/view?usp=drivesdk","drive.google.com","아니오","정상"
"食","이미지 1","https://drive.google.com/file/d/1oUsrSiGnePQYEFSUljoh_GZ26MLN2Xln/view?usp=drive_link","drive.google.com","아니오","정상"
"食","획순 이미지","https://drive.google.com/file/d/1AeGSlY4jky5-uGABMNpzyFr5Kak8wiGD/view?usp=drivesdk","drive.google.com","아니오","정상"
"新","이미지 1","https://drive.google.com/file/d/10OPYtvXAP-g-iiD_FpgFO0W_ImMQTJ9V/view?usp=drive_link","drive.google.com","아니오","정상"
"新","획순 이미지","https://drive.google.com/file/d/1BWW_wEKxY5JiJgjmORcCfrGzh-oPYGnw/view?usp=drivesdk","drive.google.com","아니오","정상"
"室","이미지 1","https://drive.google.com/file/d/1Js6jkQ3ZdQgfDLQr0xtCIa7gqzb1QPhH/view?usp=drive_link","drive.google.com","아니오","정상"
"室","획순 이미지","https://drive.google.com/file/d/1tMw9Fcsz_AWLX2BYx7DMbv4Tu3biIZUg/view?usp=drivesdk","drive.google.com","아니오","정상"
"心","이미지 1","https://drive.google.com/file/d/1nDQEFvVUc9XSGojKdd8IIgZL2c4kCjPc/view?usp=drive_link","drive.google.com","아니오","정상"
"心","획순 이미지","https://drive.google.com/file/d/1mZqDNW2v_91f8aAmj2sjn-8_e6DWG-_h/view?usp=drivesdk","drive.google.com","아니오","정상"
"顔","이미지 1","https://drive.google.com/file/d/1K3-sTwNfmhpiHWMfLd3gLhTppg1fiw1a/view?usp=drive_link","drive.google.com","아니오","정상"
"顔","획순 이미지","https://drive.google.com/file/d/1gvyL2QzMoFb5EHZt2dRkHbm_PWGCmQKt/view?usp=drivesdk","drive.google.com","아니오","정상"
"岩","이미지 1","https://drive.google.com/file/d/1Ii-MV27OZN0pLlobSRCHgRolGhj1-lmw/view?usp=drive_link","drive.google.com","아니오","정상"
"岩","획순 이미지","https://drive.google.com/file/d/1ouTZHYvrXF2LcN_5GcNcBCP1eG1QE2hc/view?usp=drivesdk","drive.google.com","아니오","정상"
"夜","이미지 1","https://drive.google.com/file/d/1QvZRnvhvG0O_WennGLvBAw7HFyG4Ds6p/view?usp=drive_link","drive.google.com","아니오","정상"
"夜","획순 이미지","https://drive.google.com/file/d/13P7va1fcRYXpsSmrVNWKy9frM4WrA6D3/view?usp=drivesdk","drive.google.com","아니오","정상"
"野","이미지 1","https://drive.google.com/file/d/12Gg-Gsv4LAoNi_nRh-pDaNGhDSE8zMOT/view?usp=drive_link","drive.google.com","아니오","정상"
"野","획순 이미지","https://drive.google.com/file/d/1KPA2tWgp4QtQemtQzEcHc1oArDjgahUV/view?usp=drivesdk","drive.google.com","아니오","정상"
"弱","이미지 1","https://drive.google.com/file/d/1DSwYTUKBnC9JumfAKutNMiacOWmrhSkU/view?usp=drive_link","drive.google.com","아니오","정상"
"弱","획순 이미지","https://drive.google.com/file/d/1KeLUk-_0IKP4e-euPBAsmvepBHCkQQZi/view?usp=drivesdk","drive.google.com","아니오","정상"
"魚","이미지 1","https://drive.google.com/file/d/1l-QEI7Rg6nI3680eP6nfWvC5vrJRbATj/view?usp=drive_link","drive.google.com","아니오","정상"
"魚","획순 이미지","https://drive.google.com/file/d/1TQx-vQ6OMlqIrs4hMld2lNzNIdxBwYfr/view?usp=drivesdk","drive.google.com","아니오","정상"
"語","이미지 1","https://drive.google.com/file/d/1sh8ZKiP2raih0VP9KuAfp_YP9isKFx-M/view?usp=drive_link","drive.google.com","아니오","정상"
"語","획순 이미지","https://drive.google.com/file/d/1otwCVyBzqC5nHd-gdUwLYP8NeORj4WJ0/view?usp=drivesdk","drive.google.com","아니오","정상"
"言","이미지 1","https://drive.google.com/file/d/1nSmOJ-SAR5zKl8O93jOKm6K8KNVj5APK/view?usp=drive_link","drive.google.com","아니오","정상"
"言","획순 이미지","https://drive.google.com/file/d/1TZCwN7SE0ZInzgpbig7FZEEIKeSdtHW9/view?usp=drivesdk","drive.google.com","아니오","정상"
"午","이미지 1","https://drive.google.com/file/d/1JJCb3-pxNJrtWl6afvEMaUklOyIi7YUU/view?usp=drive_link","drive.google.com","아니오","정상"
"午","획순 이미지","https://drive.google.com/file/d/1aP0aPxrKUqt9qIzsWJAv00DktY6UC9IZ/view?usp=drivesdk","drive.google.com","아니오","정상"
"外","이미지 1","https://drive.google.com/file/d/1Ikz5a0WGMw_LcMGLu-LLaZtqBmVNekog/view?usp=drive_link","drive.google.com","아니오","정상"
"外","획순 이미지","https://drive.google.com/file/d/1vMzbyxljbSBIYZ5cQUHqcmtUs034mjZh/view?usp=drivesdk","drive.google.com","아니오","정상"
"曜","이미지 1","https://drive.google.com/file/d/1XWWMSpGv6shqmo8tVePKZq3SmuflYBbU/view?usp=drive_link","drive.google.com","아니오","정상"
"曜","획순 이미지","https://drive.google.com/file/d/1Fx-amXJO_vUV0XWdrmnja-Lp8Pf-D68v/view?usp=drivesdk","drive.google.com","아니오","정상"
"用","이미지 1","https://drive.google.com/file/d/1JYlrvdKw7mFU8bt81PIRkJjIqVnnUGMm/view?usp=drive_link","drive.google.com","아니오","정상"
"用","획순 이미지","https://drive.google.com/file/d/1hYW0A_OBoRxQzfNX_xV2oXFO1a6PhGoS/view?usp=drivesdk","drive.google.com","아니오","정상"
"友","이미지 1","https://drive.google.com/file/d/1o20f9SXSEzIcjc2SUIWfMtjNKzRu5tMm/view?usp=drive_link","drive.google.com","아니오","정상"
"友","획순 이미지","https://drive.google.com/file/d/1xi3FuvD0XCmobXJv89hSOoNU1b5NVUDv/view?usp=drivesdk","drive.google.com","아니오","정상"
"牛","이미지 1","https://drive.google.com/file/d/1FPDzrmii0lX7_j-rj2ogNSwkqHQVS6lO/view?usp=drive_link","drive.google.com","아니오","정상"
"牛","획순 이미지","https://drive.google.com/file/d/1cWE_N0Qt-C2fxTOlsk3Mawhi2etZT0uo/view?usp=drivesdk","drive.google.com","아니오","정상"
"羽","이미지 1","https://drive.google.com/file/d/19wd7MvCT0CM6wKvGLO9aZi5Amvq2zk9Y/view?usp=drive_link","drive.google.com","아니오","정상"
"羽","획순 이미지","https://drive.google.com/file/d/1VeNvlm1XNOG_SX62RQtlUk-GDIIFAtdn/view?usp=drivesdk","drive.google.com","아니오","정상"
"雲","이미지 1","https://drive.google.com/file/d/1MIbfjuU4ZzJTm7Np9IKvRt_qGShUIJfT/view?usp=drive_link","drive.google.com","아니오","정상"
"雲","획순 이미지","https://drive.google.com/file/d/1i_yzvOPRHgzlHa_szY3kAbWJN0-eWwQU/view?usp=drivesdk","drive.google.com","아니오","정상"
"元","이미지 1","https://drive.google.com/file/d/1qAeCwiVN5AbG7GspgO9h-iMY8z9P0KFg/view?usp=drive_link","drive.google.com","아니오","정상"
"元","획순 이미지","https://drive.google.com/file/d/1HgfJt63hm4sYZ4adpT0xf0EZMWoUwWu_/view?usp=drivesdk","drive.google.com","아니오","정상"
"原","이미지 1","https://drive.google.com/file/d/1BxhrmbzT5sunq-pxAItq-798fnQyzGvt/view?usp=drive_link","drive.google.com","아니오","정상"
"原","획순 이미지","https://drive.google.com/file/d/1tayGoiGVm7DQ_PPQa8BNB4xDTuY3kX4K/view?usp=drivesdk","drive.google.com","아니오","정상"
"園","이미지 1","https://drive.google.com/file/d/1Fea3J0WEadMfPQIGMqrvsPwsvxZU837x/view?usp=drive_link","drive.google.com","아니오","정상"
"園","획순 이미지","https://drive.google.com/file/d/1kWAkf_-Ww0ls1VH7jlG7_XcAOttjx3aA/view?usp=drivesdk","drive.google.com","아니오","정상"
"遠","이미지 1","https://drive.google.com/file/d/16vjmqWyb5my8wmRwxQVDB6bCGhQGM5Ba/view?usp=drive_link","drive.google.com","아니오","정상"
"遠","획순 이미지","https://drive.google.com/file/d/131CB97Rb4h8rLRcvmRTq5bW4JZn92t2B/view?usp=drivesdk","drive.google.com","아니오","정상"
"肉","이미지 1","https://drive.google.com/file/d/1hfIt6G8tsToU328C85u16qFM7-Za1epI/view?usp=drive_link","drive.google.com","아니오","정상"
"肉","획순 이미지","https://drive.google.com/file/d/1X6HqEMHR4E7SSITv4E0scrV5YCt9r9N8/view?usp=drivesdk","drive.google.com","아니오","정상"
"引","이미지 1","https://drive.google.com/file/d/1TbsydPWkG-tc73ra-H-QfvhLEmCDj2uU/view?usp=drive_link","drive.google.com","아니오","정상"
"引","획순 이미지","https://drive.google.com/file/d/1y2zsqDgVIi-aYjsXHE9eAzx1TDMMZM1y/view?usp=drivesdk","drive.google.com","아니오","정상"
"自","이미지 1","https://drive.google.com/file/d/19eSpTZGPAm3-exMV3LBWDpJj7EgG2pGL/view?usp=drive_link","drive.google.com","아니오","정상"
"自","획순 이미지","https://drive.google.com/file/d/1qlulAJSdq2zxphb0vHfx-_d_Nlzn3Ob7/view?usp=drivesdk","drive.google.com","아니오","정상"
"姉","이미지 1","https://drive.google.com/file/d/16hhEA3onPox-zNxwNNh-pkl_i1ZOj7oW/view?usp=drive_link","drive.google.com","아니오","정상"
"姉","획순 이미지","https://drive.google.com/file/d/1IEeMJQ0u0ketBLyEwmtUV50nTWjhf5W4/view?usp=drivesdk","drive.google.com","아니오","정상"
"作","이미지 1","https://drive.google.com/file/d/1PPStrpNSiKozNbitmnRz2ECibPjRwdkB/view?usp=drive_link","drive.google.com","아니오","정상"
"作","획순 이미지","https://drive.google.com/file/d/15uOeXcJ19X4mHM6tawqnt4RCvroZG5AN/view?usp=drivesdk","drive.google.com","아니오","정상"
"長","이미지 1","https://drive.google.com/file/d/1QIup9U_cM0Y8XcMP4fweTGtXEjb_syEn/view?usp=drive_link","drive.google.com","아니오","정상"
"長","획순 이미지","https://drive.google.com/file/d/1Wi9bNkr7SFoSoOcM_2oIWCSMHqMPB7tx/view?usp=drivesdk","drive.google.com","아니오","정상"
"場","이미지 1","https://drive.google.com/file/d/1WN1DHmilDjoQ2VtpSzDtRgCu-yHbbrhu/view?usp=drive_link","drive.google.com","아니오","정상"
"場","획순 이미지","https://drive.google.com/file/d/10NBjEalacm8h4dkBiSXhJs8KZie0apLd/view?usp=drivesdk","drive.google.com","아니오","정상"
"才","이미지 1","https://drive.google.com/file/d/16pAA2Dz6wx6O-XBYwniH_UwPQYFD8K_t/view?usp=drive_link","drive.google.com","아니오","정상"
"才","획순 이미지","https://drive.google.com/file/d/1yqHfQ7jvNv-bYR2_2DghWpUJCMCeQhY-/view?usp=drivesdk","drive.google.com","아니오","정상"
"前","이미지 1","https://drive.google.com/file/d/1Eo_jhcM7Myf7hSIyvw9mE-ldDsHgxYhO/view?usp=drive_link","drive.google.com","아니오","정상"
"前","획순 이미지","https://drive.google.com/file/d/1xZuNK-UgSMqxb3ZHMotuJj7Bfn1Exy4u/view?usp=drivesdk","drive.google.com","아니오","정상"
"電","이미지 1","https://drive.google.com/file/d/1YRNbATX52Qgr4OetwarDRM3JJ6dG1FzG/view?usp=drive_link","drive.google.com","아니오","정상"
"電","획순 이미지","https://drive.google.com/file/d/1PQm6qvZjSKzO1Lw2NbEAKLXzgzsJC9pG/view?usp=drivesdk","drive.google.com","아니오","정상"
"切","이미지 1","https://drive.google.com/file/d/1PIXdKbLCo5MQCNinpJS6wN7V7DmPvyy1/view?usp=drive_link","drive.google.com","아니오","정상"
"切","획순 이미지","https://drive.google.com/file/d/1q0TWZnYNj0k-vmwumpc-PUNwyaZRZ8jW/view?usp=drivesdk","drive.google.com","아니오","정상"
"店","이미지 1","https://drive.google.com/file/d/1YIA8n24nev4MH1MMrgmcoGVUgKpHmRCp/view?usp=drive_link","drive.google.com","아니오","정상"
"店","획순 이미지","https://drive.google.com/file/d/1MUy6myuopSNTqLR8x_H-HAvJHslQJ6m9/view?usp=drivesdk","drive.google.com","아니오","정상"
"点","이미지 1","https://drive.google.com/file/d/16xEyzC0jM2HVUXWuA-T5ccT9dNpoiva2/view?usp=drive_link","drive.google.com","아니오","정상"
"点","획순 이미지","https://drive.google.com/file/d/1xeUUS5uA97xU4TFkSkJhGDm9yYL9nah8/view?usp=drivesdk","drive.google.com","아니오","정상"
"弟","이미지 1","https://drive.google.com/file/d/1zhXrWgzr7YRdvhra6KYYw0WY7N9x1XLJ/view?usp=drive_link","drive.google.com","아니오","정상"
"弟","획순 이미지","https://drive.google.com/file/d/17zH5loPjVexsCrZuegbraR_5fIJ8JG_I/view?usp=drivesdk","drive.google.com","아니오","정상"
"鳥","이미지 1","https://drive.google.com/file/d/1sUT7egN1wmU25UtYeS3wA4vFc4b-_ynW/view?usp=drive_link","drive.google.com","아니오","정상"
"鳥","획순 이미지","https://drive.google.com/file/d/15cDcl2St8FGJGFX5PvuKrmg_0YmGmBp4/view?usp=drivesdk","drive.google.com","아니오","정상"
"組","이미지 1","https://drive.google.com/file/d/1XcnvRBpeKNS0HuiEFUIU9Zd30r2n0JWl/view?usp=drive_link","drive.google.com","아니오","정상"
"組","획순 이미지","https://drive.google.com/file/d/1urHKwbXA4O6jKWM2loej_4XVwIs7sh8t/view?usp=drivesdk","drive.google.com","아니오","정상"
"朝","이미지 1","https://drive.google.com/file/d/1kcLPygmEiGapM1ewSM9hQJ1kI_e9O0Lf/view?usp=drive_link","drive.google.com","아니오","정상"
"朝","획순 이미지","https://drive.google.com/file/d/1Fsa6EJ7uq3KC25yqvR8wdAMK15mWf20m/view?usp=drivesdk","drive.google.com","아니오","정상"
"走","이미지 1","https://drive.google.com/file/d/1arBjitMBMIbqWZ_BQuPGmSirajlX8PoS/view?usp=drive_link","drive.google.com","아니오","정상"
"走","획순 이미지","https://drive.google.com/file/d/1ryrBI45SLihOsMhuAu-aAO_jWtws2ffK/view?usp=drivesdk","drive.google.com","아니오","정상"
"昼","이미지 1","https://drive.google.com/file/d/1rna2S88TM7wDFSYu153NYnVoyfHV6-Yp/view?usp=drive_link","drive.google.com","아니오","정상"
"昼","획순 이미지","https://drive.google.com/file/d/1gMqn-m_0n6SY4-kx4hS5pxdqYVL4Qpt1/view?usp=drivesdk","drive.google.com","아니오","정상"
"週","이미지 1","https://drive.google.com/file/d/1NaPsdQMJVKV6D5i5RDxWRUSF3WPbjRKz/view?usp=drive_link","drive.google.com","아니오","정상"
"週","획순 이미지","https://drive.google.com/file/d/1cfx4iMu0x6_eT-xKLAy-uvrEpElDIIJy/view?usp=drivesdk","drive.google.com","아니오","정상"
"止","이미지 1","https://drive.google.com/file/d/1fazPj1NsA5IrPV31smn5W7XZBLKfuEfc/view?usp=drive_link","drive.google.com","아니오","정상"
"止","획순 이미지","https://drive.google.com/file/d/1VDlP347Vi7QmE7qkEDty7oKtGWsIZbqC/view?usp=drivesdk","drive.google.com","아니오","정상"
"地","이미지 1","https://drive.google.com/file/d/1b-c3v___5RIZ1J0QUoyF43uL9kdfGTey/view?usp=drive_link","drive.google.com","아니오","정상"
"地","획순 이미지","https://drive.google.com/file/d/1UiFkc23yWQNGXRIhd92PQcCijCmAMVdr/view?usp=drivesdk","drive.google.com","아니오","정상"
"池","이미지 1","https://drive.google.com/file/d/1J-Lvh1NFvHRW-_pNksMP2eJP4D6VcCej/view?usp=drive_link","drive.google.com","아니오","정상"
"池","획순 이미지","https://drive.google.com/file/d/1OCt_5Ei755OK9SLCktayYLcvC2PS-gym/view?usp=drivesdk","drive.google.com","아니오","정상"
"知","이미지 1","https://drive.google.com/file/d/1e8GtTze9q9ZGxmM-YopIYJwZFDk2KPnS/view?usp=drive_link","drive.google.com","아니오","정상"
"知","획순 이미지","https://drive.google.com/file/d/1dHIehdsoumWvve2FZWw9P0my6zdpO2Gz/view?usp=drivesdk","drive.google.com","아니오","정상"
"紙","이미지 1","https://drive.google.com/file/d/1qDJu0tGKf4wj0um0EgvWZGSCL0G_n4pE/view?usp=drive_link","drive.google.com","아니오","정상"
"紙","획순 이미지","https://drive.google.com/file/d/1Yq2pL95lmHWa6dH7RZp19BBuaDpYTgVN/view?usp=drivesdk","drive.google.com","아니오","정상"
"直","이미지 1","https://drive.google.com/file/d/1-5hxUMxTUZ9YsL59V6s7mozTLyLYPA3z/view?usp=drive_link","drive.google.com","아니오","정상"
"直","획순 이미지","https://drive.google.com/file/d/1SquQ8XI0bAaJiXJIMjQv82x-RHJk6S9f/view?usp=drivesdk","drive.google.com","아니오","정상"
"晴","이미지 1","https://drive.google.com/file/d/1hMW6bGA8M4D8TJp-OV6NF7GSgAD7hpLf/view?usp=drive_link","drive.google.com","아니오","정상"
"晴","획순 이미지","https://drive.google.com/file/d/16e2M0WT51MySr1aChy2A56BWnPAvejQW/view?usp=drivesdk","drive.google.com","아니오","정상"
"体","이미지 1","https://drive.google.com/file/d/1XSDyb1tNgUPGuhVLXuLTuy1mHKHmAhS7/view?usp=drive_link","drive.google.com","아니오","정상"
"体","획순 이미지","https://drive.google.com/file/d/1710_xMIaeO6jKeONOPlOEX5BG_IUyPYM/view?usp=drivesdk","drive.google.com","아니오","정상"
"秋","이미지 1","https://drive.google.com/file/d/1A6blwumD6wI-suSQ6jJTfp2WldjLeOrV/view?usp=drive_link","drive.google.com","아니오","정상"
"秋","획순 이미지","https://drive.google.com/file/d/1mlB3oFOI0tEDur56mDNS9MV41245EPw0/view?usp=drivesdk","drive.google.com","아니오","정상"
"春","이미지 1","https://drive.google.com/file/d/15CcrXqnUaUFdyJxRAXo-CqUWd2uS2WKv/view?usp=drive_link","drive.google.com","아니오","정상"
"春","획순 이미지","https://drive.google.com/file/d/120W68qeDjAV_VjdfsinHGjV-BSLewC59/view?usp=drivesdk","drive.google.com","아니오","정상"
"親","이미지 1","https://drive.google.com/file/d/1pDsh48kLDO5vBf8-j9gnrVr9uHQ9gRY_/view?usp=drive_link","drive.google.com","아니오","정상"
"親","획순 이미지","https://drive.google.com/file/d/1nk7S0gJTzBSJ3iESQ4FzjJkRGAzQA7tS/view?usp=drivesdk","drive.google.com","아니오","정상"
"太","이미지 1","https://drive.google.com/file/d/1VVvYkC7Wb87EQh9ysqmoqJDNowAw0x5G/view?usp=drive_link","drive.google.com","아니오","정상"
"太","획순 이미지","https://drive.google.com/file/d/1ZtQ50a8qGB-OHACzTiNyTDd17T6s4rcI/view?usp=drivesdk","drive.google.com","아니오","정상"
"通","이미지 1","https://drive.google.com/file/d/15T941OSc5s3ALKxThBQ8ETNWS7g4p0vg/view?usp=drive_link","drive.google.com","아니오","정상"
"通","획순 이미지","https://drive.google.com/file/d/1pXJ2TcqeTXb8Zq3mwaM7O8vFGfih19_H/view?usp=drivesdk","drive.google.com","아니오","정상"
"風","이미지 1","https://drive.google.com/file/d/1pK2Y5SUtM0niV9Q_ufCuOT1_ut9zdIvm/view?usp=drive_link","drive.google.com","아니오","정상"
"風","획순 이미지","https://drive.google.com/file/d/1iUTjuR2qwuQs7J4girslgeZcICGESiPd/view?usp=drivesdk","drive.google.com","아니오","정상"
"何","이미지 1","https://drive.google.com/file/d/1xrPvyQ5WNMrHJjIpg4pTcvPQ2fukJSHR/view?usp=drive_link","drive.google.com","아니오","정상"
"何","획순 이미지","https://drive.google.com/file/d/1RC6UujD7holdTUwLMu7DlbqnjrNmyWgV/view?usp=drivesdk","drive.google.com","아니오","정상"
"夏","이미지 1","https://drive.google.com/file/d/1v0f_W4od3Nk8p50IA9uDrwcrct8aQFmR/view?usp=drive_link","drive.google.com","아니오","정상"
"夏","획순 이미지","https://drive.google.com/file/d/1AhkEiF9GDvzwGXEZUcuMPNL-E9kO60Y8/view?usp=drivesdk","drive.google.com","아니오","정상"
"合","이미지 1","https://drive.google.com/file/d/1tc2qhd4q1yUvo5uXp5TctJqY7MpFxZ1Q/view?usp=drive_link","drive.google.com","아니오","정상"
"合","획순 이미지","https://drive.google.com/file/d/1tWjB00Q5rmav-Ng1hR24Nh4jwXHSk1g0/view?usp=drivesdk","drive.google.com","아니오","정상"
"海","이미지 1","https://drive.google.com/file/d/16rW7pJ2almK5Z-mUJiibSwRlwGLJGmNU/view?usp=drive_link","drive.google.com","아니오","정상"
"海","획순 이미지","https://drive.google.com/file/d/1MRobxiDFTJO6oQPrJ_eobLzCJk0qPWnK/view?usp=drivesdk","drive.google.com","아니오","정상"
"行","이미지 1","https://drive.google.com/file/d/1C3MLTkhWuYzZY6cLYBizl8QGm7TY9ktY/view?usp=drive_link","drive.google.com","아니오","정상"
"行","획순 이미지","https://drive.google.com/file/d/1IBZ_pcBFL0Fgc0vamIbk6_NMtSe2SYgH/view?usp=drivesdk","drive.google.com","아니오","정상"
"兄","이미지 1","https://drive.google.com/file/d/1eDSmXAXb-THankD-f3vpJRXbsNKyg54r/view?usp=drive_link","drive.google.com","아니오","정상"
"兄","획순 이미지","https://drive.google.com/file/d/1PEO0oKvY9RUPkMHzAC0j8YsVYO1wNcHB/view?usp=drivesdk","drive.google.com","아니오","정상"
"形","이미지 1","https://drive.google.com/file/d/1HsKxRPOz8weivAfZA072bzOQy9xH83gt/view?usp=drive_link","drive.google.com","아니오","정상"
"形","획순 이미지","https://drive.google.com/file/d/1dIfNgLOj8iwXgTDcD2hCY8QVfMUBWYeR/view?usp=drivesdk","drive.google.com","아니오","정상"
"戸","이미지 1","https://drive.google.com/file/d/178nvmAyMvSfNpYtz2HFsMTfsT_n6dQGI/view?usp=drive_link","drive.google.com","아니오","정상"
"戸","획순 이미지","https://drive.google.com/file/d/1EGMRdpx9cW3W4y3QXx-gMESc_pkzJit6/view?usp=drivesdk","drive.google.com","아니오","정상"
"画","이미지 1","https://drive.google.com/file/d/1KdOCaCOJarllEOXu_2hzw3QHiQoIMjlv/view?usp=drive_link","drive.google.com","아니오","정상"
"画","획순 이미지","https://drive.google.com/file/d/1uVRq4suubMVHRY1IYln8RKgTT0vM9Hzu/view?usp=drivesdk","drive.google.com","아니오","정상"
"話","이미지 1","https://drive.google.com/file/d/180tCMGMKoK4uKu8-BJ-jSdacqRTfeqCy/view?usp=drive_link","drive.google.com","아니오","정상"
"話","획순 이미지","https://drive.google.com/file/d/1WEbxxBoRLwp48FcjxiK14rHsS-I089G3/view?usp=drivesdk","drive.google.com","아니오","정상"
"丸","이미지 1","https://drive.google.com/file/d/1_0pbwHtZm6nc1deF2C9TxB5hc-hVKrE1/view?usp=drive_link","drive.google.com","아니오","정상"
"丸","획순 이미지","https://drive.google.com/file/d/1QWTDsVIJy6TdpzCnuUkS3BREFGjd7eY5/view?usp=drivesdk","drive.google.com","아니오","정상"
"活","이미지 1","https://drive.google.com/file/d/1GuIQL2N1tjT6K4BuykvcoDX4K1-j55Qv/view?usp=drive_link","drive.google.com","아니오","정상"
"活","획순 이미지","https://drive.google.com/file/d/1UT8VmQYZf4PsauDvHi4_QhmCb1S_1Kl8/view?usp=drivesdk","drive.google.com","아니오","정상"
"黄","이미지 1","https://drive.google.com/file/d/13HN34Y2OattexZxMQh8xT3g8uxnziOf0/view?usp=drive_link","drive.google.com","아니오","정상"
"黄","획순 이미지","https://drive.google.com/file/d/1VUxK3MOGZT4SGDiSImb1eONsMPktb_v5/view?usp=drivesdk","drive.google.com","아니오","정상"
"会","이미지 1","https://drive.google.com/file/d/1ejjiJlMLFAXGbpJ-IhNfmNUG978U6GJx/view?usp=drive_link","drive.google.com","아니오","정상"
"会","획순 이미지","https://drive.google.com/file/d/1X2yvrjx0FIxRqx0aL4skzC1P9PmVE2rl/view?usp=drivesdk","drive.google.com","아니오","정상"
"回","이미지 1","https://drive.google.com/file/d/126frWCF3iJlxCEKjoOQ4A_j8HdaxXcZI/view?usp=drive_link","drive.google.com","아니오","정상"
"回","획순 이미지","https://drive.google.com/file/d/1-w-FLSwC2TJOEXVx-Ib5YHNI1RrxdKxc/view?usp=drivesdk","drive.google.com","아니오","정상"
"絵","이미지 1","https://drive.google.com/file/d/1xXFfZNAil3TRmX41rT7bJ_8AQAnYPVBV/view?usp=drive_link","drive.google.com","아니오","정상"
"絵","획순 이미지","https://drive.google.com/file/d/1NiIolsFioCSz071-yj92BZ6ZzIVW52gD/view?usp=drivesdk","drive.google.com","아니오","정상"
"後","이미지 1","https://drive.google.com/file/d/1iGhqyB4cwsxoxnRiLT9VADOH9RfuaQFm/view?usp=drive_link","drive.google.com","아니오","정상"
"後","획순 이미지","https://drive.google.com/file/d/1-JzMAd_aDJehIgGw2ExsSuRNVQwkJwvg/view?usp=drivesdk","drive.google.com","아니오","정상"
"黒","이미지 1","https://drive.google.com/file/d/1wx9HVs0FRXOlJrgjy1fMy1xGxsqFmQyz/view?usp=drive_link","drive.google.com","아니오","정상"
"黒","획순 이미지","https://drive.google.com/file/d/1wmEw95lxzn6TTb-iJFmyL0deuISoMp7Y/view?usp=drivesdk","drive.google.com","아니오","정상"
"感","이미지 1","https://drive.google.com/file/d/1CElQVoeGZ6SvlCUhzVnbmCujFNfe3ONo/view?usp=drive_link","drive.google.com","아니오","정상"
"感","획순 이미지","https://drive.google.com/file/d/1s8NRPD0YqNz4oXxhNhHcJ6FrCxTdgMRt/view?usp=drivesdk","drive.google.com","아니오","정상"
"開","이미지 1","https://drive.google.com/file/d/1scuIYe6ktLwr27am1tgb1ODwcPc4y0j9/view?usp=drive_link","drive.google.com","아니오","정상"
"開","획순 이미지","https://drive.google.com/file/d/1gdZDHsGjToY_CO8I1kNaaOpc_Ngy5uZs/view?usp=drivesdk","drive.google.com","아니오","정상"
"客","이미지 1","https://drive.google.com/file/d/1GPI2Cur5IO5u33eajae-MX8Qaog8p4Jg/view?usp=drive_link","drive.google.com","아니오","정상"
"客","획순 이미지","https://drive.google.com/file/d/1D_YwNhizNf9u1bz7-N7nxmfxy8TZv6Oc/view?usp=drivesdk","drive.google.com","아니오","정상"
"去","이미지 1","https://drive.google.com/file/d/1DZm42p4ZqgTGSFGelaZX15PZt2umwXZr/view?usp=drive_link","drive.google.com","아니오","정상"
"去","획순 이미지","https://drive.google.com/file/d/1yie_HEAw1KXOLi1vVBrOs0G-eMhrKeZs/view?usp=drivesdk","drive.google.com","아니오","정상"
"決","이미지 1","https://drive.google.com/file/d/1EdrOyocnzW6YJOgtYbjQmfcAiSL6qE4l/view?usp=drive_link","drive.google.com","아니오","정상"
"決","획순 이미지","https://drive.google.com/file/d/1Pa2N8Ku5LwdHARanFeU5VGWVRrk27ruC/view?usp=drivesdk","drive.google.com","아니오","정상"
"軽","이미지 1","https://drive.google.com/file/d/1A75Sesj1jBNL6RBUpWOfIXzodmzF7gxY/view?usp=drive_link","drive.google.com","아니오","정상"
"軽","획순 이미지","https://drive.google.com/file/d/1jiA12G03LZCfkIyLus8QSn59QNBlUaHK/view?usp=drivesdk","drive.google.com","아니오","정상"
"界","이미지 1","https://drive.google.com/file/d/170tjKc4xlWGLMNcmDAStly713OxZhqLY/view?usp=drive_link","drive.google.com","아니오","정상"
"界","획순 이미지","https://drive.google.com/file/d/1QIxY8hU8DeAowIj9IeiBih6NI0pFIVJy/view?usp=drivesdk","drive.google.com","아니오","정상"
"係","이미지 1","https://drive.google.com/file/d/1ESM6BQnLqifIVjTtULbw_49oNcM4tQjV/view?usp=drive_link","drive.google.com","아니오","정상"
"係","획순 이미지","https://drive.google.com/file/d/12VzROEysGac1re-4T_9U0zWh3FcNerI3/view?usp=drivesdk","drive.google.com","아니오","정상"
"階","이미지 1","https://drive.google.com/file/d/15FqnG5cbOXrl260SpuPYymqOTQ1zAFB5/view?usp=drive_link","drive.google.com","아니오","정상"
"階","획순 이미지","https://drive.google.com/file/d/1xZZfl0wxUSZPpV8OpxSu0ZGruSnIuIb6/view?usp=drivesdk","drive.google.com","아니오","정상"
"苦","이미지 1","https://drive.google.com/file/d/1b5FVSUc6bVczHCnFLi-rhb6Ct80DKOsc/view?usp=drive_link","drive.google.com","아니오","정상"
"苦","획순 이미지","https://drive.google.com/file/d/1tVG0sxRUTyVaX7EVbzRJEi_XiNnx8KoT/view?usp=drivesdk","drive.google.com","아니오","정상"
"庫","이미지 1","https://drive.google.com/file/d/1iFTeJZYUUzGIFkDH1ctKKnKw6s8efifw/view?usp=drive_link","drive.google.com","아니오","정상"
"庫","획순 이미지","https://drive.google.com/file/d/1RGemFR96ItDF99KPP580vCRP2p8Jjf2y/view?usp=drivesdk","drive.google.com","아니오","정상"
"曲","이미지 1","https://drive.google.com/file/d/1ExtccfWghv17o49hPfz9g9aIHb6HDiXY/view?usp=share_link","drive.google.com","아니오","정상"
"曲","획순 이미지","https://drive.google.com/file/d/1gr-bQ9ANjJEI5FB9qE-6MpZHpCrEt-VV/view?usp=drivesdk","drive.google.com","아니오","정상"
"館","이미지 1","https://drive.google.com/file/d/1DmSsn9sHOGtXMivv4lUC09F1H5qZ4Sfd/view?usp=drive_link","drive.google.com","아니오","정상"
"館","획순 이미지","https://drive.google.com/file/d/1CPeyGTqq5QS6Ly4tNb7xI1pKBBKHUSQA/view?usp=drivesdk","drive.google.com","아니오","정상"
"橋","이미지 1","https://drive.google.com/file/d/1a9Tx_pOu5OUVN42EncNYsAmbwMFhncO4/view?usp=drive_link","drive.google.com","아니오","정상"
"橋","획순 이미지","https://drive.google.com/file/d/1wbVOCZDsKR9fahfCNBk4lXmOq3KDRtGH/view?usp=drivesdk","drive.google.com","아니오","정상"
"区","이미지 1","https://drive.google.com/file/d/1nwuTAiTLA-udRi4C95-lEos74nVsqgsX/view?usp=drive_link","drive.google.com","아니오","정상"
"区","획순 이미지","https://drive.google.com/file/d/1X0HP95rq1SCGDxPlOB8rPIJWjk63ju_H/view?usp=drivesdk","drive.google.com","아니오","정상"
"究","이미지 1","https://drive.google.com/file/d/1y-dvYPTav9dvjPNwYZd8vcNJAI_geA-Z/view?usp=drive_link","drive.google.com","아니오","정상"
"究","획순 이미지","https://drive.google.com/file/d/1ktt-awUnOS32t87OMdW4Jf2x0kV2wh6G/view?usp=drivesdk","drive.google.com","아니오","정상"
"具","이미지 1","https://drive.google.com/file/d/1MY9s-Ss8yEUpP7eoE1Q-WhyzAXyW9THf/view?usp=drive_linkhttps://drive.google.com/file/d/1MY9s-Ss8yEUpP7eoE1Q-WhyzAXyW9THf/view?usp=drive_link","drive.google.com","아니오","정상"
"具","획순 이미지","https://drive.google.com/file/d/1kGhLVsU-8Phr6qky0zb4zkBvae1W1LO7/view?usp=drivesdk","drive.google.com","아니오","정상"
"球","이미지 1","https://drive.google.com/file/d/1FpCM9SFH5D0wKDa3x6GT_1jzWVuZo33F/view?usp=drive_link","drive.google.com","아니오","정상"
"球","획순 이미지","https://drive.google.com/file/d/1fmUt8C5GPU6ihhpGxmnwcYcmRRkzxRCs/view?usp=drivesdk","drive.google.com","아니오","정상"
"局","이미지 1","https://drive.google.com/file/d/1Aq-k4WclGAuV9e_cth5eOS0uCpotp-dj/view?usp=drive_link","drive.google.com","아니오","정상"
"局","획순 이미지","https://drive.google.com/file/d/1cz5pqZWjAYgnkGHWRc4_4_l6Q3crdEME/view?usp=drivesdk","drive.google.com","아니오","정상"
"君","이미지 1","https://drive.google.com/file/d/1Wfk1kTFolBdB1C1VmhjhXCxBOyP1h2Qd/view?usp=drive_link","drive.google.com","아니오","정상"
"君","획순 이미지","https://drive.google.com/file/d/1SqLQZgJ57dV16Is_BE-wUo9ECGDfJVRB/view?usp=drivesdk","drive.google.com","아니오","정상"
"宮","이미지 1","https://drive.google.com/file/d/1sS_1x5VfpzeIgShLenLILjtO8U7U7RER/view?usp=drive_link","drive.google.com","아니오","정상"
"宮","획순 이미지","https://drive.google.com/file/d/1kC_h2YqUvS-sd9XKXeuhgV_93uXiHi4_/view?usp=drivesdk","drive.google.com","아니오","정상"
"根","이미지 1","https://drive.google.com/file/d/17vPMsyCb6SuLOHskC2woy9bxcqgFnD4g/view?usp=drive_link","drive.google.com","아니오","정상"
"根","획순 이미지","https://drive.google.com/file/d/1yUwunPm2iQSWVjmXqoH8qdh-lh4RDm_X/view?usp=drivesdk","drive.google.com","아니오","정상"
"急","이미지 1","https://drive.google.com/file/d/1TLdwV0_mx5KJEHUJzkRqNouN_jSbslO7/view?usp=drive_link","drive.google.com","아니오","정상"
"急","획순 이미지","https://drive.google.com/file/d/1-yqIHLN8VSrxO4iCvBguY6SH83AoNnR1/view?usp=drivesdk","drive.google.com","아니오","정상"
"級","이미지 1","https://drive.google.com/file/d/1HQhIN85tAXuqdEVRcYlO8amn9c3C68dw/view?usp=drive_link","drive.google.com","아니오","정상"
"級","획순 이미지","https://drive.google.com/file/d/1Q1Esg119O9FJTYqRCI5b9-6p97Skec90/view?usp=drivesdk","drive.google.com","아니오","정상"
"起","이미지 1","https://drive.google.com/file/d/1KmVkKTcVId8qcoEV3u13w5oe0iK6Fsde/view?usp=drive_link","drive.google.com","아니오","정상"
"起","획순 이미지","https://drive.google.com/file/d/1FjahEB6yF9hNdqUbX5mV6iBEVG05uuKz/view?usp=drivesdk","drive.google.com","아니오","정상"
"期","이미지 1","https://drive.google.com/file/d/1LqpRDwtBWtimp6yWGDeyZJX1oXTyZQR1/view?usp=drive_link","drive.google.com","아니오","정상"
"期","획순 이미지","https://drive.google.com/file/d/1maI2lvVrHLea0Fq_87v7LAqhXZg_Z1Hc/view?usp=drivesdk","drive.google.com","아니오","정상"
"農","이미지 1","https://drive.google.com/file/d/19dSyKZPkmJBt_uwt5KrnJyfxkdVn2Zau/view?usp=drive_link","drive.google.com","아니오","정상"
"農","획순 이미지","https://drive.google.com/file/d/1aGUIjOapX_WmFSvDil4oTCiVT5_gHmL0/view?usp=drivesdk","drive.google.com","아니오","정상"
"短","이미지 1","https://drive.google.com/file/d/1NF1B0FwgI_JsyPpjtXT-y8ElrJzR6Qxe/view?usp=drive_link","drive.google.com","아니오","정상"
"短","획순 이미지","https://drive.google.com/file/d/17WJHAuN6zSU41jfqSxIiRiZ8yUMobLF8/view?usp=drivesdk","drive.google.com","아니오","정상"
"談","이미지 1","https://drive.google.com/file/d/1D1hOZwlIwIBkunnSinMsgbLoJfjYpshq/view?usp=drive_link","drive.google.com","아니오","정상"
"談","획순 이미지","https://drive.google.com/file/d/15dyOUWQcjF7AHNpoNl5g0j5o0rG4nEux/view?usp=drivesdk","drive.google.com","아니오","정상"
"代","이미지 1","https://drive.google.com/file/d/1kdjvuuROLRrCK-g8gYntvgrk8PBVru6G/view?usp=drive_link","drive.google.com","아니오","정상"
"代","획순 이미지","https://drive.google.com/file/d/1qgGp7IydUqpAc9msoKLmCWkf7MVTmBIN/view?usp=drivesdk","drive.google.com","아니오","정상"
"対","이미지 1","https://drive.google.com/file/d/1V1DPwfPu9V0FruxGwOoqNv3UzKv5l-Ln/view?usp=drive_link","drive.google.com","아니오","정상"
"対","획순 이미지","https://drive.google.com/file/d/1XBvu6OeQ7pGwmYd29CYPAoyMYcYO-fsO/view?usp=drivesdk","drive.google.com","아니오","정상"
"待","이미지 1","https://drive.google.com/file/d/12JUy3Bhhw8D_IEALwNTwlGJzxt-czmOz/view?usp=drive_link","drive.google.com","아니오","정상"
"待","획순 이미지","https://drive.google.com/file/d/1PpY0u1etXFZ1NX4mwO3SBOTt2JIV4AjD/view?usp=drivesdk","drive.google.com","아니오","정상"
"度","이미지 1","https://drive.google.com/file/d/1kKxHR675QeY75C4GsWZpean9EEPYwa_B/view?usp=drive_link","drive.google.com","아니오","정상"
"度","획순 이미지","https://drive.google.com/file/d/13aDtVAZS2WrK_wrtrD6FJSw7CDNlSlz6/view?usp=drivesdk","drive.google.com","아니오","정상"
"島","이미지 1","https://drive.google.com/file/d/1dXpKtAhqZxI1ISBSlMBtnypUF2tKg729/view?usp=drive_link","drive.google.com","아니오","정상"
"島","획순 이미지","https://drive.google.com/file/d/1fMxFOlOJK1CwLbW5NWMg9o3P7q67uw_z/view?usp=drivesdk","drive.google.com","아니오","정상"
"都","이미지 1","https://drive.google.com/file/d/13n33xb_gJB2tnpX068k6ddbvAJ7X-x_R/view?usp=drive_link","drive.google.com","아니오","정상"
"都","획순 이미지","https://drive.google.com/file/d/1HuxD5KTQ8T3lEj4pu3NvuhlVICOuozVS/view?usp=drivesdk","drive.google.com","아니오","정상"
"動","이미지 1","https://drive.google.com/file/d/18LW1EY2P0IyzwDpGNakpXBqWGMvWC8sF/view?usp=drive_link","drive.google.com","아니오","정상"
"動","획순 이미지","https://drive.google.com/file/d/1DYpMURhnuQ_bueFaDmn7rTfHGLysL36B/view?usp=drivesdk","drive.google.com","아니오","정상"
"童","이미지 1","https://drive.google.com/file/d/1eMyNEFrMoaOk7YGF_pmPZb72LRavxfeV/view?usp=drive_link","drive.google.com","아니오","정상"
"童","획순 이미지","https://drive.google.com/file/d/1TQ2cI83V3Gk5Rkn6V4BG7Yc2pzLgcZpZ/view?usp=drivesdk","drive.google.com","아니오","정상"
"豆","이미지 1","https://drive.google.com/file/d/1NHv5R2wPzOi53aYSSibcpgJ8gQ_CUjK9/view?usp=drive_link","drive.google.com","아니오","정상"
"豆","획순 이미지","https://drive.google.com/file/d/1y6dB5Vw6sEXYjjFnRFTr-OGbMr8hRkH-/view?usp=drivesdk","drive.google.com","아니오","정상"
"登","이미지 1","https://drive.google.com/file/d/15svI3pL-Se3ckd-En1GJsBYiB7I3euwc/view?usp=drive_link","drive.google.com","아니오","정상"
"登","획순 이미지","https://drive.google.com/file/d/1wbqyJSpB75YXJ48rdNWQHSQzwdPXLosP/view?usp=drivesdk","drive.google.com","아니오","정상"
"等","이미지 1","https://drive.google.com/file/d/17jQ2W0kESUtz5IBG7n1vloyV31ahEqKV/view?usp=drive_link","drive.google.com","아니오","정상"
"等","획순 이미지","https://drive.google.com/file/d/1-7ljZvso57xmLfYjVMIz37dM9g-NZyuL/view?usp=drivesdk","drive.google.com","아니오","정상"
"落","이미지 1","https://drive.google.com/file/d/1BCyyrZKpKMD1uKoZJzB_-ZsA9IqSDnJx/view?usp=drive_link","drive.google.com","아니오","정상"
"落","획순 이미지","https://drive.google.com/file/d/1GA3OOxf2Khw3tkGikomCIhoPyXdMUWhX/view?usp=drivesdk","drive.google.com","아니오","정상"
"両","이미지 1","https://drive.google.com/file/d/1Owqz8Pg7W7u0XkmnabhSNN--MwnjM1YV/view?usp=drive_link","drive.google.com","아니오","정상"
"両","획순 이미지","https://drive.google.com/file/d/1nE3u5djVxQ66jzfm21D6anCVb0oGfu_6/view?usp=drivesdk","drive.google.com","아니오","정상"
"旅","이미지 1","https://drive.google.com/file/d/1Wpn_CvjFxAViJQM6mvHLotrpCOs_f78B/view?usp=drive_link","drive.google.com","아니오","정상"
"旅","획순 이미지","https://drive.google.com/file/d/1ZWTZly6Lpmigmiq8zU8BAGrmg7P3Sjjw/view?usp=drivesdk","drive.google.com","아니오","정상"
"練","이미지 1","https://drive.google.com/file/d/1BVVMeGpIDAA4FM8IgMGwsmavHC9yEKTp/view?usp=drive_link","drive.google.com","아니오","정상"
"練","획순 이미지","https://drive.google.com/file/d/1KmrL0ThddQMJjv_prdL02_sBy3rzOBHE/view?usp=drivesdk","drive.google.com","아니오","정상"
"列","이미지 1","https://drive.google.com/file/d/1ayh1P8m0RMxl2YyA7M7TMxqPKjl1XqXV/view?usp=drive_link","drive.google.com","아니오","정상"
"列","획순 이미지","https://drive.google.com/file/d/1g-p1AIrO3tCNQeGvnEgaaExHzaO8Z1R2/view?usp=drivesdk","drive.google.com","아니오","정상"
"礼","이미지 1","https://drive.google.com/file/d/1RD00H7PhBcPyYsPWZqVPV_GsntPq0qiI/view?usp=drive_link","drive.google.com","아니오","정상"
"礼","획순 이미지","https://drive.google.com/file/d/1dvXTyvpcHAUxeq8Lh9NTHCkJ9jJf5YSf/view?usp=drivesdk","drive.google.com","아니오","정상"
"路","이미지 1","https://drive.google.com/file/d/1BEcduX5pNtptXz9EsxzxeUIe61YDkRZY/view?usp=drive_link","drive.google.com","아니오","정상"
"路","획순 이미지","https://drive.google.com/file/d/1FWKSdbhPsaMAsVXwLesBi-rK_Kpf2gBD/view?usp=drivesdk","drive.google.com","아니오","정상"
"緑","이미지 1","https://drive.google.com/file/d/1bIVQ0kn-MrRdrcqPedo7ezN9vJAKZvLb/view?usp=drive_linkhttps://drive.google.com/file/d/1bIVQ0kn-MrRdrcqPedo7ezN9vJAKZvLb/view?usp=drive_link","drive.google.com","아니오","정상"
"緑","획순 이미지","https://drive.google.com/file/d/1EGWLyt7UtihmqPaZIatKnRpF5fKb7kSL/view?usp=drivesdk","drive.google.com","아니오","정상"
"流","이미지 1","https://drive.google.com/file/d/1Gu9ilcr6IpvMQr7qGPl2L1iY8qzZPKLp/view?usp=drive_link","drive.google.com","아니오","정상"
"流","획순 이미지","https://drive.google.com/file/d/1W1abOkgcWwqeluSRgcHsJ7oEJtZRfe6V/view?usp=drivesdk","drive.google.com","아니오","정상"
"面","이미지 1","https://drive.google.com/file/d/1DxpbUovUBVhiq89Q4E6SQLV6TyLxfdLE/view?usp=drive_link","drive.google.com","아니오","정상"
"面","획순 이미지","https://drive.google.com/file/d/1yKkR0bV2QJMnV7yeg8vqzjUpnXKj-gHp/view?usp=drivesdk","drive.google.com","아니오","정상"
"勉","이미지 1","https://drive.google.com/file/d/1zkDOuMMKVsOeWXBCQ3_KVFQSAU8GiuJD/view?usp=drive_link","drive.google.com","아니오","정상"
"勉","획순 이미지","https://drive.google.com/file/d/1oE1M90juTkA785UQ1lERv_2Buqpu8iHB/view?usp=drivesdk","drive.google.com","아니오","정상"
"皿","이미지 1","https://drive.google.com/file/d/1KlFPGyXlybOyhULqVmLe8UbnrBbJh0uu/view?usp=drive_link","drive.google.com","아니오","정상"
"皿","획순 이미지","https://drive.google.com/file/d/1V5Z6UOQaGXpE88S--gHJAOs2cBEY0jW1/view?usp=drivesdk","drive.google.com","아니오","정상"
"命","이미지 1","https://drive.google.com/file/d/1uDref9m7zQf45H7A_l5qzDRoB6eXUH0d/view?usp=drive_link","drive.google.com","아니오","정상"
"命","획순 이미지","https://drive.google.com/file/d/1Qq7FZre9DfC56letJjWwtffcWh3nbTj-/view?usp=drivesdk","drive.google.com","아니오","정상"
"問","이미지 1","https://drive.google.com/file/d/1Vy5IyGtiWis89niNEoFO1abQYXsszuhj/view?usp=drive_link","drive.google.com","아니오","정상"
"問","획순 이미지","https://drive.google.com/file/d/1O5l4hBrVniXJd8TmgS0TFucQUQDnwfle/view?usp=drivesdk","drive.google.com","아니오","정상"
"物","이미지 1","https://drive.google.com/file/d/1xRl39E_pbmRXO5pfl7dXvlt_IiZs_XXN/view?usp=drive_link","drive.google.com","아니오","정상"
"物","획순 이미지","https://drive.google.com/file/d/1wvMc6SWsNja5j2w1IVYH76OEQqLZzlWh/view?usp=drivesdk","drive.google.com","아니오","정상"
"味","이미지 1","https://drive.google.com/file/d/1IO2qZ2WWUJrH3IcS8KX6d94YQFV-WeJJ/view?usp=drive_link","drive.google.com","아니오","정상"
"味","획순 이미지","https://drive.google.com/file/d/1ht9L91SAQUHkR6TEAl3aybjUWyOXa7eA/view?usp=drivesdk","drive.google.com","아니오","정상"
"美","이미지 1","https://drive.google.com/file/d/14Es60eRxck3sS6cl6uMVFzB6XICVZGRg/view?usp=drive_link","drive.google.com","아니오","정상"
"美","획순 이미지","https://drive.google.com/file/d/1p4YGJrjV0X-Vuj6rjSCAAJHchSuIB9EQ/view?usp=drivesdk","drive.google.com","아니오","정상"
"反","이미지 1","https://drive.google.com/file/d/1LEYurL_GTlSMBjcWeGJBkbAKVVH-alDq/view?usp=drive_link","drive.google.com","아니오","정상"
"反","획순 이미지","https://drive.google.com/file/d/1-6F6cqEvAHx4H5JZfgXG8U7rD29oLrWJ/view?usp=drivesdk","drive.google.com","아니오","정상"
"返","이미지 1","https://drive.google.com/file/d/1xzzL6KWQps1FtKwNolYnr3q-XJ9csezH/view?usp=drive_link","drive.google.com","아니오","정상"
"返","획순 이미지","https://drive.google.com/file/d/16KmPWiDVs9Gjeni8HYt6De90i4WP_yDl/view?usp=drivesdk","drive.google.com","아니오","정상"
"発","이미지 1","https://drive.google.com/file/d/1PW8JaMKfyFMooJtSF_K0Sg7iBnHd0932/view?usp=drive_link","drive.google.com","아니오","정상"
"発","획순 이미지","https://drive.google.com/file/d/12XADVTftmZN3b8TBz5k5HDTGJoMCzxhH/view?usp=drivesdk","drive.google.com","아니오","정상"
"放","이미지 1","https://drive.google.com/file/d/1V3IKNpS13jtFFQPs9xQRJnFEBRW7Efe5/view?usp=drive_link","drive.google.com","아니오","정상"
"放","획순 이미지","https://drive.google.com/file/d/1cTaJC3QYSDvnsl-NU04sA984jh8lOpS6/view?usp=drivesdk","drive.google.com","아니오","정상"
"倍","이미지 1","https://drive.google.com/file/d/1Fp8frXDgNtML3imI9THEalX-ix_Iy3mW/view?usp=drive_link","drive.google.com","아니오","정상"
"倍","획순 이미지","https://drive.google.com/file/d/1hxT7Ck4h4X3d_juEQIxMaTrKyYeJTjTN/view?usp=drivesdk","drive.google.com","아니오","정상"
"配","이미지 1","https://drive.google.com/file/d/1zRmGhEMhTYYXCFXDiBJky3eZhaq6KzhV/view?usp=drive_link","drive.google.com","아니오","정상"
"配","획순 이미지","https://drive.google.com/file/d/12ry7OVCF-SMkAtRHB8QeOiru0yVdur0J/view?usp=drivesdk","drive.google.com","아니오","정상"
"病","이미지 1","https://drive.google.com/file/d/1sogf8TWu2i2hBslpkIzhMgA-v_n9WeXs/view?usp=drive_link","drive.google.com","아니오","정상"
"病","획순 이미지","https://drive.google.com/file/d/1TQrFg5YASk_GQ6I7dLiefQB41gh8X-Nh/view?usp=drivesdk","drive.google.com","아니오","정상"
"服","이미지 1","https://drive.google.com/file/d/1X8v7-a_zy8HQpvCczu3-KeIeffo_jCSr/view?usp=drive_link","drive.google.com","아니오","정상"
"服","획순 이미지","https://drive.google.com/file/d/1JRxhrs1-JXGDl3AyFrpX_SUlX5dPPvZ7/view?usp=drivesdk","drive.google.com","아니오","정상"
"福","이미지 1","https://drive.google.com/file/d/1V_WPXeoiNtZZKhxulFtGiLw_SEnQAPSA/view?usp=drive_link","drive.google.com","아니오","정상"
"福","획순 이미지","https://drive.google.com/file/d/1WsfYr4Zm6hc7abDEL4DqNGAgEKwOGSA-/view?usp=drivesdk","drive.google.com","아니오","정상"
"負","이미지 1","https://drive.google.com/file/d/1vYeYRl9dpCnEtcox9QT5iH7uDWk3PHpU/view?usp=drive_link","drive.google.com","아니오","정상"
"負","획순 이미지","https://drive.google.com/file/d/18fQ8zIVEHaBACL9jNUrupu4k2aWf6XmZ/view?usp=drivesdk","drive.google.com","아니오","정상"
"部","이미지 1","https://drive.google.com/file/d/1yOliS0y8IqPEezreV1haEiRoZgXSJyb9/view?usp=drive_link","drive.google.com","아니오","정상"
"部","획순 이미지","https://drive.google.com/file/d/1JB69PuKv5WbLkfjt8liZYd-eji2g89Bc/view?usp=drivesdk","drive.google.com","아니오","정상"
"悲","이미지 1","https://drive.google.com/file/d/118CySjhtyczKxd1BGfaca_ipIbW5euVG/view?usp=drive_link","drive.google.com","아니오","정상"
"悲","획순 이미지","https://drive.google.com/file/d/1ue9R7giCl-Gom1pb8gcQlAyROa-nvtzK/view?usp=drivesdk","drive.google.com","아니오","정상"
"鼻","이미지 1","https://drive.google.com/file/d/1JK2oFIPqaQQKBwHB85Fi7o05zWlhMcR-/view?usp=drive_link","drive.google.com","아니오","정상"
"鼻","획순 이미지","https://drive.google.com/file/d/1-VwbZQuM0EGNhin_VWIX8rO3xikg8uE0/view?usp=drivesdk","drive.google.com","아니오","정상"
"氷","이미지 1","https://drive.google.com/file/d/1WvRYiPCpmoutoeIJL5URj1YN6qqPRA8i/view?usp=drive_link","drive.google.com","아니오","정상"
"氷","획순 이미지","https://drive.google.com/file/d/1mwwM3oKYBDNyz6MbMTWIFsXiKM22O6-8/view?usp=drivesdk","drive.google.com","아니오","정상"
"写","이미지 1","https://drive.google.com/file/d/1TgTE04nxkjgCOWFVvZJ5dveEWMDLCSpk/view?usp=drive_link","drive.google.com","아니오","정상"
"写","획순 이미지","https://drive.google.com/file/d/17gwuNf8ZhUEFEvl-1RhrZcqkQPhIBMSg/view?usp=drivesdk","drive.google.com","아니오","정상"
"仕","이미지 1","https://drive.google.com/file/d/1MsJMcNmutBmBm2Gm3Mbhrgytn-Lw5FpE/view?usp=drive_link","drive.google.com","아니오","정상"
"仕","획순 이미지","https://drive.google.com/file/d/1gVXDSbZwllZVM0UFQStQkN3w182PRmoS/view?usp=drivesdk","drive.google.com","아니오","정상"
"死","이미지 1","https://drive.google.com/file/d/1oMQmoeaJ7AndIO-K08sosYvV4ckpY1yH/view?usp=drive_link","drive.google.com","아니오","정상"
"死","획순 이미지","https://drive.google.com/file/d/1LdDiIuhjTFWG71yTYnNFbsRLq9rVoale/view?usp=drivesdk","drive.google.com","아니오","정상"
"事","이미지 1","https://drive.google.com/file/d/1G2qViYMvv_gnWNQjYNd7d_dffkU-eB03/view?usp=drive_link","drive.google.com","아니오","정상"
"事","획순 이미지","https://drive.google.com/file/d/1VgdkeWMmxDPOPC9HMUlb9vqLz90uYtzn/view?usp=drivesdk","drive.google.com","아니오","정상"
"使","이미지 1","https://drive.google.com/file/d/1kDEGtOKKhCjEucmnXHYRUiiKQpVq4Wlp/view?usp=drive_link","drive.google.com","아니오","정상"
"使","획순 이미지","https://drive.google.com/file/d/1vkgp1sFxQyjg5Cx9pg9v-GoXanwdFwX1/view?usp=drivesdk","drive.google.com","아니오","정상"
"相","이미지 1","https://drive.google.com/file/d/1-qiJgbwoB1qxLkRcqoAy2nqmcr5E3hdY/view?usp=drive_link","drive.google.com","아니오","정상"
"相","획순 이미지","https://drive.google.com/file/d/1SxpP4_LlajgpTOomArqLEC_Jd6EeCFAD/view?usp=drivesdk","drive.google.com","아니오","정상"
"商","이미지 1","https://drive.google.com/file/d/14TEGhKn3BxfUmCxErdj5Unjv4fFKpzHq/view?usp=drive_link","drive.google.com","아니오","정상"
"商","획순 이미지","https://drive.google.com/file/d/1q6_pQcm4XiYmemSbZgATxJl8-V_sDw6k/view?usp=drivesdk","drive.google.com","아니오","정상"
"想","이미지 1","https://drive.google.com/file/d/1kGJI2IFFuASB6KXlBItmRnNsftysXx4a/view?usp=drive_link","drive.google.com","아니오","정상"
"想","획순 이미지","https://drive.google.com/file/d/1eIO9twVe5WjlI5l6C8mNF6UFl-OLvXWM/view?usp=drivesdk","drive.google.com","아니오","정상"
"箱","이미지 1","https://drive.google.com/file/d/1XdJkXU5dMwDE-D_yDHq7tGd34kaOEV1U/view?usp=drive_link","drive.google.com","아니오","정상"
"箱","획순 이미지","https://drive.google.com/file/d/1Mw8HVU9F3EK6UE4LIeNMFhD1I-WAsCe3/view?usp=drivesdk","drive.google.com","아니오","정상"
"暑","이미지 1","https://drive.google.com/file/d/1hVZ7ijIy2YL7VRIYu2PhojND5OyCIMpb/view?usp=drive_link","drive.google.com","아니오","정상"
"暑","획순 이미지","https://drive.google.com/file/d/1wXi3zurFlKaB1ZLofi1FACYXl5nHFMW3/view?usp=drivesdk","drive.google.com","아니오","정상"
"昔","이미지 1","https://drive.google.com/file/d/13Fw9GqRf8c8dEl-nS5fTyIBnaW45BDiu/view?usp=drive_link","drive.google.com","아니오","정상"
"昔","획순 이미지","https://drive.google.com/file/d/1DILhOIni1tZ2iTa5BlMufMpr_IGqlKRb/view?usp=drivesdk","drive.google.com","아니오","정상"
"世","이미지 1","https://drive.google.com/file/d/1ht8tyBpVul_jblWAhpMj2rSSkAyfqiyO/view?usp=drive_link","drive.google.com","아니오","정상"
"世","획순 이미지","https://drive.google.com/file/d/1Ia80z08IldSZ8M5uX2zuimTiaQaxQ7RS/view?usp=drivesdk","drive.google.com","아니오","정상"
"所","이미지 1","https://drive.google.com/file/d/1vL9WaFBs-_3lh4YNdNmqtsqV-WLcXI4n/view?usp=drive_link","drive.google.com","아니오","정상"
"所","획순 이미지","https://drive.google.com/file/d/1jH3xQzNVXpC3-J9YJKcBxVKzlpqxBgp9/view?usp=drivesdk","drive.google.com","아니오","정상"
"昭","이미지 1","https://drive.google.com/file/d/1QnOsK2_r-3WU4j9mmj4MMWPQhsgwpjTp/view?usp=drive_link","drive.google.com","아니오","정상"
"昭","획순 이미지","https://drive.google.com/file/d/1pG_h_RvjxWxBzxV3xTTYAgcZiilLKTEB/view?usp=drivesdk","drive.google.com","아니오","정상"
"消","이미지 1","https://drive.google.com/file/d/1pH8R_HUfdnTXSXHga70WZpuVisI309O3/view?usp=drive_link","drive.google.com","아니오","정상"
"消","획순 이미지","https://drive.google.com/file/d/1H6hmNa5Mmu1F7NODPkmeF_eQqB1oiTSH/view?usp=drivesdk","drive.google.com","아니오","정상"
"速","이미지 1","https://drive.google.com/file/d/1DifKL_peA6YGAUV0l2Kd7L_nBS1B9S_d/view?usp=drive_link","drive.google.com","아니오","정상"
"速","획순 이미지","https://drive.google.com/file/d/1lcZRdbJsStOhpDmDheJYk1wkNK9VVyCn/view?usp=drivesdk","drive.google.com","아니오","정상"
"送","이미지 1","https://drive.google.com/file/d/1gq0h2MCVyEqHFOv1O4Bg5Wuo0v6uLbKB/view?usp=drive_link","drive.google.com","아니오","정상"
"送","획순 이미지","https://drive.google.com/file/d/1WCO6b0zt_su_yU67noiiEMNatVdeQN2J/view?usp=drivesdk","drive.google.com","아니오","정상"
"守","이미지 1","https://drive.google.com/file/d/15G7aHSJSOtyCOsJkQ-MPTbxiGfOqk1K3/view?usp=drive_link","drive.google.com","아니오","정상"
"守","획순 이미지","https://drive.google.com/file/d/14fMPs8hK1LQQnmUxsgQrusanlnZR2FGg/view?usp=drivesdk","drive.google.com","아니오","정상"
"受","이미지 1","https://drive.google.com/file/d/157vf2Tv9jZtEIJY8U2SSm0vvM5WEwLCC/view?usp=drive_link","drive.google.com","아니오","정상"
"受","획순 이미지","https://drive.google.com/file/d/18rJs3dNZIo2yRa7RB5f7nqnFcxl3grkB/view?usp=drivesdk","drive.google.com","아니오","정상"
"宿","이미지 1","https://drive.google.com/file/d/1fRh_ZMdFxuxgKr5vpRPEP4LKI2xe_doE/view?usp=drive_link","drive.google.com","아니오","정상"
"宿","획순 이미지","https://drive.google.com/file/d/1NWoGBtWMDmap-CH2qphgtwkWBMRkMlMW/view?usp=drivesdk","drive.google.com","아니오","정상"
"拾","이미지 1","https://drive.google.com/file/d/1Z85IhQFICIG8Gx3jjWJ3-W0MIgo6LLfn/view?usp=drive_link","drive.google.com","아니오","정상"
"拾","획순 이미지","https://drive.google.com/file/d/1qfnFwOI74Ol5J2uwPulaLcxtPlVsz-sH/view?usp=drivesdk","drive.google.com","아니오","정상"
"習","이미지 1","https://drive.google.com/file/d/1H4bfb6zczvEPU_vIt3BciRq8kayk5nsg/view?usp=drive_link","drive.google.com","아니오","정상"
"習","획순 이미지","https://drive.google.com/file/d/1t6ABA9yJFjbYRQgaSJNHMGOjkM42UpA-/view?usp=drivesdk","drive.google.com","아니오","정상"
"乗","이미지 1","https://drive.google.com/file/d/1jgyvDSY8eoXYFou77Jspz_xaXC-aAegF/view?usp=drive_link","drive.google.com","아니오","정상"
"乗","획순 이미지","https://drive.google.com/file/d/1rBwVVTy_WHy_fDK4gyyJ0AthNf9wA0eR/view?usp=drivesdk","drive.google.com","아니오","정상"
"勝","이미지 1","https://drive.google.com/file/d/1dVDQc5nUVV-M3KueFWE8Oue0w1rIyqHd/view?usp=share_link","drive.google.com","아니오","정상"
"勝","획순 이미지","https://drive.google.com/file/d/1K3rD11XC4zaALcxMdsPenrmYIzKtQxA9/view?usp=drivesdk","drive.google.com","아니오","정상"
"始","이미지 1","https://drive.google.com/file/d/14hoDK7CzK8zwJew0e6HWICl69UqzMrdN/view?usp=drive_link","drive.google.com","아니오","정상"
"始","획순 이미지","https://drive.google.com/file/d/1KOpx_N2vJ7BJkIK6VIP4CfIBBti4hjYb/view?usp=drivesdk","drive.google.com","아니오","정상"
"詩","이미지 1","https://drive.google.com/file/d/1Ntqm85q8WHrCTN-mVjtffBBb7X1vqbot/view?usp=drive_link","drive.google.com","아니오","정상"
"詩","획순 이미지","https://drive.google.com/file/d/1Z1MhtfLzCqA-E4s01vYreNwXYxogifP7/view?usp=drivesdk","drive.google.com","아니오","정상"
"式","이미지 1","https://drive.google.com/file/d/13GB803kszB94yU-T2PLTFNjtFeviFDGJ/view?usp=drive_link","drive.google.com","아니오","정상"
"式","획순 이미지","https://drive.google.com/file/d/1nge4rYTs44CLTgQbg5zG3pnECadk5s51/view?usp=drivesdk","drive.google.com","아니오","정상"
"息","이미지 1","https://drive.google.com/file/d/1_vLZdq26mqxdWpHzeZ-05ROP_v8hLLK6/view?usp=drive_link","drive.google.com","아니오","정상"
"息","획순 이미지","https://drive.google.com/file/d/1qFGqX69hhKHmgFRSx8qLjuBlrZYhhzkL/view?usp=drivesdk","drive.google.com","아니오","정상"
"植","이미지 1","https://drive.google.com/file/d/1szGeOTo91Gcdv8qQQm4GpuTeVnDu12OZ/view?usp=drive_link","drive.google.com","아니오","정상"
"植","획순 이미지","https://drive.google.com/file/d/15etZ8bFMFGg3ofy81QUa67F650EO4bJG/view?usp=drivesdk","drive.google.com","아니오","정상"
"申","이미지 1","https://drive.google.com/file/d/1QOLyi3mWQ6oTe3-oSGdB7y5Yg1CZaAnB/view?usp=drive_link","drive.google.com","아니오","정상"
"申","획순 이미지","https://drive.google.com/file/d/1RR_B7u8SXu0iGYArEJ0QGfbzRWK3BgG3/view?usp=drivesdk","drive.google.com","아니오","정상"
"身","이미지 1","https://drive.google.com/file/d/11GcjvrZOcItyEDvsQZK9IcvzecF9sQCJ/view?usp=drive_link","drive.google.com","아니오","정상"
"身","획순 이미지","https://drive.google.com/file/d/1E3hzMBoZmIlATUL3TwDtGZ51qHLHz0ri/view?usp=drivesdk","drive.google.com","아니오","정상"
"神","이미지 1","https://drive.google.com/file/d/1QQov-EtgeiWLEjvmwhrNU_6KQjRBsZYm/view?usp=drive_link","drive.google.com","아니오","정상"
"神","획순 이미지","https://drive.google.com/file/d/1cyOqAiaQtRv75Qal0cpcEPR-qqnz1lea/view?usp=drivesdk","drive.google.com","아니오","정상"
"実","이미지 1","https://drive.google.com/file/d/1D51wysGcl9ZGmqSrDINBqluwfcmZo55S/view?usp=drive_link","drive.google.com","아니오","정상"
"実","획순 이미지","https://drive.google.com/file/d/1Is2f0cx1KJJYrCQST0q8LOKxInDdW91a/view?usp=drivesdk","drive.google.com","아니오","정상"
"深","이미지 1","https://drive.google.com/file/d/1OCvTygPXeq92ddMqg9cW9mMKdP3CLLtU/view?usp=drive_link","drive.google.com","아니오","정상"
"深","획순 이미지","https://drive.google.com/file/d/1ie1oTr1i1L1PiwV67Z7OjFNYH_lpkprR/view?usp=drivesdk","drive.google.com","아니오","정상"
"悪","이미지 1","https://drive.google.com/file/d/1kWMZl-CMcp-mqNJz-z4mg_NmzqWFhbqC/view?usp=drive_link","drive.google.com","아니오","정상"
"悪","획순 이미지","https://drive.google.com/file/d/1gugCBmjlDxuMpNxfsgzksl00z0CaY2p6/view?usp=drivesdk","drive.google.com","아니오","정상"
"安","이미지 1","https://drive.google.com/file/d/1ThXgfb-z0u-gMPtAgcKp_txUjynfr-eS/view?usp=drive_link","drive.google.com","아니오","정상"
"安","획순 이미지","https://drive.google.com/file/d/1RuVcti8MsO48xUs8p_L9uLKpDx82GI6O/view?usp=drivesdk","drive.google.com","아니오","정상"
"岸","이미지 1","https://drive.google.com/file/d/1UNFN6F3l9xipdh2gewb-WnAAqDMX7G60/view?usp=drive_link","drive.google.com","아니오","정상"
"岸","획순 이미지","https://drive.google.com/file/d/1XHa_mCONRogTmQ7AWRpSQ1fPFYiVfms5/view?usp=drivesdk","drive.google.com","아니오","정상"
"暗","이미지 1","https://drive.google.com/file/d/1-WiyJ8cfe3lIz5CsBSQ2r5vuee1GZ3wN/view?usp=drive_link","drive.google.com","아니오","정상"
"暗","획순 이미지","https://drive.google.com/file/d/1YWK3JdDqj-ng9DiYwFLDU5-8hXg9Co0f/view?usp=drivesdk","drive.google.com","아니오","정상"
"央","이미지 1","https://drive.google.com/file/d/1MmVsJszOMvnqqc35Pe-k9mWmoa9YAmj9/view?usp=drive_link","drive.google.com","아니오","정상"
"央","획순 이미지","https://drive.google.com/file/d/1TxQMMeE1SI3gNPKsyjk0ELxFnbhxRxTE/view?usp=drivesdk","drive.google.com","아니오","정상"
"薬","이미지 1","https://drive.google.com/file/d/1K_1k0FL1Gux8WVxfiKJRcBr4itr5qZqt/view?usp=drive_link","drive.google.com","아니오","정상"
"薬","획순 이미지","https://drive.google.com/file/d/1GzdZZg1ICmapxfXw2Lk739RCEgmytUze/view?usp=drivesdk","drive.google.com","아니오","정상"
"羊","이미지 1","https://drive.google.com/file/d/1I1FKaxHwS-de8G_06lOBJVkTJdyUZCCE/view?usp=drive_link","drive.google.com","아니오","정상"
"羊","획순 이미지","https://drive.google.com/file/d/1JhteL9MRyYp5eJbs6Q5RfC9Y83AX3zB8/view?usp=drivesdk","drive.google.com","아니오","정상"
"洋","이미지 1","https://drive.google.com/file/d/1YxiYSkdB2LV2BWmcyA-h2pAdwPCa81fK/view?usp=drive_link","drive.google.com","아니오","정상"
"洋","획순 이미지","https://drive.google.com/file/d/1Ql0eak2DSp3UwKNBRqdi_rPoYPkRHVQW/view?usp=drivesdk","drive.google.com","아니오","정상"
"陽","이미지 1","https://drive.google.com/file/d/1LVRqIQxV3i3UqAH1zjV-tdgPDY7ThUU_/view?usp=drive_link","drive.google.com","아니오","정상"
"陽","획순 이미지","https://drive.google.com/file/d/1iPm6BuEjCo3F6-irOzw5WW3UkuP3UjG1/view?usp=drivesdk","drive.google.com","아니오","정상"
"様","이미지 1","https://drive.google.com/file/d/1xMGDf0UJ_qdevuOpf8kH-29zgS_f0gn1/view?usp=drive_link","drive.google.com","아니오","정상"
"様","획순 이미지","https://drive.google.com/file/d/1RX9GLyW9rz9cV-Eah7kf8ntyGPWkH85m/view?usp=drivesdk","drive.google.com","아니오","정상"
"業","이미지 1","https://drive.google.com/file/d/1Cxf4KNNtKuAkqlVbUmUXYDRe3v2WcRcd/view?usp=drive_link","drive.google.com","아니오","정상"
"業","획순 이미지","https://drive.google.com/file/d/15fysC8fkpRBCMdGTVX6PetvjrENf17Ki/view?usp=drivesdk","drive.google.com","아니오","정상"
"役","이미지 1","https://drive.google.com/file/d/1UwdrbjMWdVvBT7hT8BkIudl9K7ncqGyL/view?usp=drive_link","drive.google.com","아니오","정상"
"役","획순 이미지","https://drive.google.com/file/d/1mQnZfeM_PstRBeLA65khz-Nvulm-z1mG/view?usp=drivesdk","drive.google.com","아니오","정상"
"駅","이미지 1","https://drive.google.com/file/d/1fWnd6HRLRjeoT7wvx2KId1Kil6Aw4QXY/view?usp=drive_link","drive.google.com","아니오","정상"
"駅","획순 이미지","https://drive.google.com/file/d/1NgLa3O7NCvhPgfvFj6RovbXwiERB_q-3/view?usp=drivesdk","drive.google.com","아니오","정상"
"研","이미지 1","https://drive.google.com/file/d/1BxA8A70zKaaRP0QFlN50A4VVSEQtxuWp/view?usp=drive_link","drive.google.com","아니오","정상"
"研","획순 이미지","https://drive.google.com/file/d/1KjM9U_zF9pjQiSD_ad-6WvmtH-WJvYMC/view?usp=drivesdk","drive.google.com","아니오","정상"
"葉","이미지 1","https://drive.google.com/file/d/1rndaj_ohTSfHNxq0ujZjUiyqPAAFh73L/view?usp=drive_link","drive.google.com","아니오","정상"
"葉","획순 이미지","https://drive.google.com/file/d/1wqqObmq-QquFpLj-ifdzc7iHXwjjKJnl/view?usp=drivesdk","drive.google.com","아니오","정상"
"泳","이미지 1","https://drive.google.com/file/d/1-cCK3zl4wjyxZ_EICvgJ-batEl7gJ7re/view?usp=drive_link","drive.google.com","아니오","정상"
"泳","획순 이미지","https://drive.google.com/file/d/1iZd6p0VwJlkmS1LBATOgAg83NCD8nyo2/view?usp=drivesdk","drive.google.com","아니오","정상"
"予","이미지 1","https://drive.google.com/file/d/11AXwbVVDGgN9jDkEnHvSpokbKmt3FA4Y/view?usp=drive_link","drive.google.com","아니오","정상"
"予","획순 이미지","https://drive.google.com/file/d/1iT2Vmq55sLZKtfNnrend9htwJ2s9mws0/view?usp=drivesdk","drive.google.com","아니오","정상"
"屋","이미지 1","https://drive.google.com/file/d/1VVh2CClgcDRY8Nh0XA5kf9iZcH72EvJ7/view?usp=drive_link","drive.google.com","아니오","정상"
"屋","획순 이미지","https://drive.google.com/file/d/1Fe_oD85Ufqo53qtyMdYn61_pKU3B1pj-/view?usp=drivesdk","drive.google.com","아니오","정상"
"温","이미지 1","https://drive.google.com/file/d/1w1aQf7J7ki1WLX0_F0_sbnBLWSzdKq3c/view?usp=drive_link","drive.google.com","아니오","정상"
"温","획순 이미지","https://drive.google.com/file/d/1mNX-8PZsXC6xezHBo82IyiB2AVToKzqL/view?usp=drivesdk","drive.google.com","아니오","정상"
"運","이미지 1","https://drive.google.com/file/d/1hwGb55Q722D8aaRoI7Dnnll0o4UZeVpT/view?usp=drive_link","drive.google.com","아니오","정상"
"運","획순 이미지","https://drive.google.com/file/d/16bK3WuP0K8csE6NvrpvqTfEcBTQqv9bO/view?usp=drivesdk","drive.google.com","아니오","정상"
"院","이미지 1","https://drive.google.com/file/d/1N5ldzzfCq-5bMRWyb3Lq0fCAzB_ekPHa/view?usp=drive_link","drive.google.com","아니오","정상"
"院","획순 이미지","https://drive.google.com/file/d/1BryOKVtLPv-bNzl65WL-PY3FHZ4uPV9d/view?usp=drivesdk","drive.google.com","아니오","정상"
"員","이미지 1","https://drive.google.com/file/d/1bZjA2KahgxC__8LALdqEYadU3c0aM5G-/view?usp=drive_link","drive.google.com","아니오","정상"
"員","획순 이미지","https://drive.google.com/file/d/19Hvzwbu-ACLX3VFg9mZG8XaD7fxh9eah/view?usp=drivesdk","drive.google.com","아니오","정상"
"委","이미지 1","https://drive.google.com/file/d/188ntRwRFTP5TmOhnvCRtGBOVyg2_rfpi/view?usp=drive_link","drive.google.com","아니오","정상"
"委","획순 이미지","https://drive.google.com/file/d/1RFNdAu26pmqcSr6BU8dn5nkhuqgx5-Vm/view?usp=drivesdk","drive.google.com","아니오","정상"
"由","이미지 1","https://drive.google.com/file/d/1y-nNBnkYIArU46WcU9K5XshLWvVLeQm9/view?usp=drive_link","drive.google.com","아니오","정상"
"由","획순 이미지","https://drive.google.com/file/d/1lnx5CY7-81QtbXSaDWGMIaQgSRaS7-G8/view?usp=drivesdk","drive.google.com","아니오","정상"
"有","이미지 1","https://drive.google.com/file/d/1th-j1XThKoHHZYUKzmeyw0in9msoYPsf/view?usp=drive_link","drive.google.com","아니오","정상"
"有","획순 이미지","https://drive.google.com/file/d/1lVREE7I_eEQL-ZkW4My4ksL7586HBIkR/view?usp=drivesdk","drive.google.com","아니오","정상"
"油","이미지 1","https://drive.google.com/file/d/13wYsF0sYl9K4PB44mcRabXKKLRq3UtDg/view?usp=drive_link","drive.google.com","아니오","정상"
"油","획순 이미지","https://drive.google.com/file/d/1Iei38WxpKQtVylfkKVY2cNgP6Gc193ds/view?usp=drivesdk","drive.google.com","아니오","정상"
"遊","이미지 1","https://drive.google.com/file/d/1JPSr3Gg8lZ2anOYWpC93uBQgs9WXQ97V/view?usp=drive_link","drive.google.com","아니오","정상"
"遊","획순 이미지","https://drive.google.com/file/d/1u7mC6ARAkjmVVehRLGVvWB8Gsxm9Xml9/view?usp=drivesdk","drive.google.com","아니오","정상"
"育","이미지 1","https://drive.google.com/file/d/1gMDBITz4clZit4zWGsJVcSLrTDHkQleg/view?usp=drive_link","drive.google.com","아니오","정상"
"育","획순 이미지","https://drive.google.com/file/d/1D1DICsgf7_I_wbd5-qAUM5MqaBZoyD4v/view?usp=drivesdk","drive.google.com","아니오","정상"
"銀","이미지 1","https://drive.google.com/file/d/1ZWx2Ea5tVMDheBQ4bYA6RTOxb9FEfgRH/view?usp=drive_link","drive.google.com","아니오","정상"
"銀","획순 이미지","https://drive.google.com/file/d/1UnuRLCqVKhtEAVyXF4DREYY1k8L8UBAh/view?usp=drivesdk","drive.google.com","아니오","정상"
"飲","이미지 1","https://drive.google.com/file/d/1gwCF6ysLVypAA-agd1ZZaZ2FtdFe7UHV/view?usp=drive_link","drive.google.com","아니오","정상"
"飲","획순 이미지","https://drive.google.com/file/d/1creRuo6rER09CFNMye8XQzCnunYVxONT/view?usp=drivesdk","drive.google.com","아니오","정상"
"医","이미지 1","https://drive.google.com/file/d/110cRTefEC0qECvl_99EZMzPuOt-TKmgH/view?usp=drive_link","drive.google.com","아니오","정상"
"医","획순 이미지","https://drive.google.com/file/d/18FV-UhiHi25ZK53AQuki1gLLpgAg0CSz/view?usp=drivesdk","drive.google.com","아니오","정상"
"意","이미지 1","https://drive.google.com/file/d/1pRnB2nDurLIflUDQVg81OaUHAqlhFRug/view?usp=drive_link","drive.google.com","아니오","정상"
"意","획순 이미지","https://drive.google.com/file/d/18pPVZ1goNGWWYrk3NFnzl7ZC-Wq5I4_o/view?usp=drivesdk","drive.google.com","아니오","정상"
"者","이미지 1","https://drive.google.com/file/d/1unVi-i0ehJWpGHQZ2vA2xNmMnqJmjagq/view?usp=drive_link","drive.google.com","아니오","정상"
"者","획순 이미지","https://drive.google.com/file/d/1Ja9mK_dDqrMJSiJ5Wngg7FU1h5xiBNMI/view?usp=drivesdk","drive.google.com","아니오","정상"
"章","이미지 1","https://drive.google.com/file/d/1xYcYV1gr9Q4aaM5lQYBvyeqBXmf46Di-/view?usp=drive_link","drive.google.com","아니오","정상"
"章","획순 이미지","https://drive.google.com/file/d/1_s3WU6-TTQqa_eXRe83hl86EbDG1C4lf/view?usp=drivesdk","drive.google.com","아니오","정상"
"帳","이미지 1","https://drive.google.com/file/d/13XwasSFdfNkylU51xAeBO3ji5iO3Xwhm/view?usp=drive_link","drive.google.com","아니오","정상"
"帳","획순 이미지","https://drive.google.com/file/d/1dajkWx3HfhcQAVqc9zxuV9UsIevEeW9j/view?usp=drivesdk","drive.google.com","아니오","정상"
"笛","이미지 1","https://drive.google.com/file/d/1g2rfvVTI773gqlSSy-MxTOmnHJkKzL2L/view?usp=drive_link","drive.google.com","아니오","정상"
"笛","획순 이미지","https://drive.google.com/file/d/1Di1TO0IKlOk-_lJb146csC_aIR_lyokS/view?usp=drivesdk","drive.google.com","아니오","정상"
"全","이미지 1","https://drive.google.com/file/d/1BnkBURJRVdxwzSKDhuhPbyoqifMAXF0K/view?usp=drive_link","drive.google.com","아니오","정상"
"全","획순 이미지","https://drive.google.com/file/d/1Af-nk5LJaFQK4hchCT3Iic8SMuhxLfQv/view?usp=drivesdk","drive.google.com","아니오","정상"
"畑","이미지 1","https://drive.google.com/file/d/1zMS4nZDjCeqZ05Yuy89fLvM84gmpOTUy/view?usp=drive_link","drive.google.com","아니오","정상"
"畑","획순 이미지","https://drive.google.com/file/d/1zYlXvf-qWNkTg0GkvmjS7mQsvMDHWVvP/view?usp=drivesdk","drive.google.com","아니오","정상"
"転","이미지 1","https://drive.google.com/file/d/1ZkvEpLy4zjtBfrnrJkJakuc9SrX9VZu3/view?usp=drive_link","drive.google.com","아니오","정상"
"転","획순 이미지","https://drive.google.com/file/d/1DxzFO5Pf5tWQCVqLhPjbmevknAx1VssP/view?usp=drivesdk","drive.google.com","아니오","정상"
"丁","이미지 1","https://drive.google.com/file/d/1cIHW3M5NRJKJlyA_IT_KVgvTZHNCuFIC/view?usp=drive_link","drive.google.com","아니오","정상"
"丁","획순 이미지","https://drive.google.com/file/d/12AXjs_mybpPO2OQOLD3qWwsH1P36XzML/view?usp=drivesdk","drive.google.com","아니오","정상"
"定","이미지 1","https://drive.google.com/file/d/11KRl8HZ30M-Rzs_KWuyIBn0slxLDHXh8/view?usp=drive_link","drive.google.com","아니오","정상"
"定","획순 이미지","https://drive.google.com/file/d/1letewOTi_Fc6Ac0LbKPvboyqSGbi6-0X/view?usp=drivesdk","drive.google.com","아니오","정상"
"庭","이미지 1","https://drive.google.com/file/d/1fm4vkGMkr14yoEXnUbUXdLJbieyKkoa_/view?usp=drive_link","drive.google.com","아니오","정상"
"庭","획순 이미지","https://drive.google.com/file/d/1Wzsb-cuAGnWKrUoGCBodm2hlKPIeUyno/view?usp=drivesdk","drive.google.com","아니오","정상"
"整","이미지 1","https://drive.google.com/file/d/1rup-Ah_jeoylpx1_ggIgEJK2E3v-iEpx/view?usp=drive_link","drive.google.com","아니오","정상"
"整","획순 이미지","https://drive.google.com/file/d/1pL4Bdbv5aEAdwsj_Q8nLVPFudKGN2Ti9/view?usp=drivesdk","drive.google.com","아니오","정상"
"第","이미지 1","https://drive.google.com/file/d/1xyBd3y5p6N2fQUb5ptyUdK0KCi_bMh7p/view?usp=drive_link","drive.google.com","아니오","정상"
"第","획순 이미지","https://drive.google.com/file/d/14R3Ct6sTNpHSFWkPbuEfwvmFEZOvkF-u/view?usp=drivesdk","drive.google.com","아니오","정상"
"祭","이미지 1","https://drive.google.com/file/d/1wpqD3nqbLbiKSpJIXT531f5_JkYnzeGo/view?usp=drive_link","drive.google.com","아니오","정상"
"祭","획순 이미지","https://drive.google.com/file/d/1AJ8vZC632B3RNEXTCB02RQgxzLSblOTi/view?usp=drivesdk","drive.google.com","아니오","정상"
"題","이미지 1","https://drive.google.com/file/d/1odq2VwHorchproKab_H6_-vGoC8FEYY1/view?usp=drive_link","drive.google.com","아니오","정상"
"題","획순 이미지","https://drive.google.com/file/d/1BwlitfYz9AxYvxKpO38-SHVj0lHCA_q6/view?usp=drivesdk","drive.google.com","아니오","정상"
"助","이미지 1","https://drive.google.com/file/d/1WlTuP3uWvDwb0FqCXEdwh1c4L6jFkL5M/view?usp=drive_link","drive.google.com","아니오","정상"
"助","획순 이미지","https://drive.google.com/file/d/1dlIwzoIc1iAHwmCTWEFeMPBNDM9Zw02F/view?usp=drivesdk","drive.google.com","아니오","정상"
"調","이미지 1","https://drive.google.com/file/d/18OpM3IZVIThW_jHoUTi1iR15rxgjtZM9/view?usp=drive_link","drive.google.com","아니오","정상"
"調","획순 이미지","https://drive.google.com/file/d/13NfhNms_rsUhL5RPKxd9fMh42NGlK2k1/view?usp=drivesdk","drive.google.com","아니오","정상"
"族","이미지 1","https://drive.google.com/file/d/1E1Bc9iA6jJHuXokvHLD54RT4_GgOLvV7/view?usp=drive_link","drive.google.com","아니오","정상"
"族","획순 이미지","https://drive.google.com/file/d/1hnJSD2VJOu09BhHkmn0wVsba31tdTXjR/view?usp=drivesdk","drive.google.com","아니오","정상"
"終","이미지 1","https://drive.google.com/file/d/19kDPdKLa0LX9OQTKAPUrk3ujU2FQ_2tZ/view?usp=drive_link","drive.google.com","아니오","정상"
"終","획순 이미지","https://drive.google.com/file/d/10Yz2ocTAoxqOV-8lLEb0ZAltxLlbXclX/view?usp=drivesdk","drive.google.com","아니오","정상"
"主","이미지 1","https://drive.google.com/file/d/1YSVmdCvWEoKz33YWaNYR0ey_Bso3aZMs/view?usp=drive_link","drive.google.com","아니오","정상"
"主","획순 이미지","https://drive.google.com/file/d/1689a8Ql5MvJZqWKb9jGnqkgHusvZbjxp/view?usp=drivesdk","drive.google.com","아니오","정상"
"州","이미지 1","https://drive.google.com/file/d/1Rac7VL1SKspVpjVnc5W6YULLCIXTOpzc/view?usp=drive_link","drive.google.com","아니오","정상"
"州","획순 이미지","https://drive.google.com/file/d/17MFxpm-dj16cnOYVFLpYV91M8318EoAp/view?usp=drivesdk","drive.google.com","아니오","정상"
"住","이미지 1","https://drive.google.com/file/d/1clQt6qwXpPnhmaGgmclqVdW_NyoglPFx/view?usp=drive_link","drive.google.com","아니오","정상"
"住","획순 이미지","https://drive.google.com/file/d/1I057A0v9gL4lxvTGNn5DyKTg16P41CJT/view?usp=drivesdk","drive.google.com","아니오","정상"
"注","이미지 1","https://drive.google.com/file/d/10hKBql2hTzaXk2uFvjX4t9FwM0qr8GZf/view?usp=drive_link","drive.google.com","아니오","정상"
"注","획순 이미지","https://drive.google.com/file/d/1D-WXOZUklHY2PrPizmtKGtKWu2K0CTNW/view?usp=drivesdk","drive.google.com","아니오","정상"
"柱","이미지 1","https://drive.google.com/file/d/1nXNGNehs8ztkyv8WcGVk9hPrRZEUutfF/view?usp=drive_link","drive.google.com","아니오","정상"
"柱","획순 이미지","https://drive.google.com/file/d/1H39uASFQj3fntCccLYoJol1OsARTVXqd/view?usp=drivesdk","drive.google.com","아니오","정상"
"酒","이미지 1","https://drive.google.com/file/d/1450knJ6WPJaPI0C_eTFxFUNd95L7SzQt/view?usp=drive_link","drive.google.com","아니오","정상"
"酒","획순 이미지","https://drive.google.com/file/d/1DwvnZ5pJ9-fggj9Gl6MbCZwT36MhaS0I/view?usp=drivesdk","drive.google.com","아니오","정상"
"重","이미지 1","https://drive.google.com/file/d/1AglzaIIvEF_-uWDDi10_1yZNGz6LBOgO/view?usp=drive_link","drive.google.com","아니오","정상"
"重","획순 이미지","https://drive.google.com/file/d/1rNbIvQXCoHaw0dPr6cjC4wu2-nAB2zSD/view?usp=drivesdk","drive.google.com","아니오","정상"
"指","이미지 1","https://drive.google.com/file/d/1cWgpE4tA3L2rBHz1i7R78ywwXMD5Nq2s/view?usp=drive_link","drive.google.com","아니오","정상"
"指","획순 이미지","https://drive.google.com/file/d/1jZXmT0obL6bvJ85vOkPgtzM5R34X7VQr/view?usp=drivesdk","drive.google.com","아니오","정상"
"持","이미지 1","https://drive.google.com/file/d/1htCAji9J_QsF7B4YKv8M2zTCqfMfVUCf/view?usp=drive_link","drive.google.com","아니오","정상"
"持","획순 이미지","https://drive.google.com/file/d/1Ga88T40In_F5dXzoWWxDPWyCNtCHi61l/view?usp=drivesdk","drive.google.com","아니오","정상"
"真","이미지 1","https://drive.google.com/file/d/1lcCEfrLZxHIwG4CJ0lU5S6tPr8yJ81-1/view?usp=drive_link","drive.google.com","아니오","정상"
"真","획순 이미지","https://drive.google.com/file/d/14C5aG4rvAL8enJx_omBWxUlC0XYjzkX9/view?usp=drivesdk","drive.google.com","아니오","정상"
"進","이미지 1","https://drive.google.com/file/d/1QxV_jx8XFg6D5wfJIU945Vi9CS5lV-CE/view?usp=drive_link","drive.google.com","아니오","정상"
"進","획순 이미지","https://drive.google.com/file/d/1broVZpxCaukRberntv6hR6k9pC3sfHR1/view?usp=drivesdk","drive.google.com","아니오","정상"
"集","이미지 1","https://drive.google.com/file/d/1pIVRYj2imJHK6_u0MPz9jDKARrY1WNrU/view?usp=drive_link","drive.google.com","아니오","정상"
"集","획순 이미지","https://drive.google.com/file/d/18ixve6Xah7werTRfQ1UHCNhhjwTivhei/view?usp=drivesdk","drive.google.com","아니오","정상"
"次","이미지 1","https://drive.google.com/file/d/1XUVrHIm-OlLZ53curhY8BeecYiy0UwkN/view?usp=drive_link","drive.google.com","아니오","정상"
"次","획순 이미지","https://drive.google.com/file/d/11Id7YaNGXLbWtfv0KHUakF3Pdj2Gr1OY/view?usp=drivesdk","drive.google.com","아니오","정상"
"着","이미지 1","https://drive.google.com/file/d/1ERWLhGSzmi-Lr_1mIalRA7eTHtppYr8r/view?usp=drive_link","drive.google.com","아니오","정상"
"着","획순 이미지","https://drive.google.com/file/d/1seP0iDuXEaoP_xRz8PE0yK7O-IvV3ANa/view?usp=drivesdk","drive.google.com","아니오","정상"
"鉄","이미지 1","https://drive.google.com/file/d/16OJWkiqwhTJDQC4tWd4YUhEX2I5cjKIQ/view?usp=drive_link","drive.google.com","아니오","정상"
"鉄","획순 이미지","https://drive.google.com/file/d/1zRxHZEqb4imNKuiK40bizuqWWX3Xe2Oe/view?usp=drivesdk","drive.google.com","아니오","정상"
"秒","이미지 1","https://drive.google.com/file/d/1MbBhTpcwVjT7MBi4XAIsC015X3IBilTj/view?usp=drive_link","drive.google.com","아니오","정상"
"秒","획순 이미지","https://drive.google.com/file/d/1TkNU-p8A4hndk6QsNGo-bmFvSDE76TNv/view?usp=drivesdk","drive.google.com","아니오","정상"
"追","이미지 1","https://drive.google.com/file/d/1cBh7d2xUVOIQK0jIXIAaCPrVPNqEqsDy/view?usp=drive_link","drive.google.com","아니오","정상"
"追","획순 이미지","https://drive.google.com/file/d/1urbqE4EXNKe-_vC0HH6N4hmKyQgZpKwR/view?usp=drivesdk","drive.google.com","아니오","정상"
"取","이미지 1","https://drive.google.com/file/d/1ZioKeuBcv2GQB9qBUCxi5DNcbMVh8rZb/view?usp=drive_link","drive.google.com","아니오","정상"
"取","획순 이미지","https://drive.google.com/file/d/16I5M9RS9UwWJtQejfysv1SS6N29end7V/view?usp=drivesdk","drive.google.com","아니오","정상"
"歯","이미지 1","https://drive.google.com/file/d/138snWfk7m1dEE8cvYA8YzGpSTF95tEUM/view?usp=drive_link","drive.google.com","아니오","정상"
"歯","획순 이미지","https://drive.google.com/file/d/11zaxehTpusvnYUtOlHpl7_ZDyXsTWD4Q/view?usp=drivesdk","drive.google.com","아니오","정상"
"他","이미지 1","https://drive.google.com/file/d/1mXYg-aTyNEBzAwpg2zVH2eammaPwcEcE/view?usp=drive_link","drive.google.com","아니오","정상"
"他","획순 이미지","https://drive.google.com/file/d/1KJYrLcVkbyI4JHKp2398-jW-zMHBdYtj/view?usp=drivesdk","drive.google.com","아니오","정상"
"打","이미지 1","https://drive.google.com/file/d/1vLhEGZ6iXUARWxyIiYNetQo5Izu0-4kf/view?usp=drive_link","drive.google.com","아니오","정상"
"打","획순 이미지","https://drive.google.com/file/d/1bTGyoTk5P99JacahM_Mv4R8ysti3L918/view?usp=drivesdk","drive.google.com","아니오","정상"
"炭","이미지 1","https://drive.google.com/file/d/1D975FneVFkcq-ovhsCMpaXtM6mGdIbgR/view?usp=drive_link","drive.google.com","아니오","정상"
"炭","획순 이미지","https://drive.google.com/file/d/1MD_o3cCXZb8yrperSJyXTQrA9Q66V1Om/view?usp=drivesdk","drive.google.com","아니오","정상"
"湯","이미지 1","https://drive.google.com/file/d/12fOvssMtH2_SbmOZMu6pePbOCIob7Xdz/view?usp=drive_link","drive.google.com","아니오","정상"
"湯","획순 이미지","https://drive.google.com/file/d/1vXSw_aikp2vFQGGHepgDrO77qxtMpoEd/view?usp=drivesdk","drive.google.com","아니오","정상"
"投","이미지 1","https://drive.google.com/file/d/1PRnJtdLqnC5PcaLo4m-BzxDqfEPG6LAj/view?usp=drive_link","drive.google.com","아니오","정상"
"投","획순 이미지","https://drive.google.com/file/d/1vp1P47IXWYEECqOHMDa-x6zxKd8BOr1t/view?usp=drivesdk","drive.google.com","아니오","정상"
"波","이미지 1","https://drive.google.com/file/d/1_6HFnfydZ1eppbYO4ypsTboTn2OAM2Qx/view?usp=drive_link","drive.google.com","아니오","정상"
"波","획순 이미지","https://drive.google.com/file/d/1pp2lvjtzqlErb2rJE_1lC_4xdWHKi7I1/view?usp=drivesdk","drive.google.com","아니오","정상"
"坂","이미지 1","https://drive.google.com/file/d/1UZppPTZpA4hAfD8bs8lcLDH7ytVUVg5u/view?usp=drive_link","drive.google.com","아니오","정상"
"坂","획순 이미지","https://drive.google.com/file/d/1Pkt5u-62twZE2gkYbW1AK7tjH6NBHefP/view?usp=drivesdk","drive.google.com","아니오","정상"
"板","이미지 1","https://drive.google.com/file/d/1xKnEACuhG4AYSFcxPA_1bvF28cCjjcOJ/view?usp=drive_link","drive.google.com","아니오","정상"
"板","획순 이미지","https://drive.google.com/file/d/1pt8C90sA5q7tFaXbRJwZ2FAWONFRqNNu/view?usp=drivesdk","drive.google.com","아니오","정상"
"平","이미지 1","https://drive.google.com/file/d/1jT_J5jwdCWxObAU5gxT-qxD63ldVaYas/view?usp=drive_link","drive.google.com","아니오","정상"
"平","획순 이미지","https://drive.google.com/file/d/1wpsWTPBNbPitbqyaltzZ0AMl1lDKm80j/view?usp=drivesdk","drive.google.com","아니오","정상"
"表","이미지 1","https://drive.google.com/file/d/1-K7wxI-GkelPujLvTyc-FvTqzyUNGLVz/view?usp=drive_link","drive.google.com","아니오","정상"
"表","획순 이미지","https://drive.google.com/file/d/1b2gly7gZgLdLmfRmLaxLR1aTp6BLaQpN/view?usp=drivesdk","drive.google.com","아니오","정상"
"品","이미지 1","https://drive.google.com/file/d/1GS098gtF_m0fNdEcYUt7fytMOMIkkriv/view?usp=drive_link","drive.google.com","아니오","정상"
"品","획순 이미지","https://drive.google.com/file/d/1RHr_MJpDzM6Az5CBXw2SzGq3hAO1IXjV/view?usp=drivesdk","drive.google.com","아니오","정상"
"皮","이미지 1","https://drive.google.com/file/d/1HQexlkZ6-Q7fi6NaKOQIVsWedzXBdZPa/view?usp=drive_link","drive.google.com","아니오","정상"
"皮","획순 이미지","https://drive.google.com/file/d/13I9pHz4Aq9TOaCQR5WSejIdFS4MVE68y/view?usp=drivesdk","drive.google.com","아니오","정상"
"筆","이미지 1","https://drive.google.com/file/d/1KVyMxDOWv_fUMfHTZ4MS42oJpieoDsVo/view?usp=drive_link","drive.google.com","아니오","정상"
"筆","획순 이미지","https://drive.google.com/file/d/1Z50JXFDdH_RcvSNKTD3DlPMuHE8Kt5YU/view?usp=drivesdk","drive.google.com","아니오","정상"
"荷","이미지 1","https://drive.google.com/file/d/16J62pGuq9Q9N6nsAvRu99MHxyKixOBv8/view?usp=drive_link","drive.google.com","아니오","정상"
"荷","획순 이미지","https://drive.google.com/file/d/1WrOUCor9fOKWRUHtQ1Wd1XniPXFe_U3y/view?usp=drivesdk","drive.google.com","아니오","정상"
"寒","이미지 1","https://drive.google.com/file/d/1jlJbOTGicXAUz1HOcfaXspPV__rbHIzj/view?usp=drive_link","drive.google.com","아니오","정상"
"寒","획순 이미지","https://drive.google.com/file/d/1rluCyiCu6ZFnWSFYJaiR6TOl3pM4X2LR/view?usp=drivesdk","drive.google.com","아니오","정상"
"漢","이미지 1","https://drive.google.com/file/d/1m5KbriJC58ymudVjGDMjdCB9Q6WsyP1T/view?usp=drive_link","drive.google.com","아니오","정상"
"漢","획순 이미지","https://drive.google.com/file/d/1js6-vCwG9PSPg-WlYJRGrAm0VKPZcpim/view?usp=drivesdk","drive.google.com","아니오","정상"
"港","이미지 1","https://drive.google.com/file/d/1f8D3Dtoo00mpvBVaga-KZ8BHSNNWQ1sB/view?usp=drive_link","drive.google.com","아니오","정상"
"港","획순 이미지","https://drive.google.com/file/d/1SKjWYR-_BF52nreUR6k7t1PvybQPb04j/view?usp=drivesdk","drive.google.com","아니오","정상"
"幸","이미지 1","https://drive.google.com/file/d/1YmL-KGuBhiv2gsLeR6lvf6QfOC-Gb0pO/view?usp=drive_link","drive.google.com","아니오","정상"
"幸","획순 이미지","https://drive.google.com/file/d/19MS-sLbzH2OharKvtwlnoIwFnMbMjXmF/view?usp=drivesdk","drive.google.com","아니오","정상"
"向","이미지 1","https://drive.google.com/file/d/1wYcViUJUQ8yN8cJspQh0fBINnvA4jJ1D/view?usp=drive_link","drive.google.com","아니오","정상"
"向","획순 이미지","https://drive.google.com/file/d/1lncEQfYvLH5HuU8SNmrN-IFC7uzFzbKE/view?usp=drivesdk","drive.google.com","아니오","정상"
"県","이미지 1","https://drive.google.com/file/d/1stcSWa1cR4Xjz_vS6FRN1itApvDtnvM_/view?usp=drive_link","drive.google.com","아니오","정상"
"県","획순 이미지","https://drive.google.com/file/d/1ARHVHhvZmLJBopmQSM-AFJDj68s9M9jW/view?usp=drivesdk","drive.google.com","아니오","정상"
"血","이미지 1","https://drive.google.com/file/d/1u7qJabcZz0zbCBN9i99mW81atS8S6qlQ/view?usp=drive_link","drive.google.com","아니오","정상"
"血","획순 이미지","https://drive.google.com/file/d/1gFrN51Ao8ZKsTM7J359S5LK9VCfDgv4g/view?usp=drivesdk","drive.google.com","아니오","정상"
"号","이미지 1","https://drive.google.com/file/d/1yJtIwUHZ6I7dICp7njeWGkgnL7WHTMw1/view?usp=drive_link","drive.google.com","아니오","정상"
"号","획순 이미지","https://drive.google.com/file/d/1Fyfed5Yssz-Os24xMNWdPilVXmr8R7oR/view?usp=drivesdk","drive.google.com","아니오","정상"
"湖","이미지 1","https://drive.google.com/file/d/1jCsT0o6BFi-23nm6U0zp1XyJ0Hyr2FA6/view?usp=drive_link","drive.google.com","아니오","정상"
"湖","획순 이미지","https://drive.google.com/file/d/1ssUKxaqgYzZQpzNqx7WMUFvX6i1zuWh0/view?usp=drivesdk","drive.google.com","아니오","정상"
"化","이미지 1","https://drive.google.com/file/d/1gmLLkzFQQjVl_2_aIp0sr5lkCGz_jLDD/view?usp=drive_link","drive.google.com","아니오","정상"
"化","획순 이미지","https://drive.google.com/file/d/1-Ky5vLFVnnUD5pj-UurWbWM87j1Q97wO/view?usp=drivesdk","drive.google.com","아니오","정상"
"和","이미지 1","https://drive.google.com/file/d/1jMnNuGqqGcTwth37QaVZ6eYBuUgNUf6G/view?usp=drive_link","drive.google.com","아니오","정상"
"和","획순 이미지","https://drive.google.com/file/d/1zphvhqhOWTU2FUL-As4ERiE7GRQ_T4AE/view?usp=drivesdk","drive.google.com","아니오","정상"
"横","이미지 1","https://drive.google.com/file/d/1JL_YxZg4XnZUh67BGlXOJTg5UX1RN-sc/view?usp=drive_link","drive.google.com","아니오","정상"
"横","획순 이미지","https://drive.google.com/file/d/1fWTkAbLrrsowToFJ17ghjPsoUH99V6Z3/view?usp=drivesdk","drive.google.com","아니오","정상"
"加","이미지 1","https://drive.google.com/file/d/1CmdQGF6kCniSxqoLI4BD2BNKCX2E2O1q/view?usp=drive_link","drive.google.com","아니오","정상"
"加","획순 이미지","https://drive.google.com/file/d/1eQ5DLbhGuf63sOWmjA6KYmwKK3L5OWBn/view?usp=drivesdk","drive.google.com","아니오","정상"
"街","이미지 1","https://drive.google.com/file/d/1lZGy60A4RKkHSR3WVhi4EKwOnYJJcRZA/view?usp=drive_link","drive.google.com","아니오","정상"
"街","획순 이미지","https://drive.google.com/file/d/1GtF8scWZE9tjqLnYtmEQvAkWFBM-r5RW/view?usp=drivesdk","drive.google.com","아니오","정상"
"各","이미지 1","https://drive.google.com/file/d/18b0xbn8d_F9uqrwbNhzFqu9dDOC0m-0J/view?usp=drive_link","drive.google.com","아니오","정상"
"各","획순 이미지","https://drive.google.com/file/d/16JPCG8XQQMC1DXUg_qi3fFf0peF6_031/view?usp=drivesdk","drive.google.com","아니오","정상"
"覚","이미지 1","https://drive.google.com/file/d/1b7m7G9PPCAWWYVBPBUaZllB4K9T1KOyD/view?usp=drive_link","drive.google.com","아니오","정상"
"覚","획순 이미지","https://drive.google.com/file/d/1ieN0RZOpqFmj6lNA5zk-4KrtN-AdvwGv/view?usp=drivesdk","drive.google.com","아니오","정상"
"康","이미지 1","https://drive.google.com/file/d/1SJ0tkZ06vt2V9nxOP6NiMuI56L4yL7zN/view?usp=drive_link","drive.google.com","아니오","정상"
"康","획순 이미지","https://drive.google.com/file/d/1u4ll2mp0F2r8j5RY8j60s61LdSUVrgk1/view?usp=drivesdk","drive.google.com","아니오","정상"
"岡","이미지 1","https://drive.google.com/file/d/1JY-i-DQS4wuxiwtb9ojr5uvtagkfHcEv/view?usp=drive_link","drive.google.com","아니오","정상"
"岡","획순 이미지","https://drive.google.com/file/d/1CSwRe83qKlIheY5y6yWde0qCE0WODSiT/view?usp=drivesdk","drive.google.com","아니오","정상"
"改","이미지 1","https://drive.google.com/file/d/1v9Ho_P9pCDXr9JHyh8-Dd8FI4CBbbTc0/view?usp=drive_link","drive.google.com","아니오","정상"
"改","획순 이미지","https://drive.google.com/file/d/1LwzI9-y2AL_Tg-KqDGRS0imyZsNXJDFz/view?usp=drivesdk","drive.google.com","아니오","정상"
"挙","이미지 1","https://drive.google.com/file/d/120TMCBvejY246yAHdOstFSuUNG8cSjxx/view?usp=drive_link","drive.google.com","아니오","정상"
"挙","획순 이미지","https://drive.google.com/file/d/1UEsm43MZUVLmbGtSs-I1svkr1vH4Fj0q/view?usp=drivesdk","drive.google.com","아니오","정상"
"建","이미지 1","https://drive.google.com/file/d/1ylDkXsLIQVv6m1DyMDV0UFPyuBLBKWTY/view?usp=drive_link","drive.google.com","아니오","정상"
"建","획순 이미지","https://drive.google.com/file/d/11GEbDvPAoasnMi0XSIbPg5QG3Abie1tI/view?usp=drivesdk","drive.google.com","아니오","정상"
"健","이미지 1","https://drive.google.com/file/d/1GVAR8HvW-6s7TbSS_l8N9zjNPX-TTqwZ/view?usp=drive_link","drive.google.com","아니오","정상"
"健","획순 이미지","https://drive.google.com/file/d/1OcOMDST2jZwHpu_xrT3My0wxi8uSqfE3/view?usp=drivesdk","drive.google.com","아니오","정상"
"欠","이미지 1","https://drive.google.com/file/d/1V7pQAMPZRcwu_3Ne3SoCzz_RYbn4UEYV/view?usp=drive_link","drive.google.com","아니오","정상"
"欠","획순 이미지","https://drive.google.com/file/d/1V-Jo-7rhuwvOaU9YMTUz1d4Xozvu0Omc/view?usp=drivesdk","drive.google.com","아니오","정상"
"結","이미지 1","https://drive.google.com/file/d/1CIeMVds18PxAm2407uDKe5UwHNwDt1V-/view?usp=drive_link","drive.google.com","아니오","정상"
"結","획순 이미지","https://drive.google.com/file/d/1UW9mQfyz9dg-CroTLyR5jb288PKLN61L/view?usp=drivesdk","drive.google.com","아니오","정상"
"径","이미지 1","https://drive.google.com/file/d/1HhHIB4qdsQUiyHHmvg9w-YnMyYvEhOla/view?usp=drive_link","drive.google.com","아니오","정상"
"径","획순 이미지","https://drive.google.com/file/d/1RrYyq8YaPICTIiUQWpTKOmV0VHIVfa0T/view?usp=drivesdk","drive.google.com","아니오","정상"
"景","이미지 1","https://drive.google.com/file/d/1QI2EIoW3FQo1DJkGimQvgD_FAQ1DmyTR/view?usp=drive_link","drive.google.com","아니오","정상"
"景","획순 이미지","https://drive.google.com/file/d/1ccXOFHq8mKmNzI33uQYMbIXcAQGJAKwC/view?usp=drivesdk","drive.google.com","아니오","정상"
"鏡","이미지 1","https://drive.google.com/file/d/1ho1qHTGcGFFV8Vu60ucYhX83Wq9tbmVI/view?usp=drive_link","drive.google.com","아니오","정상"
"鏡","획순 이미지","https://drive.google.com/file/d/1GLnV0XG6tEDKj7W_zjwniyPGOvRMPFDm/view?usp=drivesdk","drive.google.com","아니오","정상"
"競","이미지 1","https://drive.google.com/file/d/1H88iVEWWRSC926IGd9LpgQYWbnRwxc7C/view?usp=drive_link","drive.google.com","아니오","정상"
"競","획순 이미지","https://drive.google.com/file/d/1FdtXUtRovPNr3D5KLIVFuEbZvxb6MmbX/view?usp=drivesdk","drive.google.com","아니오","정상"
"季","이미지 1","https://drive.google.com/file/d/1KRQFkUh3B4VumcFBGCFdzIErXISAIyPe/view?usp=drive_link","drive.google.com","아니오","정상"
"季","획순 이미지","https://drive.google.com/file/d/1JZs7empnKQ6axw2reuSlwk47nxKh6vkn/view?usp=drivesdk","drive.google.com","아니오","정상"
"械","이미지 1","https://drive.google.com/file/d/14IWBn3UATejM506FugB6BLEai-8zRKzv/view?usp=drive_link","drive.google.com","아니오","정상"
"械","획순 이미지","https://drive.google.com/file/d/1keNEYGkgHKe-xAtygRXxZpccEHyrINei/view?usp=drivesdk","drive.google.com","아니오","정상"
"固","이미지 1","https://drive.google.com/file/d/17ULZeMvECOHM2d0DPutxbsUe5Y5f1e4T/view?usp=drive_link","drive.google.com","아니오","정상"
"固","획순 이미지","https://drive.google.com/file/d/1M90w7GJGnd0z__y8VCcULhdGzN43hNnK/view?usp=drivesdk","drive.google.com","아니오","정상"
"功","이미지 1","https://drive.google.com/file/d/1dPue9NlKy5qS0mocYwK4u-Bz2JKtGV1D/view?usp=drive_link","drive.google.com","아니오","정상"
"功","획순 이미지","https://drive.google.com/file/d/1FrtxZuL8RLLdylRzmWXIML_eEQlXk2HD/view?usp=drivesdk","drive.google.com","아니오","정상"
"共","이미지 1","https://drive.google.com/file/d/1wV_Q3CzaJXqiNExwJpyphXJ6ZKWCNN8D/view?usp=drive_link","drive.google.com","아니오","정상"
"共","획순 이미지","https://drive.google.com/file/d/1nxFkvTL1oRml77decEfV5QkL_kmZMmAv/view?usp=drivesdk","drive.google.com","아니오","정상"
"果","이미지 1","https://drive.google.com/file/d/1JLgRYnEH3oV_6uX9Ssm7Apvyoq12iCRu/view?usp=drive_link","drive.google.com","아니오","정상"
"果","획순 이미지","https://drive.google.com/file/d/1GV0cSyg2ltOMa5_iNYro6JNWDP8xLGfL/view?usp=drivesdk","drive.google.com","아니오","정상"
"課","이미지 1","https://drive.google.com/file/d/1qs7rlNi4mScvoKAVUCW_BxbOs-KdG9sA/view?usp=drive_link","drive.google.com","아니오","정상"
"課","획순 이미지","https://drive.google.com/file/d/10n9WXXGdCVAQjdJPTNhUeu0-JEBfbKkv/view?usp=drivesdk","drive.google.com","아니오","정상"
"官","이미지 1","https://drive.google.com/file/d/12kvgxzYB7HuDBgv_5p3BfZJqi55raa_b/view?usp=drive_link","drive.google.com","아니오","정상"
"官","획순 이미지","https://drive.google.com/file/d/1hNWhMiBEH44IJlPK8xCB-mdu5xnSDhCq/view?usp=drivesdk","drive.google.com","아니오","정상"
"関","이미지 1","https://drive.google.com/file/d/1cALDMb7M87TM0ZfZ4NTdNkXPGZkFajT4/view?usp=drive_link","drive.google.com","아니오","정상"
"関","획순 이미지","https://drive.google.com/file/d/1yUvtgu68Aj6kDCQkPozt7VDoYmbzLKEU/view?usp=drivesdk","drive.google.com","아니오","정상"
"管","이미지 1","https://drive.google.com/file/d/1YkPIRp4aXZzALJkDRBwOwulLrtbDD2tW/view?usp=drive_link","drive.google.com","아니오","정상"
"管","획순 이미지","https://drive.google.com/file/d/1zRFrWjq-TVHjf3XgP9EmQxzKertRg1bB/view?usp=drivesdk","drive.google.com","아니오","정상"
"観","이미지 1","https://drive.google.com/file/d/1TMXhJZ2o9SlvQqbIpT9drXvuKDX1mpQv/view?usp=drive_link","drive.google.com","아니오","정상"
"観","획순 이미지","https://drive.google.com/file/d/1disVJxqI5Lvk4bxxw-yOyb4LnT6vgKRm/view?usp=drivesdk","drive.google.com","아니오","정상"
"求","이미지 1","https://drive.google.com/file/d/10fr4GrGZl6DrGBPcKOXoq2mdUqqFoYdy/view?usp=drive_link","drive.google.com","아니오","정상"
"求","획순 이미지","https://drive.google.com/file/d/1YH8JzcE0JJBfDNGWaYR5z60JMVEIsyR8/view?usp=drivesdk","drive.google.com","아니오","정상"
"軍","이미지 1","https://drive.google.com/file/d/1gyjs4tk8zRiG94pcLMclAsywIhDkL6Wr/view?usp=drive_link","drive.google.com","아니오","정상"
"軍","획순 이미지","https://drive.google.com/file/d/1m8ZU9uC0hsXRERYsYHwtyFhU5oZPyhQz/view?usp=drivesdk","drive.google.com","아니오","정상"
"郡","이미지 1","https://drive.google.com/file/d/13FHyvEq2ijSpYKx_Vl7HrrbmO1YwvJXB/view?usp=drive_link","drive.google.com","아니오","정상"
"郡","획순 이미지","https://drive.google.com/file/d/1hiDdnG4GfDrb35JriYgJmGjsPilu0Cd4/view?usp=drivesdk","drive.google.com","아니오","정상"
"群","이미지 1","https://drive.google.com/file/d/1uuv7D4wh46RKTfJMOQsdNZfsJgINdowG/view?usp=drive_link","drive.google.com","아니오","정상"
"群","획순 이미지","https://drive.google.com/file/d/1tMHs1P7ABfIBwtogWAD3jD-1E0aSZPMC/view?usp=drivesdk","drive.google.com","아니오","정상"
"極","이미지 1","https://drive.google.com/file/d/18J_rE1pd1RR49vfb8Wl_JqvoATPKD1vO/view?usp=drive_link","drive.google.com","아니오","정상"
"極","획순 이미지","https://drive.google.com/file/d/1dKzvIODYDE555s4KOgnMxH_ivdooRWlv/view?usp=drivesdk","drive.google.com","아니오","정상"
"給","이미지 1","https://drive.google.com/file/d/1PXyKzabs2EwFgQ2ybrA50S-Cf0sO-LmT/view?usp=drive_link","drive.google.com","아니오","정상"
"給","획순 이미지","https://drive.google.com/file/d/1MAVtNN0-1QdAScTYcqQ8dU8EN_cWt5c9/view?usp=drivesdk","drive.google.com","아니오","정상"
"旗","이미지 1","https://drive.google.com/file/d/1xS25KR9X5XnofskkinvVp_NJcXwoO0PR/view?usp=sharing","drive.google.com","아니오","정상"
"旗","획순 이미지","https://drive.google.com/file/d/1wzqHY0RRllGnhi0sEXhOnankLGz1mnSZ/view?usp=drivesdk","drive.google.com","아니오","정상"
"器","이미지 1","https://drive.google.com/file/d/1D3PLMscCx9DCg_JKtF5euqbN6bw44Vgx/view?usp=drive_link","drive.google.com","아니오","정상"
"器","획순 이미지","https://drive.google.com/file/d/1H9WvAc9RHdGb9RQArmgmOV33IFaX4vdb/view?usp=drivesdk","drive.google.com","아니오","정상"
"機","이미지 1","https://drive.google.com/file/d/1ElALn0SDlo2NNE05O8WdYuZ0985jdxOO/view?usp=drive_link","drive.google.com","아니오","정상"
"機","획순 이미지","https://drive.google.com/file/d/1aMXHoE_lT_wBcOgfDF1CMCH1jEGFxz0E/view?usp=drivesdk","drive.google.com","아니오","정상"
"岐","이미지 1","https://drive.google.com/file/d/1dMHNfKS7s0bLHE32Or90TxJAO3JlVgYO/view?usp=drive_link","drive.google.com","아니오","정상"
"岐","획순 이미지","https://drive.google.com/file/d/1k_T6qZ7aTQSau3Ou29Ic-PL5aJE3Mmuv/view?usp=drivesdk","drive.google.com","아니오","정상"
"崎","이미지 1","https://drive.google.com/file/d/1VMU6_52uBl23N9bQ9zy2h7edmABosp8C/view?usp=drive_link","drive.google.com","아니오","정상"
"崎","획순 이미지","https://drive.google.com/file/d/1i7j-PdMyqwUYi1OjyrjWZvsqCOeB2w6l/view?usp=drivesdk","drive.google.com","아니오","정상"
"埼","이미지 1","https://drive.google.com/file/d/17yGX4ikhLsOUkBeIMwl-GN5PJbCKcPps/view?usp=drive_link","drive.google.com","아니오","정상"
"埼","획순 이미지","https://drive.google.com/file/d/16PQHp1r8l3ICq3B-OnKZx9Lhz9dW06nb/view?usp=drivesdk","drive.google.com","아니오","정상"
"奈","이미지 1","https://drive.google.com/file/d/1Pq012k3rmzEeTLAsrTh3LjVF7CORCnjm/view?usp=drive_link","drive.google.com","아니오","정상"
"奈","획순 이미지","https://drive.google.com/file/d/1zKcTlb037Ur3qC2QTKY7ESA9smzTZbSC/view?usp=drivesdk","drive.google.com","아니오","정상"
"念","이미지 1","https://drive.google.com/file/d/1od1VdTl6FOECSd1SLKMhR4eA-bm0naV-/view?usp=drive_link","drive.google.com","아니오","정상"
"念","획순 이미지","https://drive.google.com/file/d/11bhEdTGJqotq95zgHLd5MAO2gwpI_oLY/view?usp=drivesdk","drive.google.com","아니오","정상"
"努","이미지 1","https://drive.google.com/file/d/1TRL_QANAHb73_7y7prbpq1_bTJWdIQkt/view?usp=drive_link","drive.google.com","아니오","정상"
"努","획순 이미지","https://drive.google.com/file/d/1iXgBA9HfiwkhSstrr_49tnAGMzAgT0F6/view?usp=drivesdk","drive.google.com","아니오","정상"
"単","이미지 1","https://drive.google.com/file/d/1VqJLJe98C5M_CKGqvwxsFYYR2Bg2sB6U/view?usp=drive_link","drive.google.com","아니오","정상"
"単","획순 이미지","https://drive.google.com/file/d/1kTtOpfXZOJI11QqAU86rQFXdASbGmI0f/view?usp=drivesdk","drive.google.com","아니오","정상"
"達","이미지 1","https://drive.google.com/file/d/1jb416jW6VJCn_VPwjlKMAzKgi7hzaoE0/view?usp=drive_link","drive.google.com","아니오","정상"
"達","획순 이미지","https://drive.google.com/file/d/1VYRlhj1nSessxWDODka3LqBPcoaOn_vt/view?usp=drivesdk","drive.google.com","아니오","정상"
"帯","이미지 1","https://drive.google.com/file/d/1eznpgg6l1uyZObWCSL5j6kKv6y88OOmX/view?usp=drive_link","drive.google.com","아니오","정상"
"帯","획순 이미지","https://drive.google.com/file/d/1Gy39ZSbpX5fiuXA9F3paoMviq_e95JwS/view?usp=drivesdk","drive.google.com","아니오","정상"
"隊","이미지 1","https://drive.google.com/file/d/1cltDEOYslMcs5SqVx7F1RAATB0sppESg/view?usp=drive_link","drive.google.com","아니오","정상"
"隊","획순 이미지","https://drive.google.com/file/d/1oYGEXU9XZGNbzJf-TSvX2W2sEMYJ0tBv/view?usp=drivesdk","drive.google.com","아니오","정상"
"徳","이미지 1","https://drive.google.com/file/d/11URdeYUYL5TnIuD66bA2S8ImQWX1KLjZ/view?usp=drive_link","drive.google.com","아니오","정상"
"徳","획순 이미지","https://drive.google.com/file/d/1J4T8DZCadny0DxSkRmwdvMBpy1ZJ8iMj/view?usp=drivesdk","drive.google.com","아니오","정상"
"徒","이미지 1","https://drive.google.com/file/d/1TjHjhzCrF7aCDnpv29zQY8xRBev2xV2G/view?usp=drive_link","drive.google.com","아니오","정상"
"徒","획순 이미지","https://drive.google.com/file/d/13U9tzaGOYY7XLX-iRZdNmDO_L86wH0hu/view?usp=drivesdk","drive.google.com","아니오","정상"
"働","이미지 1","https://drive.google.com/file/d/1Xh1BlMK9AoZBMrRGmaS8xFo0bpEDweGE/view?usp=drive_link","drive.google.com","아니오","정상"
"働","획순 이미지","https://drive.google.com/file/d/1RfWt2NGkTqmgEww3XAsMjDdwEdFs-x1m/view?usp=drivesdk","drive.google.com","아니오","정상"
"灯","이미지 1","https://drive.google.com/file/d/1bW-JAuyXltLAyIRvCAebZsVhz8eTqOHD/view?usp=drive_link","drive.google.com","아니오","정상"
"灯","획순 이미지","https://drive.google.com/file/d/13cBrctp1uvT320pHUwtfcQqytl9qW7mp/view?usp=drivesdk","drive.google.com","아니오","정상"
"冷","이미지 1","https://drive.google.com/file/d/1wrUpmV3GVjHFw1y2RZ0nsyHRulEPLsix/view?usp=drive_link","drive.google.com","아니오","정상"
"冷","획순 이미지","https://drive.google.com/file/d/1pIKawxDZ8-remM4VnxMPRz7GlFJqvTTJ/view?usp=drivesdk","drive.google.com","아니오","정상"
"良","이미지 1","https://drive.google.com/file/d/1kONlW2GXeXlFh9lTCv09LMFvxmpCGWsE/view?usp=drive_link","drive.google.com","아니오","정상"
"良","획순 이미지","https://drive.google.com/file/d/1wtrmdwFXuVUrPh-IlHEDrggw-nLCQKLm/view?usp=drivesdk","drive.google.com","아니오","정상"
"量","이미지 1","https://drive.google.com/file/d/1nDFgXCnjAEhRKMZwaN7Y2aZRrn67pecV/view?usp=drive_link","drive.google.com","아니오","정상"
"量","획순 이미지","https://drive.google.com/file/d/1Trr-T9kqdjGt_U-eO703xP2S0QKi71IC/view?usp=drivesdk","drive.google.com","아니오","정상"
"連","이미지 1","https://drive.google.com/file/d/1wDujjKba7VL7eUMjboHlurSotAAteOY3/view?usp=drive_link","drive.google.com","아니오","정상"
"連","획순 이미지","https://drive.google.com/file/d/1xHNdCnQyU4kfbkr9noF59ES7iYqWLudY/view?usp=drivesdk","drive.google.com","아니오","정상"
"令","이미지 1","https://drive.google.com/file/d/1-tnF-m3BAdFFSukTRb8YpyOW9Rebc5Xx/view?usp=drive_link","drive.google.com","아니오","정상"
"令","획순 이미지","https://drive.google.com/file/d/1jkgjN4qOIAZMjAdKs1x-KkrVZv0_b8Uy/view?usp=drivesdk","drive.google.com","아니오","정상"
"例","이미지 1","https://drive.google.com/file/d/14dkiOS-6qvHLCnMRFARcTSbtAAEgL1Xf/view?usp=drive_link","drive.google.com","아니오","정상"
"例","획순 이미지","https://drive.google.com/file/d/1VnISjs4EOjG0zY-wOlHA0SbG0OCp_B5W/view?usp=drivesdk","drive.google.com","아니오","정상"
"老","이미지 1","https://drive.google.com/file/d/1FhkFLgLIT1M8DIXmwMhuHwDqNH_k7ATe/view?usp=drive_link","drive.google.com","아니오","정상"
"老","획순 이미지","https://drive.google.com/file/d/186RKPJ7tiF0B5vMPZAK26CVnnYjlOeKf/view?usp=drivesdk","drive.google.com","아니오","정상"
"労","이미지 1","https://drive.google.com/file/d/11dyrNhIhPu4y_JdATM_0frV4pALNkdid/view?usp=drive_link","drive.google.com","아니오","정상"
"労","획순 이미지","https://drive.google.com/file/d/1gQA2eo9NIT9CuHeQg3SPfj4fq37_e54i/view?usp=drivesdk","drive.google.com","아니오","정상"
"録","이미지 1","https://drive.google.com/file/d/10LlSvzg-abrsVpNh3t_RrZzXPfidcIkj/view?usp=drive_link","drive.google.com","아니오","정상"
"録","획순 이미지","https://drive.google.com/file/d/1NxhAwwU5Wk_qZFCPTzyGj4xOYhX9q2gl/view?usp=drivesdk","drive.google.com","아니오","정상"
"鹿","이미지 1","https://drive.google.com/file/d/1PuPSZbmToN5PAOB1OiOPFx1bzsAc9Ypg/view?usp=drive_link","drive.google.com","아니오","정상"
"鹿","획순 이미지","https://drive.google.com/file/d/1ugVXvaQAmavjCCgGxcnz_Qjs5PlNb85e/view?usp=drivesdk","drive.google.com","아니오","정상"
"料","이미지 1","https://drive.google.com/file/d/1Mk5nMG2f8wBkhSi8og9EDX4wJ9ssRHmX/view?usp=drive_link","drive.google.com","아니오","정상"
"料","획순 이미지","https://drive.google.com/file/d/1DV7XcPfPUYsG6jQq_ml-2qejIDFcYWT7/view?usp=drivesdk","drive.google.com","아니오","정상"
"類","이미지 1","https://drive.google.com/file/d/1EveWX2sJMmn_UlhhSmV_CUubouadQwEf/view?usp=drive_link","drive.google.com","아니오","정상"
"類","획순 이미지","https://drive.google.com/file/d/1mOjUzwR94Se8nwvzsKnrdpqt9xUppQCF/view?usp=drivesdk","drive.google.com","아니오","정상"
"陸","이미지 1","https://drive.google.com/file/d/1diV_6sw_UcLz9JRka1m9BCCeU6dQHIFt/view?usp=drive_link","drive.google.com","아니오","정상"
"陸","획순 이미지","https://drive.google.com/file/d/15UztdfSxs0GcnkJ8qFPBGKlLwTHnaePU/view?usp=drivesdk","drive.google.com","아니오","정상"
"輪","이미지 1","https://drive.google.com/file/d/1Lo8Ga_VOuTHs8pxFYk0mcHjKTW9LvmQ_/view?usp=drive_link","drive.google.com","아니오","정상"
"輪","획순 이미지","https://drive.google.com/file/d/10yWjKfWa8Ig3li398SS5px8d7WKHoClU/view?usp=drivesdk","drive.google.com","아니오","정상"
"利","이미지 1","https://drive.google.com/file/d/1o3A13-xk2ZlTzEM9dD7WBgLgMmL_QLSk/view?usp=drive_link","drive.google.com","아니오","정상"
"利","획순 이미지","https://drive.google.com/file/d/1Kfh6SrO_m4PBJgQGlY2tnxDlFzFecM27/view?usp=drivesdk","drive.google.com","아니오","정상"
"梨","이미지 1","https://drive.google.com/file/d/1wwlyP2xqJ6hrT3yzikPHUjq46Nk1OnSa/view?usp=drive_link","drive.google.com","아니오","정상"
"梨","획순 이미지","https://drive.google.com/file/d/1tscBMHHyUMKOppb4Vfpn45u-2Eh3wnwu/view?usp=drivesdk","drive.google.com","아니오","정상"
"満","이미지 1","https://drive.google.com/file/d/19aVAlcAdnIFYuPGWXtYmM0QrWPFhJXjm/view?usp=drive_link","drive.google.com","아니오","정상"
"満","획순 이미지","https://drive.google.com/file/d/1IiJzQi1JNVXxhLyleueibx1QCK_DgIzP/view?usp=drivesdk","drive.google.com","아니오","정상"
"末","이미지 1","https://drive.google.com/file/d/1874mCWA4qbcxKdZ7TqLr9qSMrVsfTkWY/view?usp=drive_link","drive.google.com","아니오","정상"
"末","획순 이미지","https://drive.google.com/file/d/1dmRrknHFXfs5tqVDUwNM9g6mh-izVuiK/view?usp=drivesdk","drive.google.com","아니오","정상"
"望","이미지 1","https://drive.google.com/file/d/178N6fpt9YDO69ydUa_YhOKvVoFbYe6eK/view?usp=drive_link","drive.google.com","아니오","정상"
"望","획순 이미지","https://drive.google.com/file/d/12TBr2C_tI4lnRMT__l0yCLm91p64QkjH/view?usp=drivesdk","drive.google.com","아니오","정상"
"梅","이미지 1","https://drive.google.com/file/d/1gY-vEq04PzIvyzPV9NQ3-oh8PPjWduoW/view?usp=drive_link","drive.google.com","아니오","정상"
"梅","획순 이미지","https://drive.google.com/file/d/1R5bNGf0fokVBJyh4b-ojb4zyTNLVcZ2Q/view?usp=drivesdk","drive.google.com","아니오","정상"
"牧","이미지 1","https://drive.google.com/file/d/1wK4I-DPrhZF42JfL09uUwSHGbW-Q2KWe/view?usp=drive_link","drive.google.com","아니오","정상"
"牧","획순 이미지","https://drive.google.com/file/d/1I9gZoryBAhkWBcuV87NThlRO_MpsewQF/view?usp=drivesdk","drive.google.com","아니오","정상"
"無","이미지 1","https://drive.google.com/file/d/1TkHwxd28OiQDXNSeFyU1aITNNHl52e47/view?usp=drive_link","drive.google.com","아니오","정상"
"無","획순 이미지","https://drive.google.com/file/d/1IZN7fTiLUcnVrQamk1vG5dhBg1TglafQ/view?usp=drivesdk","drive.google.com","아니오","정상"
"未","이미지 1","https://drive.google.com/file/d/1bTtGQVRVWceKctT1ZKfA0lixzjnkyTAi/view?usp=drive_link","drive.google.com","아니오","정상"
"未","획순 이미지","https://drive.google.com/file/d/1qBhEBk1G2SvgHf_pFsaBavPRg0fa-xa_/view?usp=drivesdk","drive.google.com","아니오","정상"
"民","이미지 1","https://drive.google.com/file/d/13KdoNjH7Ilwkep4l7_yzTtq1NM060_ct/view?usp=drive_link","drive.google.com","아니오","정상"
"民","획순 이미지","https://drive.google.com/file/d/17PPPYHQcJDAZT-dqrkZPl5FHM2MZUolk/view?usp=drivesdk","drive.google.com","아니오","정상"
"博","이미지 1","https://drive.google.com/file/d/1kQSaKXf3N1GFLvaVF7YrT4VuMpJpRuKp/view?usp=drive_link","drive.google.com","아니오","정상"
"博","획순 이미지","https://drive.google.com/file/d/1oY9DhnPn2AnSjFg3oRrtW2xtyj6G4rYm/view?usp=drivesdk","drive.google.com","아니오","정상"
"飯","이미지 1","https://drive.google.com/file/d/1dKTTgbv45ArCiEWdY4P1AquOva_8fw_2/view?usp=drive_link","drive.google.com","아니오","정상"
"飯","획순 이미지","https://drive.google.com/file/d/1-hNLhVUoueNQR8GeUgKQRIXkllbg3NFi/view?usp=drivesdk","drive.google.com","아니오","정상"
"法","이미지 1","https://drive.google.com/file/d/1gi9waN7mlrZjxUqMSR6OVDceWUbZParg/view?usp=drive_link","drive.google.com","아니오","정상"
"法","획순 이미지","https://drive.google.com/file/d/15GqHLnxwFzePrTsMCCO4b7O3HWwAg959/view?usp=drivesdk","drive.google.com","아니오","정상"
"辺","이미지 1","https://drive.google.com/file/d/1v_eBRzB8-cx4VLzwXMbcpzGonSmz8EVM/view?usp=drive_link","drive.google.com","아니오","정상"
"辺","획순 이미지","https://drive.google.com/file/d/1Da62YY65favltxMe3YvxhZCWZIkTyzE5/view?usp=drivesdk","drive.google.com","아니오","정상"
"変","이미지 1","https://drive.google.com/file/d/19FrS7qd9bfzBQlQxWgZh7GBSvaP5Q-i1/view?usp=drive_link","drive.google.com","아니오","정상"
"変","획순 이미지","https://drive.google.com/file/d/1L4svc-c7dxMYN-W7rDKwGgtAC3SLG0Oz/view?usp=drivesdk","drive.google.com","아니오","정상"
"別","이미지 1","https://drive.google.com/file/d/1WiW8OQd5NG-XtQIHyrvwYdHIvTziU3Nn/view?usp=drive_link","drive.google.com","아니오","정상"
"別","획순 이미지","https://drive.google.com/file/d/1x5KYFp3IlCslN_yAVtW-XH20OZTdmM1F/view?usp=drivesdk","drive.google.com","아니오","정상"
"兵","이미지 1","https://drive.google.com/file/d/17iY0EicEBRUXIGYcVQyTyMcNN1GIqbT9/view?usp=drive_link","drive.google.com","아니오","정상"
"兵","획순 이미지","https://drive.google.com/file/d/1vm7kU5OYA9pGBUMTEYHDMoIZF9GvtS1R/view?usp=drivesdk","drive.google.com","아니오","정상"
"夫","이미지 1","https://drive.google.com/file/d/17OseN1BTGYrZ7NvUXvZntYVX_GCHYkkd/view?usp=drive_link","drive.google.com","아니오","정상"
"夫","획순 이미지","https://drive.google.com/file/d/1gqWnYTEvmZ6tmN6m7-tNs7ZX0B019vHK/view?usp=drivesdk","drive.google.com","아니오","정상"
"付","이미지 1","https://drive.google.com/file/d/1dKCMzS2vdn5gKJsUTm-zkg9aRN67C-4M/view?usp=drive_link","drive.google.com","아니오","정상"
"付","획순 이미지","https://drive.google.com/file/d/1V8O47kLmRpJAeFW79h6ATpQmig4DSSRs/view?usp=drivesdk","drive.google.com","아니오","정상"
"府","이미지 1","https://drive.google.com/file/d/11rs_oyc_z84eFS3cItAPorwFCLBmB9Fw/view?usp=drive_link","drive.google.com","아니오","정상"
"府","획순 이미지","https://drive.google.com/file/d/1nyWBKzKHwcMyjr5Yo8BufQA5NvRPLIai/view?usp=drivesdk","drive.google.com","아니오","정상"
"副","이미지 1","https://drive.google.com/file/d/1LTE8lWzbzoMcaAQ6CfQYGQpZ0W4M0cIY/view?usp=drive_link","drive.google.com","아니오","정상"
"副","획순 이미지","https://drive.google.com/file/d/1BBfcehF-oAL4Ehvh6dKSeN9zurVmGLpv/view?usp=drivesdk","drive.google.com","아니오","정상"
"富","이미지 1","https://drive.google.com/file/d/1E-IPlKHqcIee7nRtATC59ZyqYpqztLs7/view?usp=drive_link","drive.google.com","아니오","정상"
"富","획순 이미지","https://drive.google.com/file/d/1U74UqcU-TmJrsIaGt9pME_iwPoXIEAMw/view?usp=drivesdk","drive.google.com","아니오","정상"
"阜","이미지 1","https://drive.google.com/file/d/1SXgIfrHTCZSmOaFr3ovAWYT33EGmhi0X/view?usp=drive_link","drive.google.com","아니오","정상"
"阜","획순 이미지","https://drive.google.com/file/d/1nVLVwZF3vtI1JHLHBx_iKLnekIBH7Dsn/view?usp=drivesdk","drive.google.com","아니오","정상"
"不","이미지 1","https://drive.google.com/file/d/1Qb5sFm1X7yz0hqZ5NJpD141eO3eRzu0h/view?usp=drive_link","drive.google.com","아니오","정상"
"不","획순 이미지","https://drive.google.com/file/d/11XclrRbpd93kHrTAaUP0Mre328irdEmO/view?usp=drivesdk","drive.google.com","아니오","정상"
"飛","이미지 1","https://drive.google.com/file/d/1J10vlJ0EaqqO7mLezR_GKBGFfgmzj8GQ/view?usp=drive_link","drive.google.com","아니오","정상"
"飛","획순 이미지","https://drive.google.com/file/d/1cc-Shoj93X7gzAaDiqbSAG7Wd2ujn9VK/view?usp=drivesdk","drive.google.com","아니오","정상"
"司","이미지 1","https://drive.google.com/file/d/1cUbtPrjbZMxdscuh7_4R6nS2ncS0648e/view?usp=drive_link","drive.google.com","아니오","정상"
"司","획순 이미지","https://drive.google.com/file/d/1ZnND5BtvNYcMpSH20h97hQoCeSceGUgR/view?usp=drivesdk","drive.google.com","아니오","정상"
"辞","이미지 1","https://drive.google.com/file/d/1GG9B_HsIbVoZlB1_KPBamFakZF-OgS6A/view?usp=drive_link","drive.google.com","아니오","정상"
"辞","획순 이미지","https://drive.google.com/file/d/1gGdshSYxvuqUxARrfLwLsfzxc6jVZyWU/view?usp=drivesdk","drive.google.com","아니오","정상"
"産","이미지 1","https://drive.google.com/file/d/1r2Np708cmdyUgaDaxWyTf7ay5rHWmAHS/view?usp=drive_link","drive.google.com","아니오","정상"
"産","획순 이미지","https://drive.google.com/file/d/1v4CbLIliOOBmsk_bjDmfMAg0_mxaIEiS/view?usp=drivesdk","drive.google.com","아니오","정상"
"散","이미지 1","https://drive.google.com/file/d/1svdNK4dMuj7mZc8IpsBHUU2T1fNyY1S4/view?usp=drive_link","drive.google.com","아니오","정상"
"散","획순 이미지","https://drive.google.com/file/d/11dSukzHCIoSpeTFl18o8FIE7Lyht888m/view?usp=drivesdk","drive.google.com","아니오","정상"
"席","이미지 1","https://drive.google.com/file/d/16Pe_KqzJrQYbRCZMu8x06yJ1v1QfRyZV/view?usp=drive_link","drive.google.com","아니오","정상"
"席","획순 이미지","https://drive.google.com/file/d/1FG_Y1qa2QTw91hXNX9uGbTL6UHBw-jGM/view?usp=drivesdk","drive.google.com","아니오","정상"
"潟","이미지 1","https://drive.google.com/file/d/1qBSaU0STNwpguJqsXtD1sn3swfURRZeu/view?usp=drive_link","drive.google.com","아니오","정상"
"潟","획순 이미지","https://drive.google.com/file/d/1uy-tM6QO6Dt8j8b-zMb7lNoNck7kwxWW/view?usp=drivesdk","drive.google.com","아니오","정상"
"選","이미지 1","https://drive.google.com/file/d/1FXJ0fEW_PpOOD1Aq2xzOmcwA95rOz9PW/view?usp=drive_link","drive.google.com","아니오","정상"
"選","획순 이미지","https://drive.google.com/file/d/1lNhyRCctj_4j2mf90rr9TVwE2DTMSOjf/view?usp=drivesdk","drive.google.com","아니오","정상"
"説","이미지 1","https://drive.google.com/file/d/18LnUwJ47t7imXtqykWnxglahFj4RWKD0/view?usp=drive_link","drive.google.com","아니오","정상"
"説","획순 이미지","https://drive.google.com/file/d/16aInm3VT4HAYkcucr5DMG5DblU3piIeL/view?usp=drivesdk","drive.google.com","아니오","정상"
"成","이미지 1","https://drive.google.com/file/d/1LRkRO4n88kGZFFenPIjrnOV0y5KcM82k/view?usp=drive_link","drive.google.com","아니오","정상"
"成","획순 이미지","https://drive.google.com/file/d/1KC4Kqvb8aLwrPzTzLp6YhHsZH5WRMz14/view?usp=drivesdk","drive.google.com","아니오","정상"
"省","이미지 1","https://drive.google.com/file/d/1B-3Z3UKSNVUWClhJ4KYkBEJVEnaGTvyo/view?usp=drive_link","drive.google.com","아니오","정상"
"省","획순 이미지","https://drive.google.com/file/d/17TQeaePxTC3qAmceD_ErTJ8TD9n7lj7q/view?usp=drivesdk","drive.google.com","아니오","정상"
"城","이미지 1","https://drive.google.com/file/d/1uxe8upysIXVcpWPj6meXUNp57NPcLH1X/view?usp=drive_link","drive.google.com","아니오","정상"
"城","획순 이미지","https://drive.google.com/file/d/1emmqcwAzRFzBP4KiAOdLUyXUDgHoLFbq/view?usp=drivesdk","drive.google.com","아니오","정상"
"笑","이미지 1","https://drive.google.com/file/d/1ppN_7JX0B9p5u6oqWvouGE_eIGg7BxsG/view?usp=drive_link","drive.google.com","아니오","정상"
"笑","획순 이미지","https://drive.google.com/file/d/1uRO8wk_4vcxkR60F7bdvQ20MxTe1w7mV/view?usp=drivesdk","drive.google.com","아니오","정상"
"巣","이미지 1","https://drive.google.com/file/d/13DX36ybsZqQxnr8kVr5BWp6hUH7LXTsS/view?usp=drive_link","drive.google.com","아니오","정상"
"巣","획순 이미지","https://drive.google.com/file/d/1b42iLW1wPg6m-Yu8OH2R2VG7w34Q4kBo/view?usp=drivesdk","drive.google.com","아니오","정상"
"焼","이미지 1","https://drive.google.com/file/d/1W5PH-Sr85Is1KBRi5PSNzB3fKd0eL66W/view?usp=drive_link","drive.google.com","아니오","정상"
"焼","획순 이미지","https://drive.google.com/file/d/1uZ7mqot2yPIbmAq3JmXhUgTrSeQvKC90/view?usp=drivesdk","drive.google.com","아니오","정상"
"束","이미지 1","https://drive.google.com/file/d/1hgaOTDEttxValA_O0176QbLkrMC326ka/view?usp=drive_link","drive.google.com","아니오","정상"
"束","획순 이미지","https://drive.google.com/file/d/1CxgJxdA2N3a60nk8_bJZusyxm_tzSiYx/view?usp=drivesdk","drive.google.com","아니오","정상"
"続","이미지 1","https://drive.google.com/file/d/1TiZq1k-zcZWnQzEKAaW9iwJqtJnvEyAz/view?usp=drive_link","drive.google.com","아니오","정상"
"続","획순 이미지","https://drive.google.com/file/d/13Lql6KyGhc92GK3pm2xvTAf75s6I9zpH/view?usp=drivesdk","drive.google.com","아니오","정상"
"孫","이미지 1","https://drive.google.com/file/d/1X8zgRUdkXFk5SrToErcWlPilqi5GAC8S/view?usp=drive_link","drive.google.com","아니오","정상"
"孫","획순 이미지","https://drive.google.com/file/d/1NhRDXgFp5X7Zx93zytcqFo1nk-fKSPYI/view?usp=drivesdk","drive.google.com","아니오","정상"
"松","이미지 1","https://drive.google.com/file/d/109hzk3PBS5sNHy9F5tGoFCpWfYVDdWBt/view?usp=drive_link","drive.google.com","아니오","정상"
"松","획순 이미지","https://drive.google.com/file/d/1rPANqGIZkxT8rVKddOv7H2VG-u7MEHsz/view?usp=drivesdk","drive.google.com","아니오","정상"
"刷","이미지 1","https://drive.google.com/file/d/1RTcV4wVJ1Doy6GBUwmwjUCT-D2sfl-Fq/view?usp=drive_link","drive.google.com","아니오","정상"
"刷","획순 이미지","https://drive.google.com/file/d/1LiPlWnalP0YvnbzxDVLfnCc2DwIt8mWX/view?usp=drivesdk","drive.google.com","아니오","정상"
"順","이미지 1","https://drive.google.com/file/d/1Rpw0txQTk8gqpt9a7oLXwHTHjhW1QrAc/view?usp=drive_link","drive.google.com","아니오","정상"
"順","획순 이미지","https://drive.google.com/file/d/1l_aPC4diGimQUIVBapAL9sX-JGoCRd-w/view?usp=drivesdk","drive.google.com","아니오","정상"
"縄","이미지 1","https://drive.google.com/file/d/1K5Jd7UctVMoAilHraGShD9FyNs9AGUW1/view?usp=drive_link","drive.google.com","아니오","정상"
"縄","획순 이미지","https://drive.google.com/file/d/1yNuPaJv0F6WHZc9YoN7JYtVicta3_iL5/view?usp=drivesdk","drive.google.com","아니오","정상"
"試","이미지 1","https://drive.google.com/file/d/1IpZu77B_uTJvM7u4Ms-hE_yiP5F6IGNg/view?usp=drive_link","drive.google.com","아니오","정상"
"試","획순 이미지","https://drive.google.com/file/d/1rekWOEyK_61-QxHlVW947wqca4Mu7Nz3/view?usp=drivesdk","drive.google.com","아니오","정상"
"臣","이미지 1","https://drive.google.com/file/d/1OpopjbF1CO-6SQk4LUbaspS9bjNKt-s8/view?usp=drive_link","drive.google.com","아니오","정상"
"臣","획순 이미지","https://drive.google.com/file/d/1QjvFoKPeTE-lRAW7VhzW4t2w6fA2DPZ6/view?usp=drivesdk","drive.google.com","아니오","정상"
"信","이미지 1","https://drive.google.com/file/d/19y4gTukG0Ie5nr0oR6ZTxIBkTb-ZN7mA/view?usp=drive_link","drive.google.com","아니오","정상"
"信","획순 이미지","https://drive.google.com/file/d/1hEHiPltGw0lCQ9tr9W2n6SAC293Abd-h/view?usp=drivesdk","drive.google.com","아니오","정상"
"失","이미지 1","https://drive.google.com/file/d/115Iqnsaur98-UkBytArFmYaLtTUL8M3p/view?usp=drive_link","drive.google.com","아니오","정상"
"失","획순 이미지","https://drive.google.com/file/d/1fcGTwED6Q1VLLM5Jssr4_6uxEov3W4B6/view?usp=drivesdk","drive.google.com","아니오","정상"
"氏","이미지 1","https://drive.google.com/file/d/1P1Rtt-EDDe3SXhhgoVXWb_IzT3_qfwPv/view?usp=drive_link","drive.google.com","아니오","정상"
"氏","획순 이미지","https://drive.google.com/file/d/1xWImr5o5-HQ78GcwghDueLXqxLv8dXql/view?usp=drivesdk","drive.google.com","아니오","정상"
"児","이미지 1","https://drive.google.com/file/d/1aqDN8W--kH80TCD7vM2RIpkaroubb1q9/view?usp=drive_link","drive.google.com","아니오","정상"
"児","획순 이미지","https://drive.google.com/file/d/1UvaI63fHFAu3vL8BD0luTdO2wTKAwv6I/view?usp=drivesdk","drive.google.com","아니오","정상"
"芽","이미지 1","https://drive.google.com/file/d/1h6J4UnVoIOaA823uu92m__r4eaKjfGnk/view?usp=drive_link","drive.google.com","아니오","정상"
"芽","획순 이미지","https://drive.google.com/file/d/1CnFnpG_fyQQ57W6xjYBqYYzDWCF4P_s0/view?usp=drivesdk","drive.google.com","아니오","정상"
"案","이미지 1","https://drive.google.com/file/d/1lzuFITJ7Hhn7HJvZpX4coF-8QClw_C0V/view?usp=drive_link","drive.google.com","아니오","정상"
"案","획순 이미지","https://drive.google.com/file/d/1pDCePa10OIkhcQhcmHipkHmud16WApiu/view?usp=drivesdk","drive.google.com","아니오","정상"
"愛","이미지 1","https://drive.google.com/file/d/1EDn5gGcb44_gcLypADdxiLia0e0uxpXA/view?usp=drive_link","drive.google.com","아니오","정상"
"愛","획순 이미지","https://drive.google.com/file/d/17BphsVbMebOctOsOikbiNgkMBbYC9dnz/view?usp=drivesdk","drive.google.com","아니오","정상"
"約","이미지 1","https://drive.google.com/file/d/1s_yxN8n_uA1C1UJQsSu7IrtVCE58oQKn/view?usp=drive_link","drive.google.com","아니오","정상"
"約","획순 이미지","https://drive.google.com/file/d/1oup8h7jCUdPvqzq9Sfefv7bznYF0yw9L/view?usp=drivesdk","drive.google.com","아니오","정상"
"養","이미지 1","https://drive.google.com/file/d/1WAafpjAv4b9SSwbAJO0oHwGFKjp96L8z/view?usp=drive_link","drive.google.com","아니오","정상"
"養","획순 이미지","https://drive.google.com/file/d/1aDvB2cw9l1YhiD-_McmwjEK9JmQ4rMZk/view?usp=drivesdk","drive.google.com","아니오","정상"
"漁","이미지 1","https://drive.google.com/file/d/1sxfKu0m_A6CTMb5oC2ullKPBZ27AIhnv/view?usp=drive_link","drive.google.com","아니오","정상"
"漁","획순 이미지","https://drive.google.com/file/d/1mPAWF8EXqEijDK_MDcRlEveEXsKNgW3q/view?usp=drivesdk","drive.google.com","아니오","정상"
"億","이미지 1","https://drive.google.com/file/d/1Or80RGGVoqqQsJPdUoZY4z1unUQFyjrL/view?usp=drive_link","drive.google.com","아니오","정상"
"億","획순 이미지","https://drive.google.com/file/d/1SNloqrmzn1oSBMTkL3s7xO-LBbXbpaSs/view?usp=drivesdk","drive.google.com","아니오","정상"
"然","이미지 1","https://drive.google.com/file/d/1zOMCES2-er0toGwg6Yr0CgntQZyEcsvH/view?usp=drive_link","drive.google.com","아니오","정상"
"然","획순 이미지","https://drive.google.com/file/d/1Uf8Q9pA2q6NRIudcinzevSinDxzUcH8c/view?usp=drivesdk","drive.google.com","아니오","정상"
"熱","이미지 1","https://drive.google.com/file/d/1DtHpkc9VEwX7YBHAsZwC4txLnoPcUkcf/view?usp=drive_link","drive.google.com","아니오","정상"
"熱","획순 이미지","https://drive.google.com/file/d/1e-2f37g3ePjlMLYSL7Ldud1G-9abv-vD/view?usp=drivesdk","drive.google.com","아니오","정상"
"塩","이미지 1","https://drive.google.com/file/d/1oJFwl99zvbdHKUFbTCWw10f9RXwPH9Eo/view?usp=drive_link","drive.google.com","아니오","정상"
"塩","획순 이미지","https://drive.google.com/file/d/1X6f_L4U1TMu5h9nRzM2SjDT1GUxU9dmT/view?usp=drivesdk","drive.google.com","아니오","정상"
"英","이미지 1","https://drive.google.com/file/d/1WvSCCz_fum_g3V-SipDdDTRcMOKcDj7_/view?usp=drive_link","drive.google.com","아니오","정상"
"英","획순 이미지","https://drive.google.com/file/d/1ccOLFB-nrpTECphAlvpRSxSEErHudEIP/view?usp=drivesdk","drive.google.com","아니오","정상"
"栄","이미지 1","https://drive.google.com/file/d/1FiFKCL7UT9eSm2frc207rw5fWnMLk4Qd/view?usp=drive_link","drive.google.com","아니오","정상"
"栄","획순 이미지","https://drive.google.com/file/d/1ygwl0O1uAexZyK29CeOq1x6_u9pG5A1K/view?usp=drivesdk","drive.google.com","아니오","정상"
"芸","이미지 1","https://drive.google.com/file/d/1bCksREnx2ksPulOtOzKA-skboFdAsjTW/view?usp=drive_link","drive.google.com","아니오","정상"
"芸","획순 이미지","https://drive.google.com/file/d/1HCiQ230hOwlMRbtf9lQDzHoomAWucBVt/view?usp=drivesdk","drive.google.com","아니오","정상"
"完","이미지 1","https://drive.google.com/file/d/1-6shoDd8skgQwTbBpWZTsbDeteyEmCOK/view?usp=drive_link","drive.google.com","아니오","정상"
"完","획순 이미지","https://drive.google.com/file/d/1tkgVvXVgt1vBU0JZgGI8dg4mCcWODVTY/view?usp=drivesdk","drive.google.com","아니오","정상"
"要","이미지 1","https://drive.google.com/file/d/1jirOmry-GEC5RhQsw3bbRJM2fhIrgREB/view?usp=drive_link","drive.google.com","아니오","정상"
"要","획순 이미지","https://drive.google.com/file/d/1xZEpOx-nr_QGtqjMvGBK7b2YWh3_e3L6/view?usp=drivesdk","drive.google.com","아니오","정상"
"浴","이미지 1","https://drive.google.com/file/d/1Pate9rJ-bKYkqW_CcALijz1WgjkctV_B/view?usp=drive_link","drive.google.com","아니오","정상"
"浴","획순 이미지","https://drive.google.com/file/d/1dGmTMki_YX-7TBLbwNA4oNkyQw3HEaHe/view?usp=drivesdk","drive.google.com","아니오","정상"
"勇","이미지 1","https://drive.google.com/file/d/115jHsUZ2-IVGfFBrJW2WplMpAAuUYDyk/view?usp=drive_link","drive.google.com","아니오","정상"
"勇","획순 이미지","https://drive.google.com/file/d/1cqaInnTfwAndVZUhTZGQ6Ngnas-ukLo0/view?usp=drivesdk","drive.google.com","아니오","정상"
"熊","이미지 1","https://drive.google.com/file/d/19CsOicu66noQqamF2P7O4utBS2BJmJqF/view?usp=drive_link","drive.google.com","아니오","정상"
"熊","획순 이미지","https://drive.google.com/file/d/1NEILUysGzJT0NQh12knnuVZ1iRrx0u7p/view?usp=drivesdk","drive.google.com","아니오","정상"
"願","이미지 1","https://drive.google.com/file/d/1vDBJQr3KC69jHwxPp_00GfaWMHUoCyKm/view?usp=drive_link","drive.google.com","아니오","정상"
"願","획순 이미지","https://drive.google.com/file/d/1872NT4gwb_cy10YvC6Q0Hp1592Zvp03p/view?usp=drivesdk","drive.google.com","아니오","정상"
"媛","이미지 1","https://drive.google.com/file/d/1aNgEAY8qkc10NjDEZm0pDVz9DQ9D4WeO/view?usp=drive_link","drive.google.com","아니오","정상"
"媛","획순 이미지","https://drive.google.com/file/d/1Al329RqeDcCuHX2Cms3Oj0UpsTaryFUR/view?usp=drivesdk","drive.google.com","아니오","정상"
"位","이미지 1","https://drive.google.com/file/d/1yPTiwyHjmfX2f0QMrrV6XhTFvJuaqb_z/view?usp=drive_link","drive.google.com","아니오","정상"
"位","획순 이미지","https://drive.google.com/file/d/1wZGjxhPeF6rPXY-G1hGfr129kb5ej554/view?usp=drivesdk","drive.google.com","아니오","정상"
"泣","이미지 1","https://drive.google.com/file/d/1zWae0aOt12a1tck2-i-hVTVTRqA3UWpl/view?usp=drive_link","drive.google.com","아니오","정상"
"泣","획순 이미지","https://drive.google.com/file/d/1DmOmR0KBaADrAnE_E4am4NQzwHKsfOV9/view?usp=drivesdk","drive.google.com","아니오","정상"
"衣","이미지 1","https://drive.google.com/file/d/1_eEniVXtfaeGXlXEj4S4WwnwDr7PZBYL/view?usp=drive_link","drive.google.com","아니오","정상"
"衣","획순 이미지","https://drive.google.com/file/d/1noiToaRRKOAUjb4wKOX1VDnZC6hvA-mo/view?usp=drivesdk","drive.google.com","아니오","정상"
"議","이미지 1","https://drive.google.com/file/d/1nZ-kSD_3Ooip68rAC_Li1t6cKg73QEwr/view?usp=drive_link","drive.google.com","아니오","정상"
"議","획순 이미지","https://drive.google.com/file/d/1Yb-XoF4dTR6AUl7eEteK4EWrcak-yx3b/view?usp=drivesdk","drive.google.com","아니오","정상"
"以","이미지 1","https://drive.google.com/file/d/1sUzWqXlLvbOI_eeao4C0m6sBwiJNF3_W/view?usp=drive_link","drive.google.com","아니오","정상"
"以","획순 이미지","https://drive.google.com/file/d/18QbHb3Kdl_cVRdYyFPAGHLQ-W3y3PhN2/view?usp=drivesdk","drive.google.com","아니오","정상"
"印","이미지 1","https://drive.google.com/file/d/1nKfy2Xx7vcyC7ZoC32U_uTJQ8uz2Dxjb/view?usp=drive_link","drive.google.com","아니오","정상"
"印","획순 이미지","https://drive.google.com/file/d/1e6fk702fTkMcw-L9nZh0JSKlt_hxIOd1/view?usp=drivesdk","drive.google.com","아니오","정상"
"滋","이미지 1","https://drive.google.com/file/d/1NhnP9ZEQtxa2aAMYjzrWMwQNdSFo4Jbq/view?usp=drive_link","drive.google.com","아니오","정상"
"滋","획순 이미지","https://drive.google.com/file/d/1Yiob0TKZpU5Rsl7xF-VswaPJ2vzc4UwV/view?usp=drivesdk","drive.google.com","아니오","정상"
"茨","이미지 1","https://drive.google.com/file/d/1jIfWR_MfY18iZgiMpZq3ntReIdtiuH2e/view?usp=drive_link","drive.google.com","아니오","정상"
"茨","획순 이미지","https://drive.google.com/file/d/1Zw79IkV1mhySVxdLckUVi3YzJ_EMBIpQ/view?usp=drivesdk","drive.google.com","아니오","정상"
"昨","이미지 1","https://drive.google.com/file/d/1ZUyRhfunXmrYporsx_4Hdrmag5D5VRu2/view?usp=drive_link","drive.google.com","아니오","정상"
"昨","획순 이미지","https://drive.google.com/file/d/174lN_-RGIgN4n1MEujDtUj7y3hVga5da/view?usp=drivesdk","drive.google.com","아니오","정상"
"残","이미지 1","https://drive.google.com/file/d/15mWG3aYgkltptQ5RhrzCCYmW5ZRZdRNm/view?usp=drive_link","drive.google.com","아니오","정상"
"残","획순 이미지","https://drive.google.com/file/d/138uz69WDNaBwpf7IJ9KS2U-mSG6LYja1/view?usp=drivesdk","drive.google.com","아니오","정상"
"材","이미지 1","https://drive.google.com/file/d/1QpF5_YrWfoMP9tN9wgE5_N8ifxoGbZuy/view?usp=drive_link","drive.google.com","아니오","정상"
"材","획순 이미지","https://drive.google.com/file/d/12-ZyXDpXLCT7dTvO_u65i2Rj377gfXD1/view?usp=drivesdk","drive.google.com","아니오","정상"
"争","이미지 1","https://drive.google.com/file/d/1V8ODQvdr-n-8DTwhlPMvMbDjXdnakQxG/view?usp=drive_link","drive.google.com","아니오","정상"
"争","획순 이미지","https://drive.google.com/file/d/1ziiMIsCJNetan9hPlpFPSDJwGvzX4QJY/view?usp=drivesdk","drive.google.com","아니오","정상"
"低","이미지 1","https://drive.google.com/file/d/1ThVLTeROxdrNFK4jjIieCaM3EPgCgha5/view?usp=drive_link","drive.google.com","아니오","정상"
"低","획순 이미지","https://drive.google.com/file/d/1oL_pmDagDQDljfSkv6-CYJ1yG_plIvBG/view?usp=drivesdk","drive.google.com","아니오","정상"
"底","이미지 1","https://drive.google.com/file/d/1INLKBXaozDlBvV0D-HDnOMLWj5SfSK3n/view?usp=drive_link","drive.google.com","아니오","정상"
"底","획순 이미지","https://drive.google.com/file/d/1Q-cx18sH0OAdYA495AfDLJjywT7yGAFZ/view?usp=drivesdk","drive.google.com","아니오","정상"
"的","이미지 1","https://drive.google.com/file/d/1aOgPY6PH7tOI6fpadzwJWLhwco9h-Kpu/view?usp=drive_link","drive.google.com","아니오","정상"
"的","획순 이미지","https://drive.google.com/file/d/10WeXtyng11FQ_05QPUUhzWpmc5tCaPXn/view?usp=drivesdk","drive.google.com","아니오","정상"
"積","이미지 1","https://drive.google.com/file/d/1zNGKU4fE7iRGzvtoY_j2w4-npWaON1Do/view?usp=drive_link","drive.google.com","아니오","정상"
"積","획순 이미지","https://drive.google.com/file/d/1TMbyg0JHUeATtH1JZA4qYGv0PeInUusx/view?usp=drivesdk","drive.google.com","아니오","정상"
"伝","이미지 1","https://drive.google.com/file/d/18Dogh0vs1LwyHcVmNVllqL2JerGnepTC/view?usp=drive_link","drive.google.com","아니오","정상"
"伝","획순 이미지","https://drive.google.com/file/d/1KK9jxGLigVbaQE8blW4SVt9LtfvohXLU/view?usp=drivesdk","drive.google.com","아니오","정상"
"典","이미지 1","https://drive.google.com/file/d/1gofV1lRUFF0pUmzJQv9CWZsRUDivXN6M/view?usp=drive_link","drive.google.com","아니오","정상"
"典","획순 이미지","https://drive.google.com/file/d/13S0Gg8CQPX3C9p7mfpo9DK8_IfawYSEg/view?usp=drivesdk","drive.google.com","아니오","정상"
"戦","이미지 1","https://drive.google.com/file/d/1_R8PkQaDs2T7noAIeKOBOaLA23nA06gu/view?usp=drive_link","drive.google.com","아니오","정상"
"戦","획순 이미지","https://drive.google.com/file/d/1I7oo4aWSdFzEwygGUS7yauILe5ltXta1/view?usp=drivesdk","drive.google.com","아니오","정상"
"折","이미지 1","https://drive.google.com/file/d/1YHWrJ9C2mGosZXQDTCoH1qvNicReZvx8/view?usp=drive_link","drive.google.com","아니오","정상"
"折","획순 이미지","https://drive.google.com/file/d/1P1PNVzdf-9JAmj61qMmWenadNir9_doW/view?usp=drivesdk","drive.google.com","아니오","정상"
"節","이미지 1","https://drive.google.com/file/d/1QTr9B6xGhytndVYCfTSvRt6LG_EEqOeq/view?usp=drive_link","drive.google.com","아니오","정상"
"節","획순 이미지","https://drive.google.com/file/d/1DvEpsasKkuYcy3iA5GEwJ6snjZq_xuuB/view?usp=drivesdk","drive.google.com","아니오","정상"
"静","이미지 1","https://drive.google.com/file/d/11RdGqkd4ovRUIJBzlMOUeAMfHFCDEh85/view?usp=drive_link","drive.google.com","아니오","정상"
"静","획순 이미지","https://drive.google.com/file/d/1HarU7Zyr36TTAV9u90LZh62hUCg4vxjm/view?usp=drivesdk","drive.google.com","아니오","정상"
"井","이미지 1","https://drive.google.com/file/d/1dKfcXlibC08V-JUXbtnxCOUkTyqqu9Rt/view?usp=drive_link","drive.google.com","아니오","정상"
"井","획순 이미지","https://drive.google.com/file/d/1MoNMDp-fDEzs4uG3M-B7uQFGDGNs3vIz/view?usp=drivesdk","drive.google.com","아니오","정상"
"兆","이미지 1","https://drive.google.com/file/d/1xbZT7JqSFro-dN95STHgmgo05uyVTOen/view?usp=drive_link","drive.google.com","아니오","정상"
"兆","획순 이미지","https://drive.google.com/file/d/14vN_pdPmaOmH9E17hDV00BgVdzbXD3OK/view?usp=drivesdk","drive.google.com","아니오","정상"
"照","이미지 1","https://drive.google.com/file/d/1AvC8Ncx6nIyIJ-X86ZS9DYdwfyufh8cb/view?usp=drive_link","drive.google.com","아니오","정상"
"照","획순 이미지","https://drive.google.com/file/d/1KiDloplUQ89qzFyBTXpezikQztuu9Ewg/view?usp=drivesdk","drive.google.com","아니오","정상"
"卒","이미지 1","https://drive.google.com/file/d/1biaT6JjRs0Cq1AJ-zCeeDIUYC-4NK2XI/view?usp=drive_link","drive.google.com","아니오","정상"
"卒","획순 이미지","https://drive.google.com/file/d/1K1cXQU3MsGExdjczeL_52UvvigrSL2dp/view?usp=drivesdk","drive.google.com","아니오","정상"
"種","이미지 1","https://drive.google.com/file/d/1K1yTtRIT-FITuVvSZPo3s9DkTipl_KMp/view?usp=drive_link","drive.google.com","아니오","정상"
"種","획순 이미지","https://drive.google.com/file/d/1o3ToWLqqEyufrthbMW6Fqif-A6kOpaTT/view?usp=drivesdk","drive.google.com","아니오","정상"
"佐","이미지 1","https://drive.google.com/file/d/1IMQUjKjN04g-FPvWm5NOFOKlHdCHJHnV/view?usp=drive_link","drive.google.com","아니오","정상"
"佐","획순 이미지","https://drive.google.com/file/d/1rHVU_M_qD4uHHz2giqhXkTQj5EwmUAr1/view?usp=drivesdk","drive.google.com","아니오","정상"
"周","이미지 1","https://drive.google.com/file/d/1bIqAuvkCLIEY-GclSV7ec7E8cmXgKClt/view?usp=drive_link","drive.google.com","아니오","정상"
"周","획순 이미지","https://drive.google.com/file/d/1owXLimJkEmSZd0mcNFPUHmIS7djPo9eW/view?usp=drivesdk","drive.google.com","아니오","정상"
"仲","이미지 1","https://drive.google.com/file/d/18PC1eCuGBMCpZ-kIzitGMER6E0PG8TcN/view?usp=drive_link","drive.google.com","아니오","정상"
"仲","획순 이미지","https://drive.google.com/file/d/1rJIYn1D0Lpo0eeIJzuS-UFgqCAusOjFj/view?usp=drivesdk","drive.google.com","아니오","정상"
"差","이미지 1","https://drive.google.com/file/d/1yaPKpN2kz_khXFuWbw4ATuYhX_lySpmD/view?usp=drive_link","drive.google.com","아니오","정상"
"差","획순 이미지","https://drive.google.com/file/d/1bQejisYmMMKcelHSEw0hbYUhgamycjf-/view?usp=drivesdk","drive.google.com","아니오","정상"
"借","이미지 1","https://drive.google.com/file/d/13z4FvtOe0nj-8HG8V2PIRA3VpOTl_lbk/view?usp=drive_link","drive.google.com","아니오","정상"
"借","획순 이미지","https://drive.google.com/file/d/19YKVRRd2YlrW5iFCSzqOdErb4JZEdash/view?usp=drivesdk","drive.google.com","아니오","정상"
"札","이미지 1","https://drive.google.com/file/d/169Hl22a_Rj9v3KrCZ8CNCL_x6RrGcFoy/view?usp=drive_link","drive.google.com","아니오","정상"
"札","획순 이미지","https://drive.google.com/file/d/1egoehSW4X3NkOK6DqWdeL237dZZB9wv2/view?usp=drivesdk","drive.google.com","아니오","정상"
"察","이미지 1","https://drive.google.com/file/d/1jrgowkFD8TzDGIjzmJR82mDpgc9HLzhk/view?usp=drive_link","drive.google.com","아니오","정상"
"察","획순 이미지","https://drive.google.com/file/d/1LnyjyHOcjps2_6Qv-IVFKneC7fet_pt-/view?usp=drivesdk","drive.google.com","아니오","정상"
"参","이미지 1","https://drive.google.com/file/d/1BJ4Da2IxU68WJoAuZ_dDcHJ6ZLiY5Qbq/view?usp=drive_link","drive.google.com","아니오","정상"
"参","획순 이미지","https://drive.google.com/file/d/11YQLThe7Ie_S13_bT9fpN4BkAZn1DkZU/view?usp=drivesdk","drive.google.com","아니오","정상"
"倉","이미지 1","https://drive.google.com/file/d/1qL0MlP3HW-5bWdl-8X6lckr3QD14RHhz/view?usp=drive_link","drive.google.com","아니오","정상"
"倉","획순 이미지","https://drive.google.com/file/d/1Js2zFzNTxi1GYaVgrQ5hmpm7FZj5U_Tv/view?usp=drivesdk","drive.google.com","아니오","정상"
"唱","이미지 1","https://drive.google.com/file/d/14fIbpixkHHgqswzRL5F7AUdrRXsOfY_V/view?usp=drive_link","drive.google.com","아니오","정상"
"唱","획순 이미지","https://drive.google.com/file/d/1g871bXxgGz1hudilQ2FsUr8f7LRf13Ra/view?usp=drivesdk","drive.google.com","아니오","정상"
"菜","이미지 1","https://drive.google.com/file/d/1nEOryPdKSM-FrXc6GMZ6iqjSQzZ9Xplx/view?usp=drive_link","drive.google.com","아니오","정상"
"菜","획순 이미지","https://drive.google.com/file/d/1Mo6GpKUXs7V26w9TACfWxE_7VpVLWI7-/view?usp=drivesdk","drive.google.com","아니오","정상"
"浅","이미지 1","https://drive.google.com/file/d/17035Lw38qGCFTwlUYPamHWr7VlsEDvkY/view?usp=drive_link","drive.google.com","아니오","정상"
"浅","획순 이미지","https://drive.google.com/file/d/1AzrXvBN5Ujz70eR71L4AXLRxW8_3QrQs/view?usp=drivesdk","drive.google.com","아니오","정상"
"清","이미지 1","https://drive.google.com/file/d/16pzlW_Fi6AZC3H9DxlohKl9F-rD0tdCu/view?usp=drive_link","drive.google.com","아니오","정상"
"清","획순 이미지","https://drive.google.com/file/d/1MpAiax0YSDthBewebYcR3ByT6GIoEUL6/view?usp=drivesdk","drive.google.com","아니오","정상"
"初","이미지 1","https://drive.google.com/file/d/1ownOBFd3-016E187ykUs6ZIMC06_KcvA/view?usp=drive_link","drive.google.com","아니오","정상"
"初","획순 이미지","https://drive.google.com/file/d/1U3oVaegEgjXEeeYQEFQxgvV27Xm5eUmo/view?usp=drivesdk","drive.google.com","아니오","정상"
"最","이미지 1","https://drive.google.com/file/d/1IZNmhpnN5Q674VLaxPzPNhpOkPW_g9Ck/view?usp=drive_link","drive.google.com","아니오","정상"
"最","획순 이미지","https://drive.google.com/file/d/1sqUIdHLmR9fOKB_BtjlH-iK3Zw9UWzk3/view?usp=drivesdk","drive.google.com","아니오","정상"
"祝","이미지 1","https://drive.google.com/file/d/1MYT8ud970-aT3S0JCqfXcdm9srs7RfNM/view?usp=drive_link","drive.google.com","아니오","정상"
"祝","획순 이미지","https://drive.google.com/file/d/1hw5ovOJskGHS-gusX92y3rOnooM-vwFQ/view?usp=drivesdk","drive.google.com","아니오","정상"
"沖","이미지 1","https://drive.google.com/file/d/16jk00AgcoSK7cnHf9oMGVrm8blgchr1B/view?usp=drive_link","drive.google.com","아니오","정상"
"沖","획순 이미지","https://drive.google.com/file/d/12ASONBSv4E-XlHF2C-Cn3WfWTbfSj_2a/view?usp=drivesdk","drive.google.com","아니오","정상"
"側","이미지 1","https://drive.google.com/file/d/1o4z5I0q0boE_hSOUPQ5815Uocc-ySVvV/view?usp=drive_link","drive.google.com","아니오","정상"
"側","획순 이미지","https://drive.google.com/file/d/1cn1kt0713THPuHZ-ij6vxI0dSGYB2fmy/view?usp=drivesdk","drive.google.com","아니오","정상"
"治","이미지 1","https://drive.google.com/file/d/1gJ1prV15rAarCLbFC94RG_BAiD68NZMU/view?usp=drive_link","drive.google.com","아니오","정상"
"治","획순 이미지","https://drive.google.com/file/d/1HkML5pxAaLskr2Db0_PKiLXN0gLHS2E5/view?usp=drivesdk","drive.google.com","아니오","정상"
"置","이미지 1","https://drive.google.com/file/d/12Bh4Sqy3cxtodPdIcp74JX8GWkxs5nbc/view?usp=drive_link","drive.google.com","아니오","정상"
"置","획순 이미지","https://drive.google.com/file/d/1Y_tjYe_pxGAgpFZjk-ZFJdDI9k4yue3y/view?usp=drivesdk","drive.google.com","아니오","정상"
"特","이미지 1","https://drive.google.com/file/d/1xHb7Fme3o8RpTTq2zk_B06mlqB6qljuM/view?usp=drive_link","drive.google.com","아니오","정상"
"特","획순 이미지","https://drive.google.com/file/d/1PI6uhDpUjuBAIRcXQE6XCvuPcs4cJzkq/view?usp=drivesdk","drive.google.com","아니오","정상"
"阪","이미지 1","https://drive.google.com/file/d/1mgdCri0VnF52Dm-VCOdhhxPUpSmqsjcL/view?usp=drive_link","drive.google.com","아니오","정상"
"阪","획순 이미지","https://drive.google.com/file/d/1ZshjvoXx8HFAsZj2Gei7bcWGMsuBW7oa/view?usp=drivesdk","drive.google.com","아니오","정상"
"敗","이미지 1","https://drive.google.com/file/d/1tvhOULQlGG-WZleI1Ho7oMoxu5-UEWxJ/view?usp=drive_link","drive.google.com","아니오","정상"
"敗","획순 이미지","https://drive.google.com/file/d/1jSSjELf9kcT0-tBJNPYndMfetgqIrQbo/view?usp=drivesdk","drive.google.com","아니오","정상"
"便","이미지 1","https://drive.google.com/file/d/1FyW5hu98Hz40K28Hy8fuztnRK_CGOKvA/view?usp=drive_link","drive.google.com","아니오","정상"
"便","획순 이미지","https://drive.google.com/file/d/12pgiWwoaTbXDft5UJIMr_N1Y7PjU5j5-/view?usp=drivesdk","drive.google.com","아니오","정상"
"包","이미지 1","https://drive.google.com/file/d/11mwq9fAeNwl6q1jg7Y9hXVuTupzbJDnd/view?usp=drive_link","drive.google.com","아니오","정상"
"包","획순 이미지","https://drive.google.com/file/d/1Ch8D1L9VATVbLdICHTI2oFYFUU1Nw6D_/view?usp=drivesdk","drive.google.com","아니오","정상"
"票","이미지 1","https://drive.google.com/file/d/1T_ucDkjR-AFHyzsJTA_C6lPdigFzQz_c/view?usp=drive_link","drive.google.com","아니오","정상"
"票","획순 이미지","https://drive.google.com/file/d/10Vd1GEUrLnkH0S6-PWkmQ2x6N7nAVBYk/view?usp=drivesdk","drive.google.com","아니오","정상"
"標","이미지 1","https://drive.google.com/file/d/10dHTO4O06is3348WERi_9cyY7FDgayo7/view?usp=drive_link","drive.google.com","아니오","정상"
"標","획순 이미지","https://drive.google.com/file/d/1PsAziPETyPTT2k9CWss0g8o311lj17SU/view?usp=drivesdk","drive.google.com","아니오","정상"
"必","이미지 1","https://drive.google.com/file/d/1DL9nKzalScnQPtjcXAJFHqsy9IT5Emo7/view?usp=drive_link","drive.google.com","아니오","정상"
"必","획순 이미지","https://drive.google.com/file/d/1Bbh5P_g7rIGyLcVQEo8fI6pSsABEbxou/view?usp=drivesdk","drive.google.com","아니오","정상"
"賀","이미지 1","https://drive.google.com/file/d/1JjxpfMa9UOno-l3PhNbgnds_-xGtWdaE/view?usp=drive_link","drive.google.com","아니오","정상"
"賀","획순 이미지","https://drive.google.com/file/d/1VyofzoByvYSB2zZDqXgsHRTmgsMKomjI/view?usp=drivesdk","drive.google.com","아니오","정상"
"害","이미지 1","https://drive.google.com/file/d/1drbsaJiPhEj7n04MCfuk5GdnfSGgk_gR/view?usp=drive_link","drive.google.com","아니오","정상"
"害","획순 이미지","https://drive.google.com/file/d/1B9sBG_rrwZV5iX5NhbBoDNkODOFQD4Ch/view?usp=drivesdk","drive.google.com","아니오","정상"
"香","이미지 1","https://drive.google.com/file/d/1KK6Sx3nfAvt07yBStHBvvUakS2KuAEm7/view?usp=drive_link","drive.google.com","아니오","정상"
"香","획순 이미지","https://drive.google.com/file/d/1VBmNDrcngcgUpStIY2Zt3lzk9wWtZUR6/view?usp=drivesdk","drive.google.com","아니오","정상"
"験","이미지 1","https://drive.google.com/file/d/1qbbhFnW1LXFAddpCaNgLg8vMm9GD0XGJ/view?usp=drive_link","drive.google.com","아니오","정상"
"験","획순 이미지","https://drive.google.com/file/d/1E53Y541smE8j3sOJogqms4mjQSEdw74u/view?usp=drivesdk","drive.google.com","아니오","정상"
"協","이미지 1","https://drive.google.com/file/d/1rJpt_-HtD3amSuD-4dVtd8v486Zlti1E/view?usp=drive_link","drive.google.com","아니오","정상"
"協","획순 이미지","https://drive.google.com/file/d/1GNV6HkXOgcLM2zv-INrpw_fzrXamJH6v/view?usp=drivesdk","drive.google.com","아니오","정상"
"好","이미지 1","https://drive.google.com/file/d/1cELwrQNGp4JJcL-BHwcNwvoM9jfpCNv9/view?usp=drive_link","drive.google.com","아니오","정상"
"好","획순 이미지","https://drive.google.com/file/d/1yxun_yDg37POMSytDOMVuBSM0dylrTe9/view?usp=drivesdk","drive.google.com","아니오","정상"
"貨","이미지 1","https://drive.google.com/file/d/1zclCoKE_D4PrTxsPqtrx-Dxekz-x24gR/view?usp=drive_link","drive.google.com","아니오","정상"
"貨","획순 이미지","https://drive.google.com/file/d/1WQa1UAdiBNE12ayiTORhG6Ar6zWlLAEx/view?usp=drivesdk","drive.google.com","아니오","정상"
"栃","이미지 1","https://drive.google.com/file/d/13MSWIH2COBadH0bZo89GQ-iWgxMzGY0B/view?usp=drive_link","drive.google.com","아니오","정상"
"栃","획순 이미지","https://drive.google.com/file/d/1cpc0djGcB6ONeiOyGHIAjlcLY2FcwHkq/view?usp=drivesdk","drive.google.com","아니오","정상"
"候","이미지 1","https://drive.google.com/file/d/1jQkvW4XFzwi7rSuwr29FzAQV9u1bxUiR/view?usp=drive_link","drive.google.com","아니오","정상"
"候","획순 이미지","https://drive.google.com/file/d/1L_aeNchbhHeLv9INjNEupvFxKCoau1_I/view?usp=drivesdk","drive.google.com","아니오","정상"
"訓","이미지 1","https://drive.google.com/file/d/1XNg-m1OYEwaBxbOQImP2VQ5NLaySWTWv/view?usp=drive_link","drive.google.com","아니오","정상"
"訓","획순 이미지","https://drive.google.com/file/d/1b3ZcA3ZKanWUYQae0JUiphQtuOHYKKEh/view?usp=drivesdk","drive.google.com","아니오","정상"
"希","이미지 1","https://drive.google.com/file/d/1fDQTbMHeNfrl28fKP32qfxFWadgKsfnm/view?usp=drive_link","drive.google.com","아니오","정상"
"希","획순 이미지","https://drive.google.com/file/d/1GDXpiGkMudU98ytzVy9FlnpIYvzft0Et/view?usp=drivesdk","drive.google.com","아니오","정상"
"可","이미지 1","https://drive.google.com/file/d/1LuSQhbeVXgGL86vjv82G38TFT_Fb-Uae/view?usp=drive_link","drive.google.com","아니오","정상"
"可","획순 이미지","https://drive.google.com/file/d/1EBGoBYRgz44b6IAHj10CMf260EM0GUC-/view?usp=drivesdk","drive.google.com","아니오","정상"
"仮","이미지 1","https://drive.google.com/file/d/1mAvCkaKpBAXs_CPBGFxMY4-T7qX527UR/view?usp=drive_link","drive.google.com","아니오","정상"
"仮","획순 이미지","https://drive.google.com/file/d/1QovnlijDOS3_OXsCcQ-jP31J1grRdXoG/view?usp=drivesdk","drive.google.com","아니오","정상"
"価","이미지 1","https://drive.google.com/file/d/1nFDPIWQliL7Lw-ZzIAo-zdnGSeLQASVg/view?usp=drive_link","drive.google.com","아니오","정상"
"価","획순 이미지","https://drive.google.com/file/d/1J8SARpusTLXdj5mIrfgKRDzgaXanfiya/view?usp=drivesdk","drive.google.com","아니오","정상"
"刊","이미지 1","https://drive.google.com/file/d/1hW3Tfl3zi4QM1FBlnJF2c57y-lmvKP9D/view?usp=drive_link","drive.google.com","아니오","정상"
"刊","획순 이미지","https://drive.google.com/file/d/1bBqBixtaIlPdNClVCYK3Hb7t7-WFGZGc/view?usp=drivesdk","drive.google.com","아니오","정상"
"幹","이미지 1","https://drive.google.com/file/d/1heP_zSmR1e36eFdhROYt6ve_UuXl3o9C/view?usp=drive_link","drive.google.com","아니오","정상"
"幹","획순 이미지","https://drive.google.com/file/d/12RYEgKe9aJiNEIe4LyOb4TSOYydw9nHg/view?usp=drivesdk","drive.google.com","아니오","정상"
"減","이미지 1","https://drive.google.com/file/d/15CWvbBJrARar-rlBVByMsN5ol-bFP0zp/view?usp=drive_link","drive.google.com","아니오","정상"
"減","획순 이미지","https://drive.google.com/file/d/1rJ4bZrf3QYVQMgh5wk2slViQg9AIj-tr/view?usp=drivesdk","drive.google.com","아니오","정상"
"講","이미지 1","https://drive.google.com/file/d/1asCBtmEaewZtoBWYTEJjhBhw6xkMWHqJ/view?usp=drive_link","drive.google.com","아니오","정상"
"講","획순 이미지","https://drive.google.com/file/d/12qy_UeitJp6NSwqTgQDleOvuKv-5Xr3I/view?usp=drivesdk","drive.google.com","아니오","정상"
"個","이미지 1","https://drive.google.com/file/d/1ZmIy6Ie3Ru7frmGtXiMgkBOz6nV4-0zv/view?usp=drive_link","drive.google.com","아니오","정상"
"個","획순 이미지","https://drive.google.com/file/d/1hzW-KtHnfcOj9QcV1ZdfPCFqfPGmdWAN/view?usp=drivesdk","drive.google.com","아니오","정상"
"居","이미지 1","https://drive.google.com/file/d/1Fd30td0kfl2OUhjmd9JwOH9usm9FB-pP/view?usp=drive_link","drive.google.com","아니오","정상"
"居","획순 이미지","https://drive.google.com/file/d/1K01EAiz_YrjuuEUgrQR-EU25SJoUiwNf/view?usp=drivesdk","drive.google.com","아니오","정상"
"件","이미지 1","https://drive.google.com/file/d/1tW0B1Tv9COKKOLjFIf8iprC_kDuzfj2F/view?usp=drive_link","drive.google.com","아니오","정상"
"件","획순 이미지","https://drive.google.com/file/d/1Jj3r86Jz3j5Kb5iaklrLFR-pdkvlJ0wz/view?usp=drivesdk","drive.google.com","아니오","정상"
"検","이미지 1","https://drive.google.com/file/d/1bg0b29BjsC1DjghdHA4fqx01i5fag5oO/view?usp=drive_link","drive.google.com","아니오","정상"
"検","획순 이미지","https://drive.google.com/file/d/1nYPO1TptkCR1AkxPfA37v_FViCYkIDCa/view?usp=drivesdk","drive.google.com","아니오","정상"
"格","이미지 1","https://drive.google.com/file/d/1nfXyJwn93rL_VXj9jwD0ZcbcRaYPHA3p/view?usp=drive_link","drive.google.com","아니오","정상"
"格","획순 이미지","https://drive.google.com/file/d/1YJuKUGsGZU3R86cZeYThL5bXqTFqQPIM/view?usp=drivesdk","drive.google.com","아니오","정상"
"潔","이미지 1","https://drive.google.com/file/d/1BT8CPlmrQWv1dYNDymEWmfoyj6JWijY1/view?usp=drive_link","drive.google.com","아니오","정상"
"潔","획순 이미지","https://drive.google.com/file/d/1zpVF3onfxVnv1IpHlkr4mD6Ak8Brj8zD/view?usp=drivesdk","drive.google.com","아니오","정상"
"耕","이미지 1","https://drive.google.com/file/d/1xN-VkVLK9FNWrKy3wpZipdMKVyyYJGTD/view?usp=drive_link","drive.google.com","아니오","정상"
"耕","획순 이미지","https://drive.google.com/file/d/1aZ9msNZkq6KN4Ot4a0t4Gz1Dy31KbIa_/view?usp=drivesdk","drive.google.com","아니오","정상"
"経","이미지 1","https://drive.google.com/file/d/173cCP_mRYOLysFtiy7fHpUO3JbXbnnls/view?usp=drive_link","drive.google.com","아니오","정상"
"経","획순 이미지","https://drive.google.com/file/d/1Wfrd57zfb0A-Ey1zQROnhq8vfR1Zm1-f/view?usp=drivesdk","drive.google.com","아니오","정상"
"境","이미지 1","https://drive.google.com/file/d/13POW1Wq3wF-B4qH_e1ZKzabnzNhWJikC/view?usp=drive_link","drive.google.com","아니오","정상"
"境","획순 이미지","https://drive.google.com/file/d/17gGxqgRG5snOkt2dLdeUrF3BVjzytVkk/view?usp=drivesdk","drive.google.com","아니오","정상"
"告","이미지 1","https://drive.google.com/file/d/1MAsG6ZTUn9jYlYFAquvnU9WfMVCB3ZKP/view?usp=drive_link","drive.google.com","아니오","정상"
"告","획순 이미지","https://drive.google.com/file/d/1RRMDPAXYdsEhV14-LFtfu1m5gBCqoL4n/view?usp=drivesdk","drive.google.com","아니오","정상"
"故","이미지 1","https://drive.google.com/file/d/1DW4RIyDkFnlW2C-AalmpOP3WZ18-EP6q/view?usp=drive_link","drive.google.com","아니오","정상"
"故","획순 이미지","https://drive.google.com/file/d/18wJUln9sIMBZgkxJ463IybxK2p6Mh-P-/view?usp=drivesdk","drive.google.com","아니오","정상"
"過","이미지 1","https://drive.google.com/file/d/1oM4O_jlqI1-E94Jbqma5bHy7RuNDxFt7/view?usp=drive_link","drive.google.com","아니오","정상"
"過","획순 이미지","https://drive.google.com/file/d/1IOTIVKI3r9414PbOYLVFpJw0L5U_Sori/view?usp=drivesdk","drive.google.com","아니오","정상"
"慣","이미지 1","https://drive.google.com/file/d/14vD1OpYvlKt5JGyTflEhdEmwFmKy36rl/view?usp=drive_link","drive.google.com","아니오","정상"
"慣","획순 이미지","https://drive.google.com/file/d/1CW_heiSWPTAEtPK-SxJAh6ak0v49LDA1/view?usp=drivesdk","drive.google.com","아니오","정상"
"鉱","이미지 1","https://drive.google.com/file/d/1mM8loNUpJZoN9OymdBt6ioqzwukpE-bQ/view?usp=drive_link","drive.google.com","아니오","정상"
"鉱","획순 이미지","https://drive.google.com/file/d/1TcbgVpkx8EML8BPq3C36NXBNRM744hTS/view?usp=drivesdk","drive.google.com","아니오","정상"
"救","이미지 1","https://drive.google.com/file/d/1CV5MLIGYyhASQ8yrO3HQXaxItfcyZVWU/view?usp=drive_link","drive.google.com","아니오","정상"
"救","획순 이미지","https://drive.google.com/file/d/1jrDiBT9B3DZ-1vhygkPCa4rClfj43_LI/view?usp=drivesdk","drive.google.com","아니오","정상"
"久","이미지 1","https://drive.google.com/file/d/1CM9CTGANFDXqcamJmVlYZueA_X-j5MyO/view?usp=drive_link","drive.google.com","아니오","정상"
"久","획순 이미지","https://drive.google.com/file/d/1-nKedBQ5Pxlxx8I2l7wYdDlbEPjD9zMs/view?usp=drivesdk","drive.google.com","아니오","정상"
"旧","이미지 1","https://drive.google.com/file/d/1AO8uE4u3_nUi6tlQTLJYiE7Su8bCt-kt/view?usp=drive_link","drive.google.com","아니오","정상"
"旧","획순 이미지","https://drive.google.com/file/d/12JrU-N76B0AoAIDIOD5i1w97bs65LHmB/view?usp=drivesdk","drive.google.com","아니오","정상"
"句","이미지 1","https://drive.google.com/file/d/1NvGc-BKf9oz274TWA3dcIqOuSXzD8Vte/view?usp=drive_link","drive.google.com","아니오","정상"
"句","획순 이미지","https://drive.google.com/file/d/1fVjeb8lmddaTcaC6K_n3y-pAz0MCB6dG/view?usp=drivesdk","drive.google.com","아니오","정상"
"構","이미지 1","https://drive.google.com/file/d/1DFzJ8n2cd7k-dPKMvaNLVvQTYnX6Bs1r/view?usp=drive_link","drive.google.com","아니오","정상"
"構","획순 이미지","https://drive.google.com/file/d/1c48Saj-d2j4wJOxF9pqyUGyMslxTh5oH/view?usp=drivesdk","drive.google.com","아니오","정상"
"規","이미지 1","https://drive.google.com/file/d/1papaSdOXmdj0_CLQF2_iX9hFJ96JsO6q/view?usp=drive_link","drive.google.com","아니오","정상"
"規","획순 이미지","https://drive.google.com/file/d/1Q7ELJeQkCVjLTtYazt-hQS4GggW97hsR/view?usp=drivesdk","drive.google.com","아니오","정상"
"均","이미지 1","https://drive.google.com/file/d/1WR10r6TdzNFeba2jqY-y9M_cwlRiaBFL/view?usp=drive_link","drive.google.com","아니오","정상"
"均","획순 이미지","https://drive.google.com/file/d/1ndnZFlz00d6I7RFNEPZVz04N6XuFb9Hb/view?usp=drivesdk","drive.google.com","아니오","정상"
"禁","이미지 1","https://drive.google.com/file/d/1w2YJ1BBBipAK2_K0-1uzz8ZvhecR-0vd/view?usp=drive_link","drive.google.com","아니오","정상"
"禁","획순 이미지","https://drive.google.com/file/d/1I4wnYWkIqUN6CE6ZhJCn568gbDF-tjhy/view?usp=drivesdk","drive.google.com","아니오","정상"
"紀","이미지 1","https://drive.google.com/file/d/17pQIaPyW_MqFuKHPB3k9uVhUNAGnSOyg/view?usp=drive_link","drive.google.com","아니오","정상"
"紀","획순 이미지","https://drive.google.com/file/d/1D3R7Qh2t6HMQvu8WOTWfZTBem4qO23ZS/view?usp=drivesdk","drive.google.com","아니오","정상"
"技","이미지 1","https://drive.google.com/file/d/1Ab7aoSTGA9kxOlaG7GnSpnqN04HBNMCE/view?usp=drive_link","drive.google.com","아니오","정상"
"技","획순 이미지","https://drive.google.com/file/d/1PO9aSVU3PyQjn1CcLHxI5n2uZb-0q763/view?usp=drivesdk","drive.google.com","아니오","정상"
"基","이미지 1","https://drive.google.com/file/d/1CYqRCJGEp60h6o-ixW53TiOvD9VofwaD/view?usp=drive_link","drive.google.com","아니오","정상"
"基","획순 이미지","https://drive.google.com/file/d/1XRNgyWpGJf4_fCooOnkCwHLJ4cGQRp1K/view?usp=drivesdk","drive.google.com","아니오","정상"
"寄","이미지 1","https://drive.google.com/file/d/1zjSKLLGYW73arRZVUm7HkLM1_tsKql_g/view?usp=drive_link","drive.google.com","아니오","정상"
"寄","획순 이미지","https://drive.google.com/file/d/1FczNob02adoLcej-LvRdNE8de9eU16NL/view?usp=drivesdk","drive.google.com","아니오","정상"
"能","이미지 1","https://drive.google.com/file/d/1tM7vxYtqiWWFQh3AsMFArhGvr9oxzRzD/view?usp=drive_link","drive.google.com","아니오","정상"
"能","획순 이미지","https://drive.google.com/file/d/1ee4SecOE5oAexU6VD0dBNzonbrhS98l0/view?usp=drivesdk","drive.google.com","아니오","정상"
"団","이미지 1","https://drive.google.com/file/d/1yCcYLRLc_CsBkY8PRnhH3adKvnoonuRv/view?usp=drive_link","drive.google.com","아니오","정상"
"団","획순 이미지","https://drive.google.com/file/d/1OOECLZ5H70IvCY7FzYaMk4WNHHuYiRvL/view?usp=drivesdk","drive.google.com","아니오","정상"
"断","이미지 1","https://drive.google.com/file/d/1hsXRvwCfwMtKgobqtXiLpIqMwKCoHSKT/view?usp=drive_link","drive.google.com","아니오","정상"
"断","획순 이미지","https://drive.google.com/file/d/1RR45LoF0Ldtp6KKmFCez4-EINlvZd6xg/view?usp=drivesdk","drive.google.com","아니오","정상"
"堂","이미지 1","https://drive.google.com/file/d/1LgyTXLKG0wVJSYyCbZfCTcmk9cbYgRhM/view?usp=drive_link","drive.google.com","아니오","정상"
"堂","획순 이미지","https://drive.google.com/file/d/1k5mcAJS3XxvE3K1elfsGin--kiFjfZBo/view?usp=drivesdk","drive.google.com","아니오","정상"
"貸","이미지 1","https://drive.google.com/file/d/1EHjq56ZagkrKVHzuCblGP83D_vRfWHy-/view?usp=drive_link","drive.google.com","아니오","정상"
"貸","획순 이미지","https://drive.google.com/file/d/18PjX_k-XlBGdLg-UwYbWcwejGPw_aXlg/view?usp=drivesdk","drive.google.com","아니오","정상"
"導","이미지 1","https://drive.google.com/file/d/1QSDQsC436z9jK6hQz-WCK-S2hE5GLtiB/view?usp=drive_link","drive.google.com","아니오","정상"
"導","획순 이미지","https://drive.google.com/file/d/1SdXtMFy063CK0vMUzHnjG-wPKBiQTvJh/view?usp=drivesdk","drive.google.com","아니오","정상"
"毒","이미지 1","https://drive.google.com/file/d/1qXvhH15hRfW_BHS9qsVgj0JVbBcnpjS9/view?usp=drive_link","drive.google.com","아니오","정상"
"毒","획순 이미지","https://drive.google.com/file/d/1oaBovMvodJVBJK5d2Wuls6lsdc2-LQpO/view?usp=drivesdk","drive.google.com","아니오","정상"
"独","이미지 1","https://drive.google.com/file/d/1Ybcpq7Ur58FoETcT7csR-kYa6GxIC6ov/view?usp=drive_link","drive.google.com","아니오","정상"
"独","획순 이미지","https://drive.google.com/file/d/1DhxuZTGdDsrYJyiLzW-dgqqZhMJgvWzl/view?usp=drivesdk","drive.google.com","아니오","정상"
"銅","이미지 1","https://drive.google.com/file/d/1fZdThueoO5noLx5PUiLkS06wwbLXHTAX/view?usp=drive_link","drive.google.com","아니오","정상"
"銅","획순 이미지","https://drive.google.com/file/d/1QRXoKaPDvXnsgV1-wZZqbZgA7cJfu9-p/view?usp=drivesdk","drive.google.com","아니오","정상"
"得","이미지 1","https://drive.google.com/file/d/1TcneZjTslU7TDGkoqVLDgUKmzBlF9sNV/view?usp=drive_link","drive.google.com","아니오","정상"
"得","획순 이미지","https://drive.google.com/file/d/1u1LtFGiRnJTARrRiU7N5IWLy_8UumMbs/view?usp=drivesdk","drive.google.com","아니오","정상"
"略","이미지 1","https://drive.google.com/file/d/1vZrYvW9u6TYnNxWbf0BnN3qHooU1Yghp/view?usp=drive_link","drive.google.com","아니오","정상"
"略","획순 이미지","https://drive.google.com/file/d/1O1qBw0MF59QNrn0ypYJuF5pIMtgwvIDL/view?usp=drivesdk","drive.google.com","아니오","정상"
"歴","이미지 1","https://drive.google.com/file/d/14RZ1Sggl9kYck-A9kGL-aSWHo6UTPKVt/view?usp=drive_link","drive.google.com","아니오","정상"
"歴","획순 이미지","https://drive.google.com/file/d/1djp2VQMkf2B7RdqKDsR7J24qwO33bSNj/view?usp=drivesdk","drive.google.com","아니오","정상"
"領","이미지 1","https://drive.google.com/file/d/1ivCyNGWFM1xodavEm3hTa10KTQuejO6V/view?usp=drive_link","drive.google.com","아니오","정상"
"領","획순 이미지","https://drive.google.com/file/d/18uFmnS0HjW79uNlL_BLm-DT953XvxLRz/view?usp=drivesdk","drive.google.com","아니오","정상"
"留","이미지 1","https://drive.google.com/file/d/1z4EE9hQMMEoxhgZwuuGUZ34hUjOMKqUW/view?usp=drive_link","drive.google.com","아니오","정상"
"留","획순 이미지","https://drive.google.com/file/d/1irXAPgaaPg0IHN-76cJyr9GUZAJ4UnAK/view?usp=drivesdk","drive.google.com","아니오","정상"
"率","이미지 1","https://drive.google.com/file/d/1BYosgO_Anfok2FcSRaM2lZyDHpwcrPU4/view?usp=drive_link","drive.google.com","아니오","정상"
"率","획순 이미지","https://drive.google.com/file/d/1Nd2ZF_lOY5eSHKPRU9mrmnN9Nn8TCTuQ/view?usp=drivesdk","drive.google.com","아니오","정상"
"脈","이미지 1","https://drive.google.com/file/d/1gHqy_uJf3HuU6YcYuIJNfW_Uke1Lrrib/view?usp=drive_link","drive.google.com","아니오","정상"
"脈","획순 이미지","https://drive.google.com/file/d/1e3vergpNgh6KlpN0HAWuQJ2APozS_jLx/view?usp=drivesdk","drive.google.com","아니오","정상"
"綿","이미지 1","https://drive.google.com/file/d/1jkKrjhVL7FIs2USzA8jtxThS7PgQf_U-/view?usp=drive_link","drive.google.com","아니오","정상"
"綿","획순 이미지","https://drive.google.com/file/d/1KwEPWdE7hbthl-T-4nI7mSMCKvBPu4IF/view?usp=drivesdk","drive.google.com","아니오","정상"
"夢","이미지 1","https://drive.google.com/file/d/1uYSsmx2sQv6g2H-Dv-hQLaT4bP9a1KG8/view?usp=drive_link","drive.google.com","아니오","정상"
"夢","획순 이미지","https://drive.google.com/file/d/1rEqzRdLK-9xx9ky1fCBbjcOLrPvkplbW/view?usp=drivesdk","drive.google.com","아니오","정상"
"墓","이미지 1","https://drive.google.com/file/d/1iCq6pHzOaY3CIVwuQwIt6MHoO8Y0Fzwt/view?usp=drive_link","drive.google.com","아니오","정상"
"墓","획순 이미지","https://drive.google.com/file/d/1givLKOoB2QrE-MhB8MmKX8BNxFwFe3I9/view?usp=drivesdk","drive.google.com","아니오","정상"
"武","이미지 1","https://drive.google.com/file/d/1ub9nzrQ443PGxgMFFE3La7Ebt8fj12kk/view?usp=drive_link","drive.google.com","아니오","정상"
"武","획순 이미지","https://drive.google.com/file/d/17cPOuyqh4qD7Z72bzNJ-bVb53vkp7phR/view?usp=drivesdk","drive.google.com","아니오","정상"
"務","이미지 1","https://drive.google.com/file/d/1ctI9OGCchG6m7k4eeLrer40OEa0pl4hi/view?usp=drive_link","drive.google.com","아니오","정상"
"務","획순 이미지","https://drive.google.com/file/d/1dZ6ZBmRq0ICzo-R0qMyOvAbkjDTICe-f/view?usp=drivesdk","drive.google.com","아니오","정상"
"貿","이미지 1","https://drive.google.com/file/d/1PPrBD2acs_5Jd8xY6eHMfL_3uEn6VLLt/view?usp=drive_link","drive.google.com","아니오","정상"
"貿","획순 이미지","https://drive.google.com/file/d/1YxEePSHcwwdBpzWHCMpxtNZ3q7yExOQG/view?usp=drivesdk","drive.google.com","아니오","정상"
"迷","이미지 1","https://drive.google.com/file/d/1UdRQ9caQtJv46Jzr1_CAEEMWpUgGTU2d/view?usp=drive_link","drive.google.com","아니오","정상"
"迷","획순 이미지","https://drive.google.com/file/d/1UdFRCFGFo6_wfTL-Qs8ulKAJ6isqX2LE/view?usp=drivesdk","drive.google.com","아니오","정상"
"防","이미지 1","https://drive.google.com/file/d/17Erbjq8cxVgd8BwD4hhxcdRG7vml1OOY/view?usp=drive_link","drive.google.com","아니오","정상"
"防","획순 이미지","https://drive.google.com/file/d/1pZxuEE2As13mWkKtX__O921xqqB3WkCq/view?usp=drivesdk","drive.google.com","아니오","정상"
"犯","이미지 1","https://drive.google.com/file/d/1N0SYgV9JJciYRDnjoUexyOQgGUAIe7Em/view?usp=drive_link","drive.google.com","아니오","정상"
"犯","획순 이미지","https://drive.google.com/file/d/14H-GJ3MumnT-qHvSLqdbl9g8aLEiuf5b/view?usp=drivesdk","drive.google.com","아니오","정상"
"弁","이미지 1","https://drive.google.com/file/d/1XgiXoUPLZgb2Y0oXZT8XmNt8QBf7SHcg/view?usp=drive_link","drive.google.com","아니오","정상"
"弁","획순 이미지","https://drive.google.com/file/d/1TuXk-rYDz6In_fiMkansRjSpfmLMeSqV/view?usp=drivesdk","drive.google.com","아니오","정상"
"保","이미지 1","https://drive.google.com/file/d/1KSisuaMW5SXzvJ9Y-jx1nQa2bWEcnqZV/view?usp=drive_link","drive.google.com","아니오","정상"
"保","획순 이미지","https://drive.google.com/file/d/1KDD6irq5fhLSDYmhaScBHTwqUaPNdzs1/view?usp=drivesdk","drive.google.com","아니오","정상"
"報","이미지 1","https://drive.google.com/file/d/10WIwsV2mXjiI9pGT9LLnmhAoV29M8kPp/view?usp=drive_link","drive.google.com","아니오","정상"
"報","획순 이미지","https://drive.google.com/file/d/13fl4_zsyc-Ae7uwizNZd4kvOn4JFwTjB/view?usp=drivesdk","drive.google.com","아니오","정상"
"復","이미지 1","https://drive.google.com/file/d/1bm8XQzKXo4Cwt7lFxLNsfp5w8fZ_OU-1/view?usp=drive_link","drive.google.com","아니오","정상"
"復","획순 이미지","https://drive.google.com/file/d/1M0_ttcO9Kh9h2pVdbAgGktxhV5JGGyFO/view?usp=drivesdk","drive.google.com","아니오","정상"
"複","이미지 1","https://drive.google.com/file/d/1OC0zM_nPVWeAkDuJBc-RivY3mvAG-ohP/view?usp=drive_link","drive.google.com","아니오","정상"
"複","획순 이미지","https://drive.google.com/file/d/1_3ZmBwmXXLFoqV5ACbkbg_xbTUrumcXP/view?usp=drivesdk","drive.google.com","아니오","정상"
"婦","이미지 1","https://drive.google.com/file/d/186gwBJBcOFlClyrb8QIq7eq_R7uwDRWN/view?usp=drive_link","drive.google.com","아니오","정상"
"婦","획순 이미지","https://drive.google.com/file/d/1PIrUvPdQ2BT0TGttAwOmyuTjOLJIFirH/view?usp=drivesdk","drive.google.com","아니오","정상"
"粉","이미지 1","https://drive.google.com/file/d/1Tqny-cpOKJekLMj5evZxrPJexq159r_I/view?usp=drive_link","drive.google.com","아니오","정상"
"粉","획순 이미지","https://drive.google.com/file/d/1Gd50s2t991W5TcEy5cfV-qwVPHHCch-L/view?usp=drivesdk","drive.google.com","아니오","정상"
"仏","이미지 1","https://drive.google.com/file/d/1dcU583B6v3Z42ONVn-ftkfOESRHiqvSU/view?usp=drive_link","drive.google.com","아니오","정상"
"仏","획순 이미지","https://drive.google.com/file/d/1XkgFCW0aqgfVZh4sCupoxOZdE0cI8jXH/view?usp=drivesdk","drive.google.com","아니오","정상"
"費","이미지 1","https://drive.google.com/file/d/1C_hCzbSHA_9bpIEYjyUxuim03OZ1tEJ-/view?usp=drive_link","drive.google.com","아니오","정상"
"費","획순 이미지","https://drive.google.com/file/d/1HKVRmzNsm1Lnpj44GYcUoOvRuYnyihlU/view?usp=drivesdk","drive.google.com","아니오","정상"
"比","이미지 1","https://drive.google.com/file/d/1irlaAFy1mNpfBeWPiSETpAsQciEh8qsZ/view?usp=drive_link","drive.google.com","아니오","정상"
"比","획순 이미지","https://drive.google.com/file/d/1_sH36tEvdmMF5VdY7XKmCl2nef8Fwp5r/view?usp=drivesdk","drive.google.com","아니오","정상"
"非","이미지 1","https://drive.google.com/file/d/1Mp7bxfXtS-aNMsPyhCuRFJ3_FCgQ2EiE/view?usp=drive_link","drive.google.com","아니오","정상"
"非","획순 이미지","https://drive.google.com/file/d/1jNduZddYCxWPCHe1vCZUArrcuVqd41ax/view?usp=drivesdk","drive.google.com","아니오","정상"
"肥","이미지 1","https://drive.google.com/file/d/1dXj38cx4FPTeKYCPFG-WMVD1JtRHd6BU/view?usp=drive_link","drive.google.com","아니오","정상"
"肥","획순 이미지","https://drive.google.com/file/d/1oTmOY9jwpm-vuwJZ1h6t3yuAvda70CTz/view?usp=drivesdk","drive.google.com","아니오","정상"
"備","이미지 1","https://drive.google.com/file/d/1DE9sbObmoaLhaW5_8MFx4JjnXZD1GcK5/view?usp=drive_link","drive.google.com","아니오","정상"
"備","획순 이미지","https://drive.google.com/file/d/192QfIhRb_xBPPjCLiWHHgAk4ye4umkro/view?usp=drivesdk","drive.google.com","아니오","정상"
"貧","이미지 1","https://drive.google.com/file/d/15pHAzn9LLy7MWP772IYqOBWgusy1brUT/view?usp=drive_link","drive.google.com","아니오","정상"
"貧","획순 이미지","https://drive.google.com/file/d/124dPILO8IhZp846JStHWmSpVegdSBrVW/view?usp=drivesdk","drive.google.com","아니오","정상"
"士","이미지 1","https://drive.google.com/file/d/1WpI76hnutdOQOz0UPDOiREmYx0Y3bmeI/view?usp=drive_link","drive.google.com","아니오","정상"
"士","획순 이미지","https://drive.google.com/file/d/1LdA0mgD-C_W61WEwfy7bchYn09K4PyBt/view?usp=drivesdk","drive.google.com","아니오","정상"
"史","이미지 1","https://drive.google.com/file/d/1oz6BmnpUn16uv2acKuWIKxCwv-T1i83c/view?usp=drive_link","drive.google.com","아니오","정상"
"史","획순 이미지","https://drive.google.com/file/d/1L9qr8IuXxx6ux-BecojowmIv0GuWpCuu/view?usp=drivesdk","drive.google.com","아니오","정상"
"似","이미지 1","https://drive.google.com/file/d/1hiWMfYmvv4eCvfwiq7yhvMjPyWZNe4gn/view?usp=drive_link","drive.google.com","아니오","정상"
"似","획순 이미지","https://drive.google.com/file/d/1Tk5Wc-WCoK6lccZB5Ug0tTdASQER62L0/view?usp=drivesdk","drive.google.com","아니오","정상"
"舎","이미지 1","https://drive.google.com/file/d/1zFMRJ8MpadbLkhMvvQQ0n45a_fJJOoTD/view?usp=drive_link","drive.google.com","아니오","정상"
"舎","획순 이미지","https://drive.google.com/file/d/1gVhJNsLnupR288NMfQw_-UDT_9aH4Fnc/view?usp=drivesdk","drive.google.com","아니오","정상"
"査","이미지 1","https://drive.google.com/file/d/1YJNwanPsAMpf9RbvGttP59VHp94NT7I-/view?usp=drive_link","drive.google.com","아니오","정상"
"査","획순 이미지","https://drive.google.com/file/d/1VjcxX53pIxzrYKsX5vuDLxgpXTjX5sMM/view?usp=drivesdk","drive.google.com","아니오","정상"
"師","이미지 1","https://drive.google.com/file/d/1O7-xrRmdSxWX7IPg6NNDglkPa8ZfSDM1/view?usp=drive_link","drive.google.com","아니오","정상"
"師","획순 이미지","https://drive.google.com/file/d/1kId1kIgjVeDjCFrdejYQCg8qDoDwRfHC/view?usp=drivesdk","drive.google.com","아니오","정상"
"飼","이미지 1","https://drive.google.com/file/d/1K5UijpIFzFHSQ0aXMdWkYc7z7iQQUTl1/view?usp=drive_link","drive.google.com","아니오","정상"
"飼","획순 이미지","https://drive.google.com/file/d/1c7xTST9AguUJsKmuV1TQcoUwlrhDuVXI/view?usp=drivesdk","drive.google.com","아니오","정상"
"謝","이미지 1","https://drive.google.com/file/d/110gBvLfnSk1bS2WuBA9YSLINO7e7Wo3L/view?usp=drive_link","drive.google.com","아니오","정상"
"謝","획순 이미지","https://drive.google.com/file/d/1TvuB2O0EQsVuk5RxGHNHr6DV-kdUdykw/view?usp=drivesdk","drive.google.com","아니오","정상"
"酸","이미지 1","https://drive.google.com/file/d/1_KCrA6nJKL1Jvty1JaCH1hJX8_ghh4CL/view?usp=drive_link","drive.google.com","아니오","정상"
"酸","획순 이미지","https://drive.google.com/file/d/158xvWd2NISgGgt1VLDuvRN7y8LFs2o-d/view?usp=drivesdk","drive.google.com","아니오","정상"
"殺","이미지 1","https://drive.google.com/file/d/1y4hEZGq0srRvGNUeAVs8wYyyeRjqFwGq/view?usp=drive_link","drive.google.com","아니오","정상"
"殺","획순 이미지","https://drive.google.com/file/d/1Q6iQ2aK5r97De2d2shDGZYZfLarzjwOi/view?usp=drivesdk","drive.google.com","아니오","정상"
"象","이미지 1","https://drive.google.com/file/d/16khH-JFNJTDjzvXQzrlA7hCMkBIh11b2/view?usp=drive_link","drive.google.com","아니오","정상"
"象","획순 이미지","https://drive.google.com/file/d/1MlBLFs2AEQJ5Jip86l-gUNq858kJV-kN/view?usp=drivesdk","drive.google.com","아니오","정상"
"賞","이미지 1","https://drive.google.com/file/d/17Ft-LNX2Bprhx491J97LJEVWdUMg9Gag/view?usp=drive_link","drive.google.com","아니오","정상"
"賞","획순 이미지","https://drive.google.com/file/d/1rvMmNrxpfeermxxBV0YmC1ZqH6p0FNca/view?usp=drivesdk","drive.google.com","아니오","정상"
"状","이미지 1","https://drive.google.com/file/d/1Aw6a1d2w78DVvV1_43ty1_O5Ug49AZxi/view?usp=drive_link","drive.google.com","아니오","정상"
"状","획순 이미지","https://drive.google.com/file/d/1kCjqaVPuAv1u7l_w2hEuVhnkoF4zOAou/view?usp=drivesdk","drive.google.com","아니오","정상"
"常","이미지 1","https://drive.google.com/file/d/1yl3489cwn8kphay70vO0DYvrIRJGnwKn/view?usp=drive_link","drive.google.com","아니오","정상"
"常","획순 이미지","https://drive.google.com/file/d/1FN5D1rL88lskEWOGuozLYvYjt-SrRPMJ/view?usp=drivesdk","drive.google.com","아니오","정상"
"像","이미지 1","https://drive.google.com/file/d/1JY6dgW1njSAZWYAIRix2y05a-2C2e399/view?usp=drive_link","drive.google.com","아니오","정상"
"像","획순 이미지","https://drive.google.com/file/d/18kbQCmmFHSULOSnJvHO-Y51c-HZKbErr/view?usp=drivesdk","drive.google.com","아니오","정상"
"序","이미지 1","https://drive.google.com/file/d/1sNQxRFFNEs4cQ2Vfq48PqbKLBniI71Eh/view?usp=drive_link","drive.google.com","아니오","정상"
"序","획순 이미지","https://drive.google.com/file/d/1CfP0kNo7KcEoZVBiER61Gwf84keKHSEp/view?usp=drivesdk","drive.google.com","아니오","정상"
"設","이미지 1","https://drive.google.com/file/d/1I2prR4goXty3LXgyE-Nuwfw_uPuSx5zi/view?usp=drive_link","drive.google.com","아니오","정상"
"設","획순 이미지","https://drive.google.com/file/d/1gJmTFNm6hy2Oz77-F4D9Zqn4Ms_R8_1B/view?usp=drivesdk","drive.google.com","아니오","정상"
"性","이미지 1","https://drive.google.com/file/d/1aDWvkN9UQuXhmC4tgOWCR1eZ6J1vIMCq/view?usp=drive_link","drive.google.com","아니오","정상"
"性","획순 이미지","https://drive.google.com/file/d/1dMCvVRt4r7jkT7sx9KWNWpBLcxeGKNAn/view?usp=drivesdk","drive.google.com","아니오","정상"
"税","이미지 1","https://drive.google.com/file/d/1z_eevJ0R7p6H3YwznG5FzjwLCECXu9lB/view?usp=drive_link","drive.google.com","아니오","정상"
"税","획순 이미지","https://drive.google.com/file/d/13E1PhIPAhBWZ2uhQ84CHAxO_j0ZahlWh/view?usp=drivesdk","drive.google.com","아니오","정상"
"勢","이미지 1","https://drive.google.com/file/d/1uINYcIW6aUo2EyGfi999S_UY7RhEtEUv/view?usp=drive_link","drive.google.com","아니오","정상"
"勢","획순 이미지","https://drive.google.com/file/d/1YPEYLku2kHgwz2XPjCAeeTJGAPSFlORT/view?usp=drivesdk","drive.google.com","아니오","정상"
"素","이미지 1","https://drive.google.com/file/d/1r_mwOP3DP_fBkul_PvR3_vAAF_6Sk4Im/view?usp=drive_link","drive.google.com","아니오","정상"
"素","획순 이미지","https://drive.google.com/file/d/1CYFyBhmFlz3RVvDJvzedq8mjUDzI_nrR/view?usp=drivesdk","drive.google.com","아니오","정상"
"属","이미지 1","https://drive.google.com/file/d/1yCKpu0pFGXJq8YNWxqsJFFKHJLWXhkdc/view?usp=drive_link","drive.google.com","아니오","정상"
"属","획순 이미지","https://drive.google.com/file/d/1KIqzrpaLVHnxv5caWBzbIQ9WVfa2F6j2/view?usp=drivesdk","drive.google.com","아니오","정상"
"損","이미지 1","https://drive.google.com/file/d/1DhoLdgB52xFmh59QzZt59fQZaoHpypsr/view?usp=drive_link","drive.google.com","아니오","정상"
"損","획순 이미지","https://drive.google.com/file/d/1i472wR0xVp_M051XKairWN3XaABOyrR0/view?usp=drivesdk","drive.google.com","아니오","정상"
"修","이미지 1","https://drive.google.com/file/d/1NiAecRff6XqutCknhmDNBw5TgPQgWlZx/view?usp=drive_link","drive.google.com","아니오","정상"
"修","획순 이미지","https://drive.google.com/file/d/1bwdHMd_uHNC9-pKJmCrzOq3vCV3kGl6l/view?usp=drivesdk","drive.google.com","아니오","정상"
"授","이미지 1","https://drive.google.com/file/d/1Ux4xoyxSj9IPUZ7sIJlEeie7unBLWUdW/view?usp=drive_link","drive.google.com","아니오","정상"
"授","획순 이미지","https://drive.google.com/file/d/1eZVuotUDHnjaFh6cNJw4ONOCC8xejOW_/view?usp=drivesdk","drive.google.com","아니오","정상"
"輸","이미지 1","https://drive.google.com/file/d/1WiiMKwernttkYrwVyGFyu2mNQrDFnwuL/view?usp=drive_link","drive.google.com","아니오","정상"
"輸","획순 이미지","https://drive.google.com/file/d/1AcQZ03kN9H7LCb6misBSx__wskeIUy36/view?usp=drivesdk","drive.google.com","아니오","정상"
"述","이미지 1","https://drive.google.com/file/d/16KFvvoTv9sSPQQQ0GiPSpDPHN8XtehR1/view?usp=drive_link","drive.google.com","아니오","정상"
"述","획순 이미지","https://drive.google.com/file/d/1RR1qgHRk7a2tkYLe3a-YHtVjJQ2nmy3J/view?usp=drivesdk","drive.google.com","아니오","정상"
"術","이미지 1","https://drive.google.com/file/d/1qkgARV7k39VGjGXPlxclEKNudHv1FlJ7/view?usp=drive_link","drive.google.com","아니오","정상"
"術","획순 이미지","https://drive.google.com/file/d/1LPxZMT6Nxy18T-EooN8h0d06cs6fgFYj/view?usp=drivesdk","drive.google.com","아니오","정상"
"示","이미지 1","https://drive.google.com/file/d/14Ikfw01fN1_3FpHh9QRgB7-kO0bwMstk/view?usp=drive_link","drive.google.com","아니오","정상"
"示","획순 이미지","https://drive.google.com/file/d/1bPEzr2pGr8pbmUYHMiME7-Ov8gM66Jec/view?usp=drivesdk","drive.google.com","아니오","정상"
"識","이미지 1","https://drive.google.com/file/d/1c-TecNJJwVgrjfXPb9IuviowZmmh2HYP/view?usp=drive_link","drive.google.com","아니오","정상"
"識","획순 이미지","https://drive.google.com/file/d/1Lwoi2wxRztztXtgOp4wFmC3B8ejt9eAT/view?usp=drivesdk","drive.google.com","아니오","정상"
"眼","이미지 1","https://drive.google.com/file/d/1PFL4us88Vk74q6u654sNgruCeXsnFc73/view?usp=drive_link","drive.google.com","아니오","정상"
"眼","획순 이미지","https://drive.google.com/file/d/1tLmWq-JTOe2oDYMlsVjkGHk_4zPt1Mzs/view?usp=drivesdk","drive.google.com","아니오","정상"
"圧","이미지 1","https://drive.google.com/file/d/1jug26eXf2vFTaatK6pxCuP6UOBs7GgAG/view?usp=drive_link","drive.google.com","아니오","정상"
"圧","획순 이미지","https://drive.google.com/file/d/1DGbyh18NIeVhCXKiYJWSuEcXD8pPFQ-d/view?usp=drivesdk","drive.google.com","아니오","정상"
"液","이미지 1","https://drive.google.com/file/d/174WiA8OSCX_3G8NXV2f3IQGCEpPreEIv/view?usp=drive_link","drive.google.com","아니오","정상"
"液","획순 이미지","https://drive.google.com/file/d/1jgBsw1XHvWW9ntfy9ETUier6R2yRb2rf/view?usp=drivesdk","drive.google.com","아니오","정상"
"額","이미지 1","https://drive.google.com/file/d/1sBFOkXQA6C8hHEsrYFSNZyUIgrYkEk5W/view?usp=drive_link","drive.google.com","아니오","정상"
"額","획순 이미지","https://drive.google.com/file/d/1HIMxw733t5gdFyUE1XDVVjpFDLg5Xfkx/view?usp=drivesdk","drive.google.com","아니오","정상"
"桜","이미지 1","https://drive.google.com/file/d/1aMbebqKe5VWZuNONdmafkaNdmqpdgfKj/view?usp=drive_link","drive.google.com","아니오","정상"
"桜","획순 이미지","https://drive.google.com/file/d/1Q5c4-iDpRXyuVn0I4XJFZvy_qTUHaAX6/view?usp=drivesdk","drive.google.com","아니오","정상"
"余","이미지 1","https://drive.google.com/file/d/1Vw0Wj9PXQGYv8vU9YikBow2bVl4jaupr/view?usp=drive_link","drive.google.com","아니오","정상"
"余","획순 이미지","https://drive.google.com/file/d/1r5qtD5VbNaoFwAHg39v_39aY-tF9299S/view?usp=drivesdk","drive.google.com","아니오","정상"
"易","이미지 1","https://drive.google.com/file/d/1Ij_nMrpPJ2xb2-LRpUUryXh7sOuKEf1z/view?usp=drive_link","drive.google.com","아니오","정상"
"易","획순 이미지","https://drive.google.com/file/d/1qp_XJBR2EIpHf5O0uLQ7M2-d3ohAjQmt/view?usp=drivesdk","drive.google.com","아니오","정상"
"逆","이미지 1","https://drive.google.com/file/d/1pUmePcyiX8mMYBc_Rbn-w4h0J7ld3piN/view?usp=drive_link","drive.google.com","아니오","정상"
"逆","획순 이미지","https://drive.google.com/file/d/1sznHaQj3yVXXXpdDt4VHJQUWeJWdlc0X/view?usp=drivesdk","drive.google.com","아니오","정상"
"演","이미지 1","https://drive.google.com/file/d/1bXpUJZb4J3zwgR02UGWuStsMeXHI88gs/view?usp=drive_link","drive.google.com","아니오","정상"
"演","획순 이미지","https://drive.google.com/file/d/1Gc_TP_OmXNDSQnGjaxQFHHld7-tnk_2K/view?usp=drivesdk","drive.google.com","아니오","정상"
"燃","이미지 1","https://drive.google.com/file/d/1mWGjYsJpb45PnDi97ssPD824SREvPz0d/view?usp=drive_link","drive.google.com","아니오","정상"
"燃","획순 이미지","https://drive.google.com/file/d/1q5wttiUW522mpR8VeAQeqP_M0DcbD4dW/view?usp=drivesdk","drive.google.com","아니오","정상"
"永","이미지 1","https://drive.google.com/file/d/1rXhS4CCE4GNjTLnnSCgL5VYz0kCx5Fxz/view?usp=drive_link","drive.google.com","아니오","정상"
"永","획순 이미지","https://drive.google.com/file/d/15YWCbYehQ1e7vm7_3wf6OGlD-L4XN0nO/view?usp=drivesdk","drive.google.com","아니오","정상"
"営","이미지 1","https://drive.google.com/file/d/1mmcoll0gZDwgZdNIFkvz51un8xDlvG77/view?usp=drive_link","drive.google.com","아니오","정상"
"営","획순 이미지","https://drive.google.com/file/d/1blKI7nAEbYpyLoG9zBs9gsObr0C27_Fd/view?usp=drivesdk","drive.google.com","아니오","정상"
"往","이미지 1","https://drive.google.com/file/d/1iCBkA9W3aipWWANig6r1Ecpk_451Iua1/view?usp=drive_link","drive.google.com","아니오","정상"
"往","획순 이미지","https://drive.google.com/file/d/1yC6F81eaRPlkRTiYu0abL-LV71KPFgin/view?usp=drivesdk","drive.google.com","아니오","정상"
"容","이미지 1","https://drive.google.com/file/d/1YOdwIIUBrOZMpd92KZ4CRIN0hLSDVrU1/view?usp=drive_link","drive.google.com","아니오","정상"
"容","획순 이미지","https://drive.google.com/file/d/1IFjtsr6BxrfKAx7vVma8XytCeBiyYlde/view?usp=drivesdk","drive.google.com","아니오","정상"
"囲","이미지 1","https://drive.google.com/file/d/1d0aBXoTnfcia-3zKhTeuOOKAuJ90SLvs/view?usp=drive_link","drive.google.com","아니오","정상"
"囲","획순 이미지","https://drive.google.com/file/d/17JE9TIjDSeaC7MofN5OrdzbFR68SJpAK/view?usp=drivesdk","drive.google.com","아니오","정상"
"衛","이미지 1","https://drive.google.com/file/d/1d_sLAfRrQmgXggz2Zn3wCOWWpYamUnoq/view?usp=drive_link","drive.google.com","아니오","정상"
"衛","획순 이미지","https://drive.google.com/file/d/1uxhQtIdMaVevG6nFKIXfwr_WdachexhL/view?usp=drivesdk","drive.google.com","아니오","정상"
"応","이미지 1","https://drive.google.com/file/d/1FpYHbihECarPUwTrBw0soi0-voiNBinU/view?usp=drive_link","drive.google.com","아니오","정상"
"応","획순 이미지","https://drive.google.com/file/d/1V127OymraMkglNSJZCW1HjX3o_Yh0HPV/view?usp=drivesdk","drive.google.com","아니오","정상"
"義","이미지 1","https://drive.google.com/file/d/1MRQOF2enkdMia0Zr-Ve-soQPKJ2ow503/view?usp=drive_link","drive.google.com","아니오","정상"
"義","획순 이미지","https://drive.google.com/file/d/1OS8DDAXXjQslD19B2cD_4Lw8iY32Y_1g/view?usp=drivesdk","drive.google.com","아니오","정상"
"移","이미지 1","https://drive.google.com/file/d/1aMEt4o1Jxgm05VCqhWtmhatHXDdAETS3/view?usp=drive_link","drive.google.com","아니오","정상"
"移","획순 이미지","https://drive.google.com/file/d/1-GPuQFy-FWvhQgCBgvuTiMrgkJMOHLTZ/view?usp=drivesdk","drive.google.com","아니오","정상"
"益","이미지 1","https://drive.google.com/file/d/1s69jYqhahgCyzSVzdZjT5K1mM7x0MNcw/view?usp=drive_link","drive.google.com","아니오","정상"
"益","획순 이미지","https://drive.google.com/file/d/1NNUB6m9856OzLl2UeSRb-woANYRjBYUu/view?usp=drivesdk","drive.google.com","아니오","정상"
"因","이미지 1","https://drive.google.com/file/d/1WAdjRZXtfRbRusmZwZHs0VrSCE5IkazH/view?usp=drive_link","drive.google.com","아니오","정상"
"因","획순 이미지","https://drive.google.com/file/d/1eIfaACwFJuAHeB0hL8imXNM1li5bLy-h/view?usp=drivesdk","drive.google.com","아니오","정상"
"任","이미지 1","https://drive.google.com/file/d/1ff_v6U4KHhYymOUZZyFuh_GHDVuYWzKx/view?usp=drive_link","drive.google.com","아니오","정상"
"任","획순 이미지","https://drive.google.com/file/d/16W6NWMtL66cuWHjAMTTsLMySt8jLWJuw/view?usp=drivesdk","drive.google.com","아니오","정상"
"資","이미지 1","https://drive.google.com/file/d/1MKZBNzbgqyzI9azbzfahYJwR4elimXho/view?usp=drive_link","drive.google.com","아니오","정상"
"資","획순 이미지","https://drive.google.com/file/d/19s4GXnLn7nL9yHD0TllVXMpDTl9OgdYM/view?usp=drivesdk","drive.google.com","아니오","정상"
"雑","이미지 1","https://drive.google.com/file/d/1YAdWpXwT6S5349PDQp4mBU0amYBJxNG3/view?usp=drive_link","drive.google.com","아니오","정상"
"雑","획순 이미지","https://drive.google.com/file/d/1luVWjUc_JBAa53VABu5bFoNqy-OsqWdl/view?usp=drivesdk","drive.google.com","아니오","정상"
"張","이미지 1","https://drive.google.com/file/d/1tTUCCbZORwMA_huGho0K6l87Jfm45eQ8/view?usp=drive_link","drive.google.com","아니오","정상"
"張","획순 이미지","https://drive.google.com/file/d/1gkdsnKFdXL0tex2m-AzaF4kvhQoglOAA/view?usp=drivesdk","drive.google.com","아니오","정상"
"在","이미지 1","https://drive.google.com/file/d/1Wfj9V_yu8msSbL4poEG8UTKupwulUtPm/view?usp=drive_link","drive.google.com","아니오","정상"
"在","획순 이미지","https://drive.google.com/file/d/1khHIw4nAmDlQoFP3aAf3hPPe2V0BkjX7/view?usp=drivesdk","drive.google.com","아니오","정상"
"再","이미지 1","https://drive.google.com/file/d/1RxVjOvomhjlzr9MlikaCIDVnwLCz2t7H/view?usp=drive_link","drive.google.com","아니오","정상"
"再","획순 이미지","https://drive.google.com/file/d/1E6VBeS2WEda-L7lkSxqyMqnwb1iPtoIL/view?usp=drivesdk","drive.google.com","아니오","정상"
"災","이미지 1","https://drive.google.com/file/d/1OeMPwARTl98h78OkXr-8c-qPowc3O88N/view?usp=drive_link","drive.google.com","아니오","정상"
"災","획순 이미지","https://drive.google.com/file/d/1o5Pr04y-zjJ8eNIGWEHCGRyR7tuVCL4V/view?usp=drivesdk","drive.google.com","아니오","정상"
"財","이미지 1","https://drive.google.com/file/d/1xUz7qVqaCBRtdrqg9w4Wkr0SO1F0Q-FK/view?usp=drive_link","drive.google.com","아니오","정상"
"財","획순 이미지","https://drive.google.com/file/d/1gW3OZSkmUsZblXrT5NnG1rbHC9Kxye3U/view?usp=drivesdk","drive.google.com","아니오","정상"
"貯","이미지 1","https://drive.google.com/file/d/17zXfHhWixdMj8cQJ45zRO-JsvhFEqPCe/view?usp=drive_link","drive.google.com","아니오","정상"
"貯","획순 이미지","https://drive.google.com/file/d/1DJEhSfj3-vc85iGxnjAhtdw32QW-IPUQ/view?usp=drivesdk","drive.google.com","아니오","정상"
"適","이미지 1","https://drive.google.com/file/d/1iEHypBI2x97E0oYzQHU5rmMk_0Io4ynT/view?usp=drive_link","drive.google.com","아니오","정상"
"適","획순 이미지","https://drive.google.com/file/d/1JkRcRLL2TlD0UDePqgWpmJipz_c3syvX/view?usp=drivesdk","drive.google.com","아니오","정상"
"績","이미지 1","https://drive.google.com/file/d/13ohT3ak3kFxAV4pFqsseaSDHFBjLfjSq/view?usp=drive_link","drive.google.com","아니오","정상"
"績","획순 이미지","https://drive.google.com/file/d/1c5ml47RGXQ7Pts79u6JbMsSnAwD8RC1j/view?usp=drivesdk","drive.google.com","아니오","정상"
"絶","이미지 1","https://drive.google.com/file/d/18KoFMaedoyszRPUNTJLxhhZLdInvTxSR/view?usp=drive_link","drive.google.com","아니오","정상"
"絶","획순 이미지","https://drive.google.com/file/d/1LevmXPeV_SR9H3eOvqIptxHvI6X_Xuhm/view?usp=drivesdk","drive.google.com","아니오","정상"
"接","이미지 1","https://drive.google.com/file/d/1_rIZJL_hjijRem4s-r0i5gksKnMdHV7m/view?usp=drive_link","drive.google.com","아니오","정상"
"接","획순 이미지","https://drive.google.com/file/d/13YDi4GGzu9ChimEpi4qtt9ZzNdIQ1XO2/view?usp=drivesdk","drive.google.com","아니오","정상"
"停","이미지 1","https://drive.google.com/file/d/119Z7dJyayeUAQALjsUtSaXvH3TdE9hdD/view?usp=drive_link","drive.google.com","아니오","정상"
"停","획순 이미지","https://drive.google.com/file/d/1O1326PI6c1QRk1jBrbAlAP4Y9WCKxF5N/view?usp=drivesdk","drive.google.com","아니오","정상"
"政","이미지 1","https://drive.google.com/file/d/1QZLbOA2vuzrEcS98XZcEzFMyfYpA-UL2/view?usp=drive_link","drive.google.com","아니오","정상"
"政","획순 이미지","https://drive.google.com/file/d/1EhJueZG2VqDXffQBjBhvoWBnte7KwoiQ/view?usp=drivesdk","drive.google.com","아니오","정상"
"情","이미지 1","https://drive.google.com/file/d/1BSR-YVPHvO_Muu-JiuUQ1ZjgLLQM2qv3/view?usp=drive_link","drive.google.com","아니오","정상"
"情","획순 이미지","https://drive.google.com/file/d/1TDokpwAYtZkr6B5J0v9GNjUit2pqGBIw/view?usp=drivesdk","drive.google.com","아니오","정상"
"程","이미지 1","https://drive.google.com/file/d/15jSngATQ0gjStaMvAR5aSIjVtbSXPqVO/view?usp=drive_link","drive.google.com","아니오","정상"
"程","획순 이미지","https://drive.google.com/file/d/10IGC0szmaiDZDQQpQaBWmtAEIh6j_ce8/view?usp=drivesdk","drive.google.com","아니오","정상"
"精","이미지 1","https://drive.google.com/file/d/1MjYJVw-szy4BRpAf8dcOBKRF4WL0bXQu/view?usp=drive_link","drive.google.com","아니오","정상"
"精","획순 이미지","https://drive.google.com/file/d/1ceiCaeMQcU93JRPSKF1G4VHD7IJP9jnI/view?usp=drivesdk","drive.google.com","아니오","정상"
"制","이미지 1","https://drive.google.com/file/d/14QBRIyZ8vXL93lhazbGe-1K-WQI8bohT/view?usp=drive_link","drive.google.com","아니오","정상"
"制","획순 이미지","https://drive.google.com/file/d/1CbyBEs4XlJD-SQR3juF7mU9MEAyES8N6/view?usp=drivesdk","drive.google.com","아니오","정상"
"提","이미지 1","https://drive.google.com/file/d/1Y5fZ4sdQ8pAs5G9Tduw9FqdnuOpyL4-f/view?usp=drive_link","drive.google.com","아니오","정상"
"提","획순 이미지","https://drive.google.com/file/d/1KM91wsY0EkjNw_i4lnVahz9aaQ-vdGJw/view?usp=drivesdk","drive.google.com","아니오","정상"
"製","이미지 1","https://drive.google.com/file/d/18h7qj2A5trXjd4YdxVzEl01Ro6WoEXlg/view?usp=drive_link","drive.google.com","아니오","정상"
"製","획순 이미지","https://drive.google.com/file/d/1kB50Lbdl7U6GHn0rEJ7qc4aREkGFi6mJ/view?usp=drivesdk","drive.google.com","아니오","정상"
"際","이미지 1","https://drive.google.com/file/d/1l6WmcJANXKLUBwgVBOTilzu07XUPpZHS/view?usp=drive_link","drive.google.com","아니오","정상"
"際","획순 이미지","https://drive.google.com/file/d/1RLpIOTPl-zQ1yygYsJSfanUFcVrGX4Gp/view?usp=drivesdk","drive.google.com","아니오","정상"
"条","이미지 1","https://drive.google.com/file/d/1MHJpUBIP4z7yly3xD1gfe9bEAfnX3cqe/view?usp=drive_link","drive.google.com","아니오","정상"
"条","획순 이미지","https://drive.google.com/file/d/13X5G71E7iFzVwOPFc6pRFIQsLUpA_46_/view?usp=drivesdk","drive.google.com","아니오","정상"
"祖","이미지 1","https://drive.google.com/file/d/1J3f-R7GwJQOSlhvZQD3lhd8ERnx-qrPK/view?usp=drive_link","drive.google.com","아니오","정상"
"祖","획순 이미지","https://drive.google.com/file/d/18qxbmaw2_i_If3LobwZ1zUcEAR3Lh2xZ/view?usp=drivesdk","drive.google.com","아니오","정상"
"造","이미지 1","https://drive.google.com/file/d/1f0jN7e7tbC53ARcN-g4xUb56TNro_q4K/view?usp=drive_link","drive.google.com","아니오","정상"
"造","획순 이미지","https://drive.google.com/file/d/1719MpkMq5ZP1adWkLoAyaRYvbTkEu-ES/view?usp=drivesdk","drive.google.com","아니오","정상"
"罪","이미지 1","https://drive.google.com/file/d/1-hxDaVFQscw_gg7sSG7A-yfy0_dAatId/view?usp=drive_link","drive.google.com","아니오","정상"
"罪","획순 이미지","https://drive.google.com/file/d/15OFTlhuFGI8XwAPSv72GKRe-FBFFwIoG/view?usp=drivesdk","drive.google.com","아니오","정상"
"準","이미지 1","https://drive.google.com/file/d/1fklz0ekXU4_DK8cDRg1GsH8AZtU8XxVm/view?usp=drive_link","drive.google.com","아니오","정상"
"準","획순 이미지","https://drive.google.com/file/d/1RULnUHXZzuqEDGN4PxFvzEQMTuv8gomB/view?usp=drivesdk","drive.google.com","아니오","정상"
"証","이미지 1","https://drive.google.com/file/d/1AOs_mAo7moh_DmXeOV4ZAShajejPd2MI/view?usp=drive_link","drive.google.com","아니오","정상"
"証","획순 이미지","https://drive.google.com/file/d/1Dnv6VXgoLY9wmtKctY5EDjHqLwBLVncV/view?usp=drivesdk","drive.google.com","아니오","정상"
"増","이미지 1","https://drive.google.com/file/d/1yKqe3PahyJpv6VorBNgO0pV5M3Ug7WtH/view?usp=drive_link","drive.google.com","아니오","정상"
"増","획순 이미지","https://drive.google.com/file/d/108mS2ZuZZVLF1f1kmwly4_Ri87J16C8N/view?usp=drivesdk","drive.google.com","아니오","정상"
"支","이미지 1","https://drive.google.com/file/d/1glZ9fMkEz1HyTePoTFlgKtdbfSL8W2de/view?usp=drive_link","drive.google.com","아니오","정상"
"支","획순 이미지","https://drive.google.com/file/d/1LaArBJ2stEIYsRhb8NFW9yjfKLtPKgGM/view?usp=drivesdk","drive.google.com","아니오","정상"
"志","이미지 1","https://drive.google.com/file/d/15EdmK1-Q2q4d_EhIJH7hUZ7GdpNa4LIX/view?usp=drive_link","drive.google.com","아니오","정상"
"志","획순 이미지","https://drive.google.com/file/d/1yIn3GTW7RMWhSrCsBzHL1uB7ItbTqdAo/view?usp=drivesdk","drive.google.com","아니오","정상"
"枝","이미지 1","https://drive.google.com/file/d/1das4JGgRA_pds_89Wif2URgBIFDgnkAx/view?usp=drive_link","drive.google.com","아니오","정상"
"枝","획순 이미지","https://drive.google.com/file/d/1sZrn2gAI5MRGl5FkJJp8_D2UqBWL_vrp/view?usp=drivesdk","drive.google.com","아니오","정상"
"職","이미지 1","https://drive.google.com/file/d/1z1nTyCxIE_vvRCtG6qL8mbuaaS22epI4/view?usp=drive_link","drive.google.com","아니오","정상"
"職","획순 이미지","https://drive.google.com/file/d/1ZB64iLKGyUAOk21T1FxBWgUGEo1IVlNk/view?usp=drivesdk","drive.google.com","아니오","정상"
"織","이미지 1","https://drive.google.com/file/d/1pZ5KMCDjXTUIPdPugoFF9s0zA757ttE-/view?usp=drive_link","drive.google.com","아니오","정상"
"織","획순 이미지","https://drive.google.com/file/d/1FL2Pfbfs5amwlLFMP6rTorwyBRrSe1a4/view?usp=drivesdk","drive.google.com","아니오","정상"
"質","이미지 1","https://drive.google.com/file/d/1_QklyNgfsy4wEPc19HHohIH9GHY8ZBMM/view?usp=drive_link","drive.google.com","아니오","정상"
"質","획순 이미지","https://drive.google.com/file/d/1mrR8mXer0uGcpe0i1z-z2YQPnSRNkkND/view?usp=drivesdk","drive.google.com","아니오","정상"
"賛","이미지 1","https://drive.google.com/file/d/15s0ga4maW3rLaUpMBi0VJWK9f93SX_If/view?usp=drive_link","drive.google.com","아니오","정상"
"賛","획순 이미지","https://drive.google.com/file/d/1dV8sSYaSgVzhwfVJnnhkKBqMuzXVfclf/view?usp=drivesdk","drive.google.com","아니오","정상"
"採","이미지 1","https://drive.google.com/file/d/15IY8vASS6xSYiyYVgJPcWPkiAqTVGzAw/view?usp=drive_link","drive.google.com","아니오","정상"
"採","획순 이미지","https://drive.google.com/file/d/1fo3kRiK_lCbGhHwyBaFL6JDIo1YQs9-P/view?usp=drivesdk","drive.google.com","아니오","정상"
"責","이미지 1","https://drive.google.com/file/d/1tuPpy0bE85424yj0qaO8SkCqt8ClOKT5/view?usp=drive_link","drive.google.com","아니오","정상"
"責","획순 이미지","https://drive.google.com/file/d/1_iJBKxcqTe6zZZ7zAqPJUzhoERp533xf/view?usp=drivesdk","drive.google.com","아니오","정상"
"妻","이미지 1","https://drive.google.com/file/d/1bvEi4t2ApNdV9ZXXX8ToXHkU7BxczB6N/view?usp=drive_link","drive.google.com","아니오","정상"
"妻","획순 이미지","https://drive.google.com/file/d/1g_q_ZR3oAZvXNEkqCqCIT9ct6iY57O0K/view?usp=drivesdk","drive.google.com","아니오","정상"
"招","이미지 1","https://drive.google.com/file/d/1NzFbGERxwHDvccDxNstgIG3ttlFXoCM9/view?usp=drive_link","drive.google.com","아니오","정상"
"招","획순 이미지","https://drive.google.com/file/d/1WzVPb85k45HyEeKUINx_pLQrHDVMnH8q/view?usp=drivesdk","drive.google.com","아니오","정상"
"総","이미지 1","https://drive.google.com/file/d/1gkpKb_GRIrwvs24FkHkwRtpuYPVDCa_n/view?usp=drive_link","drive.google.com","아니오","정상"
"総","획순 이미지","https://drive.google.com/file/d/1VlgTsO8Acg7RnO0CwCrZhZQJs2qVFFuK/view?usp=drivesdk","drive.google.com","아니오","정상"
"築","이미지 1","https://drive.google.com/file/d/1oJr4xpxKKUT_q3YILbWKDSlkFoAsgZMf/view?usp=drive_link","drive.google.com","아니오","정상"
"築","획순 이미지","https://drive.google.com/file/d/1VAhPGu41O1JWhla0vV8OiZcjAnghxC-P/view?usp=drivesdk","drive.google.com","아니오","정상"
"測","이미지 1","https://drive.google.com/file/d/1j4XcKrZhyjF5pz3OU2WMyEOBjxNHrA8p/view?usp=drive_link","drive.google.com","아니오","정상"
"測","획순 이미지","https://drive.google.com/file/d/14-eT4FBxDAevRaIzE4QgN97XGr-CT89C/view?usp=drivesdk","drive.google.com","아니오","정상"
"則","이미지 1","https://drive.google.com/file/d/1HcGR0skO3u5-gAeJyJ0d8D3hSHyo4jM2/view?usp=drive_link","drive.google.com","아니오","정상"
"則","획순 이미지","https://drive.google.com/file/d/1qRLpqzBN0KD8U4hiSBeWduDavShZlz4p/view?usp=drivesdk","drive.google.com","아니오","정상"
"快","이미지 1","https://drive.google.com/file/d/1fos5gwov5gpcHywy5dbbqdjFFrt32LDB/view?usp=drive_link","drive.google.com","아니오","정상"
"快","획순 이미지","https://drive.google.com/file/d/136c0A3aCNL2uLBOiHXWa3Vty397LquUq/view?usp=drivesdk","drive.google.com","아니오","정상"
"態","이미지 1","https://drive.google.com/file/d/1ksJPYyh5Bv2nYNnOFQKInB7tOsWo_Tf5/view?usp=drive_link","drive.google.com","아니오","정상"
"態","획순 이미지","https://drive.google.com/file/d/1tCEgfEEGqZGDKxGh1c9L1S_vKRf2t0Ur/view?usp=drivesdk","drive.google.com","아니오","정상"
"統","이미지 1","https://drive.google.com/file/d/1RUBnFcXorYpXemV4KVUCVU-dlj0r8fjS/view?usp=drive_link","drive.google.com","아니오","정상"
"統","획순 이미지","https://drive.google.com/file/d/1CUqfYrlungbsaNaWju4WIt83vIF26UpK/view?usp=drivesdk","drive.google.com","아니오","정상"
"破","이미지 1","https://drive.google.com/file/d/16QAtEtVzuyZIzoSw6ic9EtArkO4R7QZm/view?usp=drive_link","drive.google.com","아니오","정상"
"破","획순 이미지","https://drive.google.com/file/d/1XYuTqD-LF9EhI88pNlheQIkrB-tHWuhI/view?usp=drivesdk","drive.google.com","아니오","정상"
"判","이미지 1","https://drive.google.com/file/d/1TdMDDUGvd32-2VodjFx1q-D3UAt4jNYt/view?usp=drive_link","drive.google.com","아니오","정상"
"判","획순 이미지","https://drive.google.com/file/d/1YXuiw2YgDsNuXmpC9_SzjxsksBWbGUcQ/view?usp=drivesdk","drive.google.com","아니오","정상"
"版","이미지 1","https://drive.google.com/file/d/1QFMY_SRXArdgngm5wnPLMMgbeuCh1cpu/view?usp=drive_link","drive.google.com","아니오","정상"
"版","획순 이미지","https://drive.google.com/file/d/1pOS0KFvp7tqHPdTZNT3AJ5A62dTCgXRW/view?usp=drivesdk","drive.google.com","아니오","정상"
"編","이미지 1","https://drive.google.com/file/d/17t529GEMFuKv11Wk138lqw_Pafd53kZu/view?usp=drive_link","drive.google.com","아니오","정상"
"編","획순 이미지","https://drive.google.com/file/d/1X6IpkAUVCWujYVI0UU3FlMvt6D17eI9M/view?usp=drivesdk","drive.google.com","아니오","정상"
"評","이미지 1","https://drive.google.com/file/d/1WXZSdPftR13sERrlRIs50ndEANs7EIOE/view?usp=drive_link","drive.google.com","아니오","정상"
"評","획순 이미지","https://drive.google.com/file/d/1tA5hz6JN6CRTC0ut7uqcH6eH0S-tYOaR/view?usp=drivesdk","drive.google.com","아니오","정상"
"布","이미지 1","https://drive.google.com/file/d/1pH4dPXrDrTZQHWo54o0qFAnTmtvF185m/view?usp=drive_link","drive.google.com","아니오","정상"
"布","획순 이미지","https://drive.google.com/file/d/1txi5xbxvwMKd7N3ED0rlVogC2dJ6M6M0/view?usp=drivesdk","drive.google.com","아니오","정상"
"暴","이미지 1","https://drive.google.com/file/d/1w5rpwuP5HuU1sxwWWbxRTgKE1dCngaCi/view?usp=drive_link","drive.google.com","아니오","정상"
"暴","획순 이미지","https://drive.google.com/file/d/19B9410Ino8dSSuABgxTNqIDl8gtyK9m0/view?usp=drivesdk","drive.google.com","아니오","정상"
"豊","이미지 1","https://drive.google.com/file/d/1uImHgd4V48U2EjSr81BFIvNXLFVpafuF/view?usp=drive_link","drive.google.com","아니오","정상"
"豊","획순 이미지","https://drive.google.com/file/d/1yjFjSf98MsrJDyao_A5MxvfXT2ymrR2U/view?usp=drivesdk","drive.google.com","아니오","정상"
"河","이미지 1","https://drive.google.com/file/d/1s1XZ1hVPnPbabjzahRCVW8YHLgt0P0MB/view?usp=drive_link","drive.google.com","아니오","정상"
"河","획순 이미지","https://drive.google.com/file/d/1wvRCsOwHS7kmorY7PRFw25Ie1j80V74O/view?usp=drivesdk","drive.google.com","아니오","정상"
"限","이미지 1","https://drive.google.com/file/d/1gmXqyTdwhCXDR5XdqFf5bi2qntjci_Fk/view?usp=drive_link","drive.google.com","아니오","정상"
"限","획순 이미지","https://drive.google.com/file/d/1gAPlxh9xw0nQTtuJZfMo_K3Jl0WaPewp/view?usp=drivesdk","drive.google.com","아니오","정상"
"航","이미지 1","https://drive.google.com/file/d/1Jc_VmfN8tGmSC46xaHD7KAILTmdahgSK/view?usp=drive_link","drive.google.com","아니오","정상"
"航","획순 이미지","https://drive.google.com/file/d/1TezBx1pd5RspFtKj5vziuPvWcCZ_tG1A/view?usp=drivesdk","drive.google.com","아니오","정상"
"解","이미지 1","https://drive.google.com/file/d/11zoT8sFfj5GTHM8SUymBEkXFtUCJ3v1u/view?usp=drive_link","drive.google.com","아니오","정상"
"解","획순 이미지","https://drive.google.com/file/d/10dY_icITTSC9LFh9JPNVoyvNyh956HeT/view?usp=drivesdk","drive.google.com","아니오","정상"
"許","이미지 1","https://drive.google.com/file/d/1YRy0Ktm7SztE4B3HFRbNEhZRJ8wHeRNA/view?usp=drive_link","drive.google.com","아니오","정상"
"許","획순 이미지","https://drive.google.com/file/d/1BuspRt66jd935B1HsUIOlk2Is8E-NIMG/view?usp=drivesdk","drive.google.com","아니오","정상"
"険","이미지 1","https://drive.google.com/file/d/19si0HD8Bdgu180xHpUgZehU27GGFs0eb/view?usp=drive_link","drive.google.com","아니오","정상"
"険","획순 이미지","https://drive.google.com/file/d/1h17KDMMBO3b2AtXacKIjhx1tEzWQInxQ/view?usp=drivesdk","drive.google.com","아니오","정상"
"現","이미지 1","https://drive.google.com/file/d/1m4qMJ8GDs3dxroJGZ1jSsA_QaOdUSD3f/view?usp=drive_link","drive.google.com","아니오","정상"
"現","획순 이미지","https://drive.google.com/file/d/1dSqESZKe0wG2xb3xmZtOW_BXwQscEHGQ/view?usp=drivesdk","drive.google.com","아니오","정상"
"型","이미지 1","https://drive.google.com/file/d/1k3L_ZtmrQCi4cxC1Yb6_SouZ-zDp8qyR/view?usp=drive_link","drive.google.com","아니오","정상"
"型","획순 이미지","https://drive.google.com/file/d/1QJ4KzuqKzp4ksXflxGAvV9GlSS_uXj-B/view?usp=drivesdk","drive.google.com","아니오","정상"
"護","이미지 1","https://drive.google.com/file/d/1-iV1bVicjKhsh3WMPXjvM6c4-6ygmIYb/view?usp=drive_link","drive.google.com","아니오","정상"
"護","획순 이미지","https://drive.google.com/file/d/1CRa6E5NNiL567CUM8_PGMz1PvgAkcY77/view?usp=drivesdk","drive.google.com","아니오","정상"
"混","이미지 1","https://drive.google.com/file/d/1Fc0AjblMhOdSkh4ATb7FIiiQ9AKjimFU/view?usp=drive_link","drive.google.com","아니오","정상"
"混","획순 이미지","https://drive.google.com/file/d/1Wxs4u7XPvqkXnJysLHVeXg3cSd0owSD0/view?usp=drivesdk","drive.google.com","아니오","정상"
"確","이미지 1","https://drive.google.com/file/d/1_adR2WxeSMCv1HN2YQblGyRo9evdmodn/view?usp=drive_link","drive.google.com","아니오","정상"
"確","획순 이미지","https://drive.google.com/file/d/14TRtFUFAVM3E8Nzc_szOeaImn4RxEJPo/view?usp=drivesdk","drive.google.com","아니오","정상"
"効","이미지 1","https://drive.google.com/file/d/1dqgSdh5PzDjapmmZJu5Y6mNGCP8RLQ7l/view?usp=drive_link","drive.google.com","아니오","정상"
"効","획순 이미지","https://drive.google.com/file/d/1pIk9EwD6N4iYeUWTxHN3WJ4c6SpNcgr_/view?usp=drivesdk","drive.google.com","아니오","정상"
"厚","이미지 1","https://drive.google.com/file/d/1_r9sNO_rlR2RIqmX5OwdlAy_Bl9zjjyH/view?usp=drive_link","drive.google.com","아니오","정상"
"厚","획순 이미지","https://drive.google.com/file/d/1EnCZhDDRvAQMeq1lcvGNMyejwxN13iYg/view?usp=drivesdk","drive.google.com","아니오","정상"
"興","이미지 1","https://drive.google.com/file/d/1DTCjI8OkchH13JaCGzbaEZdHWe5Kyvvm/view?usp=drive_link","drive.google.com","아니오","정상"
"興","획순 이미지","https://drive.google.com/file/d/1QQXppVzEMrI-a1s6VRsgDWaggrrpyw_K/view?usp=drivesdk","drive.google.com","아니오","정상"
"喜","이미지 1","https://drive.google.com/file/d/1s_Alkw1OLXqWk-gApjVfJaPtM5_C9KgY/view?usp=drive_link","drive.google.com","아니오","정상"
"喜","획순 이미지","https://drive.google.com/file/d/116NV--NqSGKPymmdbt0Kv8lq08mgDWWU/view?usp=drivesdk","drive.google.com","아니오","정상"
"刻","이미지 1","https://drive.google.com/file/d/1QgCJWZeR1TZwr486w-qFKZO1rW7cjnwq/view?usp=drive_link","drive.google.com","아니오","정상"
"刻","획순 이미지","https://drive.google.com/file/d/1uWEowfbJKqqIYGlATSaUE-wdlr67rjk6/view?usp=drivesdk","drive.google.com","아니오","정상"
"閣","이미지 1","https://drive.google.com/file/d/1DBHrB5QhOgptICpJPxkQhmCjFDnboOC4/view?usp=drive_link","drive.google.com","아니오","정상"
"閣","획순 이미지","https://drive.google.com/file/d/1pPlVwO1Q2qtdS5DqDOU6hg-l-WiTiEM_/view?usp=drivesdk","drive.google.com","아니오","정상"
"干","이미지 1","https://drive.google.com/file/d/1qo0DN40ZtsboDe_zZ85BBucxhu6ZyV1u/view?usp=drive_link","drive.google.com","아니오","정상"
"干","획순 이미지","https://drive.google.com/file/d/1Ijjt81y1vYFW9oCNwbHYGdwB7qkr_RNt/view?usp=drivesdk","drive.google.com","아니오","정상"
"看","이미지 1","https://drive.google.com/file/d/1_YLtesRPx2I_KfxP4CV3H0U1ve12prHs/view?usp=drive_link","drive.google.com","아니오","정상"
"看","획순 이미지","https://drive.google.com/file/d/1he3-jiJhYQJ0oUgS4uUUyvWRX42SMydd/view?usp=drivesdk","drive.google.com","아니오","정상"
"簡","이미지 1","https://drive.google.com/file/d/1LTg7J1kTeEtMNrLMFuTkXbLvgSMtnUue/view?usp=drive_link","drive.google.com","아니오","정상"
"簡","획순 이미지","https://drive.google.com/file/d/1B39rYzZQZ1i6XFsTdDf3JTR6FQSCW-aj/view?usp=drivesdk","drive.google.com","아니오","정상"
"降","이미지 1","https://drive.google.com/file/d/1Ql3UBmr7MJN6IhCYIacNw9QBI7kPC9Iv/view?usp=drive_link","drive.google.com","아니오","정상"
"降","획순 이미지","https://drive.google.com/file/d/1BGUeXRKx0-s2OIM8uw8b5iSSbpSoth6c/view?usp=drivesdk","drive.google.com","아니오","정상"
"鋼","이미지 1","https://drive.google.com/file/d/1Coz_nyZ4elF88kBodENLIg0SDlKu_ZCs/view?usp=drive_link","drive.google.com","아니오","정상"
"鋼","획순 이미지","https://drive.google.com/file/d/1wlj3UvhYsedQ0akYRcHwNxAKDrSELIfB/view?usp=drivesdk","drive.google.com","아니오","정상"
"激","이미지 1","https://drive.google.com/file/d/1e31MeJODgLcxBY-QDNvWKbdcLrNeLmm7/view?usp=drive_link","drive.google.com","아니오","정상"
"激","획순 이미지","https://drive.google.com/file/d/1AmPqaIuhPZX9MuyBfubpJnEYp6HiYgI_/view?usp=drivesdk","drive.google.com","아니오","정상"
"絹","이미지 1","https://drive.google.com/file/d/12BGv6JBBRtLpqwPCPqvJQZmkJ0tyYu_A/view?usp=drive_link","drive.google.com","아니오","정상"
"絹","획순 이미지","https://drive.google.com/file/d/1V2wXzkcKM_5_CUxDGMOB2sJvizG1bpNv/view?usp=drivesdk","drive.google.com","아니오","정상"
"敬","이미지 1","https://drive.google.com/file/d/1Gyw1cD3gaskcNhkiu7L8e017KpXKiF2g/view?usp=drive_link","drive.google.com","아니오","정상"
"敬","획순 이미지","https://drive.google.com/file/d/15pKmkWEvjEuHozdnA569-2tsfpWUzGsb/view?usp=drivesdk","drive.google.com","아니오","정상"
"警","이미지 1","https://drive.google.com/file/d/17XOZiXgUstrUY36MY7N0FqJHKqC72RoH/view?usp=drive_link","drive.google.com","아니오","정상"
"警","획순 이미지","https://drive.google.com/file/d/1_jdiA0-h8OBr-4FFDmNa9Oea6Cxrd8Vu/view?usp=drivesdk","drive.google.com","아니오","정상"
"系","이미지 1","https://drive.google.com/file/d/1m5w5_1A6c_-XLFYdr5JHVwKeAEzq1U8K/view?usp=drive_link","drive.google.com","아니오","정상"
"系","획순 이미지","https://drive.google.com/file/d/1lldlIZcrUMZu3f3Hf7o_-a3lr0YJYwDO/view?usp=drivesdk","drive.google.com","아니오","정상"
"届","이미지 1","https://drive.google.com/file/d/1xJhZ_9B1vBZV4Kpi8zS1cIKjDkMJMHjw/view?usp=drive_link","drive.google.com","아니오","정상"
"届","획순 이미지","https://drive.google.com/file/d/1IiqszLb5wB0DU5aMmAkLLMBR9V2X6iJu/view?usp=drivesdk","drive.google.com","아니오","정상"
"穀","이미지 1","https://drive.google.com/file/d/1v2dQz3_RN5W6-SGKwSJVnRbHmWiwSxxi/view?usp=drive_link","drive.google.com","아니오","정상"
"穀","획순 이미지","https://drive.google.com/file/d/18tiPT7n4GZj5pcFUsRNatSxos26Y4wMm/view?usp=drivesdk","drive.google.com","아니오","정상"
"困","이미지 1","https://drive.google.com/file/d/1rPnrKi3je6cgjXWvhWWOlGj9uoUOQT_G/view?usp=drive_link","drive.google.com","아니오","정상"
"困","획순 이미지","https://drive.google.com/file/d/1dKlWxA1jTGHVisOIYyXonGSCU8mtzHgD/view?usp=drivesdk","drive.google.com","아니오","정상"
"骨","이미지 1","https://drive.google.com/file/d/1bgrfeRWuGys_g9Sm3NeKAYsGAbMFOYlM/view?usp=drive_link","drive.google.com","아니오","정상"
"骨","획순 이미지","https://drive.google.com/file/d/1FVhv03f8ZJSHgqarxe2JSW5x896Mp7lK/view?usp=drivesdk","drive.google.com","아니오","정상"
"供","이미지 1","https://drive.google.com/file/d/191riD7dLpS4UDH0SQ12hQBDQurJoTNTG/view?usp=drive_link","drive.google.com","아니오","정상"
"供","획순 이미지","https://drive.google.com/file/d/1wMf0r39UCRIdCbLNIARVyYeN2NERWAOp/view?usp=drivesdk","drive.google.com","아니오","정상"
"券","이미지 1","https://drive.google.com/file/d/1aqFP193InqbX2cmuqOdyy0xQuxWMGjk9/view?usp=drive_link","drive.google.com","아니오","정상"
"券","획순 이미지","https://drive.google.com/file/d/1-hDIVngVLBgfZPnn0Lc_pgDpKiHtT5kg/view?usp=drivesdk","drive.google.com","아니오","정상"
"巻","이미지 1","https://drive.google.com/file/d/1cnLXkLzXwI-j9apk2io-bKFkpQxRCyLc/view?usp=drive_link","drive.google.com","아니오","정상"
"巻","획순 이미지","https://drive.google.com/file/d/1sJ72WbXMNXc8Yl9DbHLpYAPqUR_9eNhY/view?usp=drivesdk","drive.google.com","아니오","정상"
"権","이미지 1","https://drive.google.com/file/d/1szCa6c0QDaFOaEuA67tebBaWszS9xnV5/view?usp=drive_link","drive.google.com","아니오","정상"
"権","획순 이미지","https://drive.google.com/file/d/1eNOF56WnRFnJC765Xqej-goEWFq-i-Id/view?usp=drivesdk","drive.google.com","아니오","정상"
"机","이미지 1","https://drive.google.com/file/d/1oXU1lWz_0HcinYZ-vjxmv5Vn5pC-RK67/view?usp=drive_link","drive.google.com","아니오","정상"
"机","획순 이미지","https://drive.google.com/file/d/1AXaA34ER6AkXm92OzXV5YKB_f4xp235t/view?usp=drivesdk","drive.google.com","아니오","정상"
"貴","이미지 1","https://drive.google.com/file/d/1yKdGqURUyvlj7Larn7sUJyWGJ_BfnM7E/view?usp=drive_link","drive.google.com","아니오","정상"
"貴","획순 이미지","https://drive.google.com/file/d/196MEpqzk5oq1G2HzRZ-l3Va7-Em-MLAG/view?usp=drivesdk","drive.google.com","아니오","정상"
"劇","이미지 1","https://drive.google.com/file/d/1GiF2i4Sm1GgtfBgFO44wH_IptntsGlMx/view?usp=drive_link","drive.google.com","아니오","정상"
"劇","획순 이미지","https://drive.google.com/file/d/1cUoZjMOYzfmbO88tQSJCtehllThJFRFn/view?usp=drivesdk","drive.google.com","아니오","정상"
"勤","이미지 1","https://drive.google.com/file/d/13j_YqDzSNAsp7k-twwoLnqU_HMMmGf2y/view?usp=drive_link","drive.google.com","아니오","정상"
"勤","획순 이미지","https://drive.google.com/file/d/1nrn3M7POM3iLG-N0GAV-0ZYkqFnJbGhk/view?usp=drivesdk","drive.google.com","아니오","정상"
"筋","이미지 1","https://drive.google.com/file/d/1tAFMzyjgsQ6GLgA48DxROqnZ6VfE-LIt/view?usp=drive_link","drive.google.com","아니오","정상"
"筋","획순 이미지","https://drive.google.com/file/d/13gZP87e0YYZBYFDUwFcyzlQJ6fyupL6G/view?usp=drivesdk","drive.google.com","아니오","정상"
"己","이미지 1","https://drive.google.com/file/d/1kc5RMwRUSMFHZG7MoCFCa1ny1j-1vDR1/view?usp=drive_link","drive.google.com","아니오","정상"
"己","획순 이미지","https://drive.google.com/file/d/1Gq91yKjgbupjau_jNBwVZXFC4qqbdcNw/view?usp=drivesdk","drive.google.com","아니오","정상"
"暖","이미지 1","https://drive.google.com/file/d/1x1LRipk99spbQhJ7ZrX8kGLPZYDpyRaZ/view?usp=drive_link","drive.google.com","아니오","정상"
"暖","획순 이미지","https://drive.google.com/file/d/11YNiscySeFr2l5sGplyng3jbx-yyTflg/view?usp=drivesdk","drive.google.com","아니오","정상"
"難","이미지 1","https://drive.google.com/file/d/1xhr_AtcLNKTSkHhAQtEvrtU-_Rla3OzO/view?usp=drive_link","drive.google.com","아니오","정상"
"難","획순 이미지","https://drive.google.com/file/d/1kMCgEHLbbj26QrzSfn1P_TRIbeDRtQGZ/view?usp=drivesdk","drive.google.com","아니오","정상"
"納","이미지 1","https://drive.google.com/file/d/1fABWqf9A5zUWoAzNI_BkbUgY9wNj2BSc/view?usp=drive_link","drive.google.com","아니오","정상"
"納","획순 이미지","https://drive.google.com/file/d/1kmD5EgINYNRcffAVB4qeK5GED0QHB6ja/view?usp=drivesdk","drive.google.com","아니오","정상"
"脳","이미지 1","https://drive.google.com/file/d/1icEQUh9LMeVjM84cFX08mGfzV9erlDRH/view?usp=drive_link","drive.google.com","아니오","정상"
"脳","획순 이미지","https://drive.google.com/file/d/11Xtnvk4eG4boNAKapHfwXvAhc5VL5zbR/view?usp=drivesdk","drive.google.com","아니오","정상"
"段","이미지 1","https://drive.google.com/file/d/1nNMEntDP2OIVYhQXZEqH24K5Hks3sUV0/view?usp=drive_link","drive.google.com","아니오","정상"
"段","획순 이미지","https://drive.google.com/file/d/1YFfi1RbdmcriM8IttaDGeK9r7rumq0lq/view?usp=drivesdk","drive.google.com","아니오","정상"
"担","이미지 1","https://drive.google.com/file/d/1yKk9gmdooBM3QhiebtjyCF6YzT4zovPJ/view?usp=drive_link","drive.google.com","아니오","정상"
"担","획순 이미지","https://drive.google.com/file/d/1uNtSVkjyEdia0_jxaMTqUsaq9MdL8xq0/view?usp=drivesdk","drive.google.com","아니오","정상"
"党","이미지 1","https://drive.google.com/file/d/1VRoU5a0ScHG9aNAjImzCPgpbcJVC10gT/view?usp=drive_link","drive.google.com","아니오","정상"
"党","획순 이미지","https://drive.google.com/file/d/11zkGxAGtTrPnN7rP-L7AdHmuNmBmYHws/view?usp=drivesdk","drive.google.com","아니오","정상"
"糖","이미지 1","https://drive.google.com/file/d/1rCF6PSJ3alFpIRwQ1w3n12LO3QLi3LGq/view?usp=drive_link","drive.google.com","아니오","정상"
"糖","획순 이미지","https://drive.google.com/file/d/1otPVbl2utFnuLiMwW3ZsAVEDbwG2t4mq/view?usp=drivesdk","drive.google.com","아니오","정상"
"乱","이미지 1","https://drive.google.com/file/d/1zeJZnp7JGGX6IYhiryySRCR9JWl3OZUa/view?usp=drive_link","drive.google.com","아니오","정상"
"乱","획순 이미지","https://drive.google.com/file/d/1Pm3ngaJnuTzTgGcpW7Q6iTWrp31lZOq6/view?usp=drivesdk","drive.google.com","아니오","정상"
"卵","이미지 1","https://drive.google.com/file/d/1ZCeami9lQpbYkMo67pbavP7tumCCYcMi/view?usp=drive_link","drive.google.com","아니오","정상"
"卵","획순 이미지","https://drive.google.com/file/d/1a406uaThhMIkqAJm7_8AEajnoBc-LnEv/view?usp=drivesdk","drive.google.com","아니오","정상"
"覧","이미지 1","https://drive.google.com/file/d/1969rvoGinXjOiFD8vvQYnOMps52wk_id/view?usp=drive_link","drive.google.com","아니오","정상"
"覧","획순 이미지","https://drive.google.com/file/d/1Xw9_o9d0-nS1gaB7fiQrOQ6c_pdGMcw3/view?usp=drivesdk","drive.google.com","아니오","정상"
"朗","이미지 1","https://drive.google.com/file/d/1xZOU3SxURHONGorl5ATidWfFokHKri2J/view?usp=drive_link","drive.google.com","아니오","정상"
"朗","획순 이미지","https://drive.google.com/file/d/1AyC3wSiTzEucVKGhEikTEMEoJep8Ohbb/view?usp=drivesdk","drive.google.com","아니오","정상"
"論","이미지 1","https://drive.google.com/file/d/1Zbm-ijh__7rUOSUFIe8-wfKI4ELLNU7o/view?usp=drive_link","drive.google.com","아니오","정상"
"論","획순 이미지","https://drive.google.com/file/d/1KwlqWX_2NtdZz4KHXExadLw6_NRD8OUE/view?usp=drivesdk","drive.google.com","아니오","정상"
"律","이미지 1","https://drive.google.com/file/d/17pnyIgjTDuEQskPFMpAoBs8ClnHhPQ1T/view?usp=drive_link","drive.google.com","아니오","정상"
"律","획순 이미지","https://drive.google.com/file/d/1tJZKc7LgLVu9c-6RG780FDwkLZAUfaVV/view?usp=drivesdk","drive.google.com","아니오","정상"
"裏","이미지 1","https://drive.google.com/file/d/1iBmNxMbe3XvJnB6lwF3PKvDej-WL1x54/view?usp=drive_link","drive.google.com","아니오","정상"
"裏","획순 이미지","https://drive.google.com/file/d/1BjyFzhWRTTMSUWFx3g2BBiBjcb76E-QR/view?usp=drivesdk","drive.google.com","아니오","정상"
"臨","이미지 1","https://drive.google.com/file/d/1IRh73VkiRNH7PeZVSTd5xPUmS-gW3zuZ/view?usp=drive_link","drive.google.com","아니오","정상"
"臨","획순 이미지","https://drive.google.com/file/d/1oVHchKpP6wrWtM6jLj881HSHW95qMZYX/view?usp=drivesdk","drive.google.com","아니오","정상"
"幕","이미지 1","https://drive.google.com/file/d/1E535bP0j4Umisc3zzxi0nFOFjyISPtIz/view?usp=drive_link","drive.google.com","아니오","정상"
"幕","획순 이미지","https://drive.google.com/file/d/1vkbi5aHk_EiKe-K4dBUP17e7iexYAORw/view?usp=drivesdk","drive.google.com","아니오","정상"
"晩","이미지 1","https://drive.google.com/file/d/1obP51xZ3IbZknZFuwH6S1KZm-YuQIiaS/view?usp=drive_link","drive.google.com","아니오","정상"
"晩","획순 이미지","https://drive.google.com/file/d/1P08bCwZ31AOLAAvzqe-dRm0S8AA0XRH5/view?usp=drivesdk","drive.google.com","아니오","정상"
"亡","이미지 1","https://drive.google.com/file/d/1yJuifYjbTtr6g0za3l6U-oClLnDJsI7H/view?usp=drive_link","drive.google.com","아니오","정상"
"亡","획순 이미지","https://drive.google.com/file/d/18fmTtmCKLH3tUzIFNLfhbXs1w9shCdZv/view?usp=drivesdk","drive.google.com","아니오","정상"
"忘","이미지 1","https://drive.google.com/file/d/1QSFEapGBxtGmdLv4k48XP95e2Gg1Jssv/view?usp=drive_link","drive.google.com","아니오","정상"
"忘","획순 이미지","https://drive.google.com/file/d/1vr9mbDARG94prcMOdHHUzen0nlZmo4pr/view?usp=drivesdk","drive.google.com","아니오","정상"
"枚","이미지 1","https://drive.google.com/file/d/1Ay8XKM0l7A6Eudhp8KasWyBYoRfTuEwg/view?usp=drive_link","drive.google.com","아니오","정상"
"枚","획순 이미지","https://drive.google.com/file/d/16LXFW_bHjIOrhEOx2RkPx9zCkVFrj5ZY/view?usp=drivesdk","drive.google.com","아니오","정상"
"盟","이미지 1","https://drive.google.com/file/d/1VGh2Z73CmU7LUIpR1d9mre2GV1OEJu7C/view?usp=drive_link","drive.google.com","아니오","정상"
"盟","획순 이미지","https://drive.google.com/file/d/1d5kCoCRuvJ1kiwVWE6-9zsV67Tm1Vq8M/view?usp=drivesdk","drive.google.com","아니오","정상"
"暮","이미지 1","https://drive.google.com/file/d/18YZoczRJ-sk19ZFBxq-ZfwpnERsrpUF_/view?usp=drive_link","drive.google.com","아니오","정상"
"暮","획순 이미지","https://drive.google.com/file/d/1BirLPFI0LFjVfidVJBYU_rAqaoW0ZkQE/view?usp=drivesdk","drive.google.com","아니오","정상"
"模","이미지 1","https://drive.google.com/file/d/1OkNd6WWZo068UgWgqlx77lQ_RGxS13-D/view?usp=drive_link","drive.google.com","아니오","정상"
"模","획순 이미지","https://drive.google.com/file/d/1_gms1KA0vsmOTYYjoKWf7O3Xorsm9Jjj/view?usp=drivesdk","drive.google.com","아니오","정상"
"密","이미지 1","https://drive.google.com/file/d/1SI51yBql2zZ5P3QWnV962u8BCVaRpSOH/view?usp=drive_link","drive.google.com","아니오","정상"
"密","획순 이미지","https://drive.google.com/file/d/12frvPLfnwWTarlZvvuJuI7jq6MhgdqTV/view?usp=drivesdk","drive.google.com","아니오","정상"
"班","이미지 1","https://drive.google.com/file/d/1EZ08jt2WExRDYReoZnACZm7s5Pt_WYuV/view?usp=drive_link","drive.google.com","아니오","정상"
"班","획순 이미지","https://drive.google.com/file/d/1-4DovD7huaJIYDyvN8HANtIZTAYWzlke/view?usp=drivesdk","drive.google.com","아니오","정상"
"訪","이미지 1","https://drive.google.com/file/d/16Ouc_KyjUx2c6Iw13jLDJ-UxGIv7WxDU/view?usp=drive_link","drive.google.com","아니오","정상"
"訪","획순 이미지","https://drive.google.com/file/d/1qGYo2PFsnPbxBjisv89EkXFytbmZDaHT/view?usp=drivesdk","drive.google.com","아니오","정상"
"拝","이미지 1","https://drive.google.com/file/d/1yesAh3Ugm4rbYIzuBhrs-3HGw2JOCk47/view?usp=drive_link","drive.google.com","아니오","정상"
"拝","획순 이미지","https://drive.google.com/file/d/1IFYF3EG3CHaKxAw0wadgfFC7x93hv-5w/view?usp=drivesdk","drive.google.com","아니오","정상"
"背","이미지 1","https://drive.google.com/file/d/1pddkHG2Tf6hoDW9ObWvelhe0pvcXuqmU/view?usp=drive_link","drive.google.com","아니오","정상"
"背","획순 이미지","https://drive.google.com/file/d/1YZNVueSXOK9y2yZCpMD_CFb9K5O0os8k/view?usp=drivesdk","drive.google.com","아니오","정상"
"俳","이미지 1","https://drive.google.com/file/d/1m-6OR3aKMPBOWAHEQdIYPWilnhnyxnDS/view?usp=drive_link","drive.google.com","아니오","정상"
"俳","획순 이미지","https://drive.google.com/file/d/1nlMCPYjRLkXYNFeISwyspBw4TtuNd5KU/view?usp=drivesdk","drive.google.com","아니오","정상"
"並","이미지 1","https://drive.google.com/file/d/1l6HRNhfgdLJ5KHiIl4z_QAHtXg-IVkR4/view?usp=drive_link","drive.google.com","아니오","정상"
"並","획순 이미지","https://drive.google.com/file/d/1uwCU4uoF6B6XoI2uvzLAPo9rYXp_7GeB/view?usp=drivesdk","drive.google.com","아니오","정상"
"宝","이미지 1","https://drive.google.com/file/d/1KVRpEaSBZ_EdUsR8z-FQgaExdGPUrmlR/view?usp=drive_link","drive.google.com","아니오","정상"
"宝","획순 이미지","https://drive.google.com/file/d/15WlcjrlDVu6BmR-zG8CYyd9oMKbP_4MM/view?usp=drivesdk","drive.google.com","아니오","정상"
"補","이미지 1","https://drive.google.com/file/d/1CufFvFiqjORHMPhOC0mpPUKZ_maQzM6c/view?usp=drive_link","drive.google.com","아니오","정상"
"補","획순 이미지","https://drive.google.com/file/d/1hEWyPOd8vyWYYlJDPmJL50TJsKdWjNvw/view?usp=drivesdk","drive.google.com","아니오","정상"
"腹","이미지 1","https://drive.google.com/file/d/1fYc0furDn_Di07KrVhBawmZlEnGbU3km/view?usp=drive_link","drive.google.com","아니오","정상"
"腹","획순 이미지","https://drive.google.com/file/d/1cBOAAwzZk_aFQutsDTdaC6AHWLeFUdnI/view?usp=drivesdk","drive.google.com","아니오","정상"
"棒","이미지 1","https://drive.google.com/file/d/1bLh_X-A663IKsOat1aQdNklHSkHUdBQc/view?usp=drive_link","drive.google.com","아니오","정상"
"棒","획순 이미지","https://drive.google.com/file/d/1q8h1ufQZYcW59Bl31unY9PJP8ncboQH6/view?usp=drivesdk","drive.google.com","아니오","정상"
"否","이미지 1","https://drive.google.com/file/d/1MOS1DcOdQ2KKHeN_3mgkJIEqpSgTMK9X/view?usp=drive_link","drive.google.com","아니오","정상"
"否","획순 이미지","https://drive.google.com/file/d/1WDN4JSKNAk8PP2DL1yz__cUyoTfKOIz9/view?usp=drivesdk","drive.google.com","아니오","정상"
"奮","이미지 1","https://drive.google.com/file/d/1D3c8DotoK0sr-0unaqoc04wNqv9ufmht/view?usp=drive_link","drive.google.com","아니오","정상"
"奮","획순 이미지","https://drive.google.com/file/d/1xR8escQg9zCFXbBGAK5I2rKRHyXUzd63/view?usp=drivesdk","drive.google.com","아니오","정상"
"批","이미지 1","https://drive.google.com/file/d/1A58pdxOkEKMcry-h8uwnjsqNhq7YqXOC/view?usp=drive_link","drive.google.com","아니오","정상"
"批","획순 이미지","https://drive.google.com/file/d/1-r2B8tCihOVUung90eyNDwMc7XOjzszE/view?usp=drivesdk","drive.google.com","아니오","정상"
"秘","이미지 1","https://drive.google.com/file/d/181oWTF-twQXwSAemJfq4BaSkanxL0g6K/view?usp=drive_link","drive.google.com","아니오","정상"
"秘","획순 이미지","https://drive.google.com/file/d/1f7NiQ2uI1UGaIAtZZKG34_aORYGUq03Q/view?usp=drivesdk","drive.google.com","아니오","정상"
"私","이미지 1","https://drive.google.com/file/d/1CRhR6yayxvje_weQtfFLYnEiiztFFB2l/view?usp=drive_link","drive.google.com","아니오","정상"
"私","획순 이미지","https://drive.google.com/file/d/1ggttLXVnQbBkBZutKmUPDX9xtk0uQdh0/view?usp=drivesdk","drive.google.com","아니오","정상"
"砂","이미지 1","https://drive.google.com/file/d/1BqPFYKbMNYlQVfacMFYiHJim4TXCJGWp/view?usp=drive_link","drive.google.com","아니오","정상"
"砂","획순 이미지","https://drive.google.com/file/d/1RootcF8XcLoXWQyGpEUTuuXyz78N2esu/view?usp=drivesdk","drive.google.com","아니오","정상"
"射","이미지 1","https://drive.google.com/file/d/1dvFhDtGr0PN3wh5PpYgajyJLhTdK0ed3/view?usp=drive_link","drive.google.com","아니오","정상"
"射","획순 이미지","https://drive.google.com/file/d/1nUbiVrqwVqbYYeRBEmhTojmGIgFp5VAd/view?usp=drivesdk","drive.google.com","아니오","정상"
"捨","이미지 1","https://drive.google.com/file/d/1XZ16idBPJqEAPqg5B_KLvqcSZR77R-JI/view?usp=drive_link","drive.google.com","아니오","정상"
"捨","획순 이미지","https://drive.google.com/file/d/1cWIrd6bmBKIjQin_lucJmwX7LP1EqenL/view?usp=drivesdk","drive.google.com","아니오","정상"
"詞","이미지 1","https://drive.google.com/file/d/1s5Azv6giS1IDBtpydoXG3KEpHHEq7xWM/view?usp=drive_link","drive.google.com","아니오","정상"
"詞","획순 이미지","https://drive.google.com/file/d/1uhRkgrFwM7Z_eL4md8rT8z8LmgXDQL4t/view?usp=drivesdk","drive.google.com","아니오","정상"
"傷","이미지 1","https://drive.google.com/file/d/1yy6xXo03mMZ8UKPkoDsgGZZq31gwE-BR/view?usp=drive_link","drive.google.com","아니오","정상"
"傷","획순 이미지","https://drive.google.com/file/d/1m91SkRMl88WU4lymcq_hHNGDfakAFyAf/view?usp=drivesdk","drive.google.com","아니오","정상"
"署","이미지 1","https://drive.google.com/file/d/1c7vep7nU5JKZgT_drLSExCZDdeompehG/view?usp=drive_link","drive.google.com","아니오","정상"
"署","획순 이미지","https://drive.google.com/file/d/1QNwsghs_DmBgLoTyzEvma6Flv7KNUjzT/view?usp=drivesdk","drive.google.com","아니오","정상"
"宣","이미지 1","https://drive.google.com/file/d/1qREoUZ0EN12CYqePDbQeuqJxv4zRp59t/view?usp=drive_link","drive.google.com","아니오","정상"
"宣","획순 이미지","https://drive.google.com/file/d/1Z9-qaR6nC2bZDQ0IE37d8wtb1qYW4aFe/view?usp=drivesdk","drive.google.com","아니오","정상"
"善","이미지 1","https://drive.google.com/file/d/1YECUkGwTf-WP2FuornOzZkytzXoQY_2b/view?usp=drive_link","drive.google.com","아니오","정상"
"善","획순 이미지","https://drive.google.com/file/d/143qUomgjdFxSvDc9BFRnfxg7kQqpKurq/view?usp=drivesdk","drive.google.com","아니오","정상"
"舌","이미지 1","https://drive.google.com/file/d/1r3P1tMR4F1m0qUsjEShNErVFnnNpec5h/view?usp=drive_link","drive.google.com","아니오","정상"
"舌","획순 이미지","https://drive.google.com/file/d/1wXHi_ZXs94OI9PK9wn9cHclo0jJN83sK/view?usp=drivesdk","drive.google.com","아니오","정상"
"盛","이미지 1","https://drive.google.com/file/d/1eKIX0sA63vMQvm1kGoPBIOdG1Tey2lHL/view?usp=drive_link","drive.google.com","아니오","정상"
"盛","획순 이미지","https://drive.google.com/file/d/1-j5_BlAove0lVoHpp0yX_UG48Fkcf0Rj/view?usp=drivesdk","drive.google.com","아니오","정상"
"聖","이미지 1","https://drive.google.com/file/d/1grhDDRAAqBG5oTZj4ZnFYI2g9ZInTqUv/view?usp=drive_link","drive.google.com","아니오","정상"
"聖","획순 이미지","https://drive.google.com/file/d/1Th5AhYkz8A0FlZGAcE3LdfWKHehuYku0/view?usp=drivesdk","drive.google.com","아니오","정상"
"誠","이미지 1","https://drive.google.com/file/d/1k42xzrA0fgBro5nMz8mwOLJf5VeK28Lo/view?usp=drive_link","drive.google.com","아니오","정상"
"誠","획순 이미지","https://drive.google.com/file/d/1ei3xitmuIL3b3di6tHyBnhYYPVR9hMP1/view?usp=drivesdk","drive.google.com","아니오","정상"
"洗","이미지 1","https://drive.google.com/file/d/1YFMQY7lBJ9sULAuN4vLP1ukEvNvodqbP/view?usp=drive_link","drive.google.com","아니오","정상"
"洗","획순 이미지","https://drive.google.com/file/d/1_IcHDnqiDbIWYwYI2ZPNaailGRYikfly/view?usp=drivesdk","drive.google.com","아니오","정상"
"収","이미지 1","https://drive.google.com/file/d/1Ux6GMiMrIh9sf8o-cfxU8KLsUIjGlvhw/view?usp=drive_link","drive.google.com","아니오","정상"
"収","획순 이미지","https://drive.google.com/file/d/1pDgVW2oB8bhMc3R_1VK-VEHskAqhnlC-/view?usp=drivesdk","drive.google.com","아니오","정상"
"垂","이미지 1","https://drive.google.com/file/d/1bZGSKPYYg6LjHvGZU4oGqWJ_yIngQHLE/view?usp=drive_link","drive.google.com","아니오","정상"
"垂","획순 이미지","https://drive.google.com/file/d/1obx1MOrzmMehue2A-HftpLU-cPD6b_V3/view?usp=drivesdk","drive.google.com","아니오","정상"
"樹","이미지 1","https://drive.google.com/file/d/16fBa50iaVgxrAE56R5SPzs-2iW668apD/view?usp=drive_link","drive.google.com","아니오","정상"
"樹","획순 이미지","https://drive.google.com/file/d/1Y2QXa-VBnmw-uWmFAVgxNFhUCWBvmj9W/view?usp=drivesdk","drive.google.com","아니오","정상"
"熟","이미지 1","https://drive.google.com/file/d/1IDiqmQ3pO36cIURDhuKnzWG9HIPB4Nij/view?usp=drive_link","drive.google.com","아니오","정상"
"熟","획순 이미지","https://drive.google.com/file/d/1FuoQHlsBYu9bb8AQf8IQnqAEMWHhTij_/view?usp=drivesdk","drive.google.com","아니오","정상"
"純","이미지 1","https://drive.google.com/file/d/1Tja1Fv-1Uqed-4pBgL_Wff2YkPLNWMgw/view?usp=drive_link","drive.google.com","아니오","정상"
"純","획순 이미지","https://drive.google.com/file/d/1ul8q6C0P8UEpAwpMiz-YFVnwznxV9Pw8/view?usp=drivesdk","drive.google.com","아니오","정상"
"承","이미지 1","https://drive.google.com/file/d/1PgWKgM2J4oM7DSxCqts0rohUt1M8ARRw/view?usp=drive_link","drive.google.com","아니오","정상"
"承","획순 이미지","https://drive.google.com/file/d/1aitmUNlDPr-9bpfpz0c7aSo8cfxJFQlj/view?usp=drivesdk","drive.google.com","아니오","정상"
"視","이미지 1","https://drive.google.com/file/d/1UpUhcjz_pdCX0elSNVjq64DXK0ns-OTW/view?usp=drive_link","drive.google.com","아니오","정상"
"視","획순 이미지","https://drive.google.com/file/d/1fJD6GCRuTqzt4q1TlvnCaFx7W0hkw4zV/view?usp=drivesdk","drive.google.com","아니오","정상"
"我","이미지 1","https://drive.google.com/file/d/1LUzHN_MKpNeQMN1sDGsXVojbpIdMxVqr/view?usp=drive_link","drive.google.com","아니오","정상"
"我","획순 이미지","https://drive.google.com/file/d/1qOJvmiLm1FIgMIYGI2qOhyAhm6Xny4xo/view?usp=drivesdk","drive.google.com","아니오","정상"
"若","이미지 1","https://drive.google.com/file/d/1o8_I0eQhAjDUy-yZ64dx7HSd8cDab8kB/view?usp=drive_link","drive.google.com","아니오","정상"
"若","획순 이미지","https://drive.google.com/file/d/1j6oBCbDKwXa1pjKO0xlaNlH2DvAg40Vw/view?usp=drivesdk","drive.google.com","아니오","정상"
"厳","이미지 1","https://drive.google.com/file/d/1tTzEJTEe8lC6uIzl4oaPhHGrp0kS5OK0/view?usp=drive_link","drive.google.com","아니오","정상"
"厳","획순 이미지","https://drive.google.com/file/d/1457cIz_ATgX72mJVGXb56WCgABMFXP9w/view?usp=drivesdk","drive.google.com","아니오","정상"
"訳","이미지 1","https://drive.google.com/file/d/1RrSfOmXYfbnJnVI7yuSKPP2tQPe9JGwF/view?usp=drive_link","drive.google.com","아니오","정상"
"訳","획순 이미지","https://drive.google.com/file/d/1JWh2n0lczlqE87tQZy90VoEHXgv-QUcI/view?usp=drivesdk","drive.google.com","아니오","정상"
"域","이미지 1","https://drive.google.com/file/d/1lYGlfSKcv3KlyZmTKKae5zeIszwm493q/view?usp=drive_link","drive.google.com","아니오","정상"
"域","획순 이미지","https://drive.google.com/file/d/19mt68IGVSZv7Pm_tuleQl8XlEkfON3sb/view?usp=drivesdk","drive.google.com","아니오","정상"
"沿","이미지 1","https://drive.google.com/file/d/1SqRBSPsjWxgyvJzsqsnAiYl7Ix9zytlX/view?usp=drive_link","drive.google.com","아니오","정상"
"沿","획순 이미지","https://drive.google.com/file/d/1MEMpksMCdzqgG68pkpPIFQyFsUZ7iS-H/view?usp=drivesdk","drive.google.com","아니오","정상"
"延","이미지 1","https://drive.google.com/file/d/1YM5RX2NGfpzSdkgouVCjg4RfIKnswR_c/view?usp=drive_link","drive.google.com","아니오","정상"
"延","획순 이미지","https://drive.google.com/file/d/1e3QttUhmovBGDXUggzchiDu729Ti_bz-/view?usp=drivesdk","drive.google.com","아니오","정상"
"染","이미지 1","https://drive.google.com/file/d/12HgR9LfZYpffz7az3x6lmAIkV2K37mfJ/view?usp=drive_link","drive.google.com","아니오","정상"
"染","획순 이미지","https://drive.google.com/file/d/1TdPbpchD7YmL-ReCHdUCTeKg-HA1dmEn/view?usp=drivesdk","drive.google.com","아니오","정상"
"映","이미지 1","https://drive.google.com/file/d/1GbEbUr-ifvN-SVUL5h7UIwyeSvlp74oO/view?usp=drive_link","drive.google.com","아니오","정상"
"映","획순 이미지","https://drive.google.com/file/d/1NHvQlkokAix8UgKsd7oPT9jKTL5EndbJ/view?usp=drivesdk","drive.google.com","아니오","정상"
"預","이미지 1","https://drive.google.com/file/d/1Da6-a9ulbXWIQxOAzAEvTOr0GDn_saga/view?usp=sharing","drive.google.com","아니오","정상"
"預","획순 이미지","https://drive.google.com/file/d/1yDBar4p_mv_GodWTdkTBujCUKVMlM22Y/view?usp=drivesdk","drive.google.com","아니오","정상"
"誤","이미지 1","https://drive.google.com/file/d/1hOocQXdC-eoRT9bFTG9LHAe7DGcmokVo/view?usp=drive_link","drive.google.com","아니오","정상"
"誤","획순 이미지","https://drive.google.com/file/d/1X1kfYYz7fDOaQvj7J1RuzEsWAMoy3I0Q/view?usp=drivesdk","drive.google.com","아니오","정상"
"欲","이미지 1","https://drive.google.com/file/d/1gimyS6iXN_LLZk9lDd6gIUpswZlNTl9j/view?usp=drive_link","drive.google.com","아니오","정상"
"欲","획순 이미지","https://drive.google.com/file/d/1zLzeAQxJ1uWSWOwCeKrr06HkBjXIN56I/view?usp=drivesdk","drive.google.com","아니오","정상"
"宇","이미지 1","https://drive.google.com/file/d/1b09Z6_TpW9z3gy12Kqe5BkdhlfZS5EPA/view?usp=drive_link","drive.google.com","아니오","정상"
"宇","획순 이미지","https://drive.google.com/file/d/1uHp4jRJcSLGfSKfgIbM2EOvMrP7GYk0z/view?usp=drivesdk","drive.google.com","아니오","정상"
"郵","이미지 1","https://drive.google.com/file/d/1kaXj4mlQIHHaqjYtGJcNTKppbi30u0gs/view?usp=drive_link","drive.google.com","아니오","정상"
"郵","획순 이미지","https://drive.google.com/file/d/1Widh9P8aWOjZegN1U_SyazBAANuMju3u/view?usp=drivesdk","drive.google.com","아니오","정상"
"優","이미지 1","https://drive.google.com/file/d/1K80LIhs09eAR0jBAIK7a3y3P_UOKb76g/view?usp=drive_link","drive.google.com","아니오","정상"
"優","획순 이미지","https://drive.google.com/file/d/14lUOR6ERNKscwebY38hzvccPmV94dS9m/view?usp=drivesdk","drive.google.com","아니오","정상"
"源","이미지 1","https://drive.google.com/file/d/1a-iNvmD-ay9tSa7QmAOVt4FJtdY36PGT/view?usp=drive_link","drive.google.com","아니오","정상"
"源","획순 이미지","https://drive.google.com/file/d/1VRFtUDzU6MubOQzyaleIKYSMSWaE7teY/view?usp=drivesdk","drive.google.com","아니오","정상"
"胃","이미지 1","https://drive.google.com/file/d/1w2aKTB6CiTW12ElmEK_VTT-4byhjdgnb/view?usp=drive_link","drive.google.com","아니오","정상"
"胃","획순 이미지","https://drive.google.com/file/d/1LgVT7NG37ax2ojY9iSSNVu5IFZy-RoYs/view?usp=drivesdk","drive.google.com","아니오","정상"
"危","이미지 1","https://drive.google.com/file/d/1g8jLlvGkqarYPArU1Lhoe_RcCG3M3XDM/view?usp=drive_link","drive.google.com","아니오","정상"
"危","획순 이미지","https://drive.google.com/file/d/1bUi3TKV9-DDEXdS3xVwsa5p8vcUGBL-k/view?usp=drivesdk","drive.google.com","아니오","정상"
"幼","이미지 1","https://drive.google.com/file/d/14i3WjxLVvBiq2k6YFQKZtxWyGoJGaayW/view?usp=drive_link","drive.google.com","아니오","정상"
"幼","획순 이미지","https://drive.google.com/file/d/1__meUSxE0-XsI3Nbw_h8ofaTnSdwbqRE/view?usp=drivesdk","drive.google.com","아니오","정상"
"乳","이미지 1","https://drive.google.com/file/d/1EVFfr5fCa8FUFBmA4tUe0yqAO4HdVFv5/view?usp=drive_link","drive.google.com","아니오","정상"
"乳","획순 이미지","https://drive.google.com/file/d/1_pY0q4ECwabI4gq4heypTIYlNxaI0Jk1/view?usp=drivesdk","drive.google.com","아니오","정상"
"遺","이미지 1","https://drive.google.com/file/d/1U-g1p1EXeQGG3aUgjnNgtc4AtNcFb_YQ/view?usp=drive_link","drive.google.com","아니오","정상"
"遺","획순 이미지","https://drive.google.com/file/d/1J6B172ewZSiLMU6vY_muCUQzz7rLo-1F/view?usp=drivesdk","drive.google.com","아니오","정상"
"恩","이미지 1","https://drive.google.com/file/d/1Q0TCyvVAZCOAJ-z2fRr5EILTEQ9i-uFE/view?usp=drive_link","drive.google.com","아니오","정상"
"恩","획순 이미지","https://drive.google.com/file/d/1jGrfaRM8-qLOAbvQ5wXd7XGDqO-7Ff5m/view?usp=drivesdk","drive.google.com","아니오","정상"
"疑","이미지 1","https://drive.google.com/file/d/1X7fqPVY0ed90G_31u7DpE8pAJoMeTmik/view?usp=drive_link","drive.google.com","아니오","정상"
"疑","획순 이미지","https://drive.google.com/file/d/14xFJeDM14M9Sxd0Cn-LAIW51AO3q0IRJ/view?usp=drivesdk","drive.google.com","아니오","정상"
"異","이미지 1","https://drive.google.com/file/d/18VJkePz5Isai1mNSmsDlORM5-BxDscWD/view?usp=drive_link","drive.google.com","아니오","정상"
"異","획순 이미지","https://drive.google.com/file/d/1Q8gkCIsDzKBNUMyIiVDynPrVM0YMgw_O/view?usp=drivesdk","drive.google.com","아니오","정상"
"翌","이미지 1","https://drive.google.com/file/d/1drjXADlU1l2aH_Adb8_BXfyOuFGnU0K_/view?usp=drive_link","drive.google.com","아니오","정상"
"翌","획순 이미지","https://drive.google.com/file/d/1ZmeKGcH_Dexz6hzwsxuAiZie-ZminVU6/view?usp=drivesdk","drive.google.com","아니오","정상"
"仁","이미지 1","https://drive.google.com/file/d/1cmlXJf_9JHR42yTLw_Nqtrlfu6iZyoOv/view?usp=drive_link","drive.google.com","아니오","정상"
"仁","획순 이미지","https://drive.google.com/file/d/1IybQsbtAP0Q3GiJzZwVSJwuPaPHELlFe/view?usp=drivesdk","drive.google.com","아니오","정상"
"認","이미지 1","https://drive.google.com/file/d/19o6t0AG0i_-42kBk3B7sifcfJMbgfVOA/view?usp=drive_link","drive.google.com","아니오","정상"
"認","획순 이미지","https://drive.google.com/file/d/180bPmLT8iNvNyYBKw1z5m1khlecuNsLt/view?usp=drivesdk","drive.google.com","아니오","정상"
"賃","이미지 1","https://drive.google.com/file/d/1ttKq8Lm9ksoLGdnrPzO-MIdGwV-Lovfy/view?usp=drive_link","drive.google.com","아니오","정상"
"賃","획순 이미지","https://drive.google.com/file/d/1pvtSWjtcSze54i4rIdPbHuInU27UBvEA/view?usp=drivesdk","drive.google.com","아니오","정상"
"姿","이미지 1","https://drive.google.com/file/d/1xNmhfdWsuMAcDla6sK1duDGUolfLCPVZ/view?usp=drive_link","drive.google.com","아니오","정상"
"姿","획순 이미지","https://drive.google.com/file/d/1izCnP2YdW8j3wBS118liW5_sQXbiCvmb/view?usp=drivesdk","drive.google.com","아니오","정상"
"磁","이미지 1","https://drive.google.com/file/d/1zm4qlgsirb1441Zgda4_mc60nHquf-_v/view?usp=drive_link","drive.google.com","아니오","정상"
"磁","획순 이미지","https://drive.google.com/file/d/148x_g-ku6J-EF9nz9z3oF_prg-vAnTzm/view?usp=drivesdk","drive.google.com","아니오","정상"
"蚕","이미지 1","https://drive.google.com/file/d/1Qf8Z7x5Db6n3g91ZNPjUteHio_gx_onN/view?usp=drive_link","drive.google.com","아니오","정상"
"蚕","획순 이미지","https://drive.google.com/file/d/1lzg1hLRK-poEmvr267aB5lTtnA6sacAg/view?usp=drivesdk","drive.google.com","아니오","정상"
"腸","이미지 1","https://drive.google.com/file/d/11bybGAkVDwZR3umbslZ6WcyfbtmYe-lX/view?usp=drive_link","drive.google.com","아니오","정상"
"腸","획순 이미지","https://drive.google.com/file/d/1xwFD9_4udl92Ko6PXFATcnTMIzSTC5Ww/view?usp=drivesdk","drive.google.com","아니오","정상"
"将","이미지 1","https://drive.google.com/file/d/1C5gERwI_H_vNtPU0Bnd-sdR2f8vG2YUT/view?usp=drive_link","drive.google.com","아니오","정상"
"将","획순 이미지","https://drive.google.com/file/d/1jp_ss4JLQcl9jKCrvsaKRvrY3SgLSLwo/view?usp=drivesdk","drive.google.com","아니오","정상"
"装","이미지 1","https://drive.google.com/file/d/1NHOn6loijqLrQBnw4RjPVg3rqWGFYXUQ/view?usp=drive_link","drive.google.com","아니오","정상"
"装","획순 이미지","https://drive.google.com/file/d/1Yw_KeTcZ1GFMaT9xo2OkM9G8MFe0rChR/view?usp=drivesdk","drive.google.com","아니오","정상"
"障","이미지 1","https://drive.google.com/file/d/1q5CE9xi2Yy-j2-9RKEYiRcvZ0BXEIW0i/view?usp=drive_link","drive.google.com","아니오","정상"
"障","획순 이미지","https://drive.google.com/file/d/1RAPrt2wKCGgr6ocNv6CFTOfS9Q2TCWFV/view?usp=drivesdk","drive.google.com","아니오","정상"
"蔵","이미지 1","https://drive.google.com/file/d/1X-Win5kyoSdhUuOUBQCucOSiWkhlCVM9/view?usp=drive_link","drive.google.com","아니오","정상"
"蔵","획순 이미지","https://drive.google.com/file/d/1qSxjvzyjs_vDufBxNtJyfjAlZGq59xO3/view?usp=drivesdk","drive.google.com","아니오","정상"
"臓","이미지 1","https://drive.google.com/file/d/1wmhfP6yRil_HfpndF3N8kr3VrwaFXAuL/view?usp=drive_link","drive.google.com","아니오","정상"
"臓","획순 이미지","https://drive.google.com/file/d/1S-FmcK3wmNjHx9aujAHhkp_ABbDmuHoO/view?usp=drivesdk","drive.google.com","아니오","정상"
"裁","이미지 1","https://drive.google.com/file/d/1QkGvVLbc3-AvsmD9DSZHxQo56khFdxzG/view?usp=drive_link","drive.google.com","아니오","정상"
"裁","획순 이미지","https://drive.google.com/file/d/1WmCrgEQF4SapzOKD4yWCf3wID2gy2ZSW/view?usp=drivesdk","drive.google.com","아니오","정상"
"著","이미지 1","https://drive.google.com/file/d/1b4vhnTf7iRzGoJ3bu5To6e7mhtQ93yEc/view?usp=drive_link","drive.google.com","아니오","정상"
"著","획순 이미지","https://drive.google.com/file/d/1UoUhPQFYGS73GHy_Sz4CbCOIvTThOw1g/view?usp=drivesdk","drive.google.com","아니오","정상"
"敵","이미지 1","https://drive.google.com/file/d/1E9ObpQPwnSGv0IrCoFjN8dqi7BnZ0DEu/view?usp=drive_link","drive.google.com","아니오","정상"
"敵","획순 이미지","https://drive.google.com/file/d/1Gzh2lE6uotuxUZkWdjfzIR24nGNOz0DC/view?usp=drivesdk","drive.google.com","아니오","정상"
"銭","이미지 1","https://drive.google.com/file/d/1L2Bxi7lvppmdNM2uQK9M0n1upOGuT5bt/view?usp=drive_link","drive.google.com","아니오","정상"
"銭","획순 이미지","https://drive.google.com/file/d/1bDA0yvKhg6g7VquzXmt1_10bvexeCykO/view?usp=drivesdk","drive.google.com","아니오","정상"
"専","이미지 1","https://drive.google.com/file/d/1-1P1BBWczGLV6IAiKRzBtfqM3naYQx-d/view?usp=drive_link","drive.google.com","아니오","정상"
"専","획순 이미지","https://drive.google.com/file/d/1lHjAdD98h2VxqbPjZqhynMKOrbR_WQpX/view?usp=drivesdk","drive.google.com","아니오","정상"
"展","이미지 1","https://drive.google.com/file/d/1Ngh9cY-rt1yGdgIWBKd8g9R-51f1orBX/view?usp=drive_link","drive.google.com","아니오","정상"
"展","획순 이미지","https://drive.google.com/file/d/1xAU6eUAkdId-s-1zaPQOb6F0HO3pcQjp/view?usp=drivesdk","drive.google.com","아니오","정상"
"頂","이미지 1","https://drive.google.com/file/d/1TijnHpAhdcpQFC97tLnsadH_QpLOI2QV/view?usp=drive_link","drive.google.com","아니오","정상"
"頂","획순 이미지","https://drive.google.com/file/d/1ZkXSxcKdKoc8GCZea9fWhBDZxpTuGAsS/view?usp=drivesdk","drive.google.com","아니오","정상"
"除","이미지 1","https://drive.google.com/file/d/1H4OGIW3Ek8R9g58KIEHWJfrG1pOhe7H1/view?usp=drive_link","drive.google.com","아니오","정상"
"除","획순 이미지","https://drive.google.com/file/d/1xc2XzQ7Yie-cT9qqvsM88Jf2e6zb_lca/view?usp=drivesdk","drive.google.com","아니오","정상"
"済","이미지 1","https://drive.google.com/file/d/10hv58wF1nSiRrOPIC9dWdUFF7AZti1ad/view?usp=drive_link","drive.google.com","아니오","정상"
"済","획순 이미지","https://drive.google.com/file/d/1798PSTsefuRHNX_F2gc8AbA1fF1F4JE2/view?usp=drivesdk","drive.google.com","아니오","정상"
"諸","이미지 1","https://drive.google.com/file/d/1paO_x88TANV7eDBJBJF2pfxEHBauaDyS/view?usp=drive_link","drive.google.com","아니오","정상"
"諸","획순 이미지","https://drive.google.com/file/d/1z16Q3Ryjm5Xw_446hBqyEaJs1JJ7h9SD/view?usp=drivesdk","drive.google.com","아니오","정상"
"潮","이미지 1","https://drive.google.com/file/d/1r3HVP7c414iqZVp-x6ptXg_P-XFNxDPr/view?usp=drive_link","drive.google.com","아니오","정상"
"潮","획순 이미지","https://drive.google.com/file/d/1iA41ywn7YSbuHqcRFq-sJuFtRVbzBfPe/view?usp=drivesdk","drive.google.com","아니오","정상"
"操","이미지 1","https://drive.google.com/file/d/1MI1W3MsFbto7winP0QTH6lZyqa_Ic7WR/view?usp=drive_link","drive.google.com","아니오","정상"
"操","획순 이미지","https://drive.google.com/file/d/1rwtw3-IjRNlIKp-Nw-dmJbu-bnsFmvQ1/view?usp=drivesdk","drive.google.com","아니오","정상"
"存","이미지 1","https://drive.google.com/file/d/1uluyMJtQhZZ1bFMtjSBJgW-BkhMS4thb/view?usp=drive_link","drive.google.com","아니오","정상"
"存","획순 이미지","https://drive.google.com/file/d/1vzxVscsteDxG0uDYRVd296V2pJs_00Gw/view?usp=drivesdk","drive.google.com","아니오","정상"
"尊","이미지 1","https://drive.google.com/file/d/1JOh0B8nw1IYYJJXKfPMalVA6mSadNzZC/view?usp=drive_link","drive.google.com","아니오","정상"
"尊","획순 이미지","https://drive.google.com/file/d/1uoJJWXtwb3iPCuPe4UanebO0zqMXihc7/view?usp=drivesdk","drive.google.com","아니오","정상"
"宗","이미지 1","https://drive.google.com/file/d/1kfNKZXvBgFwQROrSznEfIKlcogIW5AUt/view?usp=drive_link","drive.google.com","아니오","정상"
"宗","획순 이미지","https://drive.google.com/file/d/1aTiUOh3mBoeIBnejowjb7RjPBCHZyIE3/view?usp=drivesdk","drive.google.com","아니오","정상"
"従","이미지 1","https://drive.google.com/file/d/1zIahM5EeEzpvo9D_mnpHAbVlCBNbJuXL/view?usp=drive_link","drive.google.com","아니오","정상"
"従","획순 이미지","https://drive.google.com/file/d/1ewxbZZb2PSwV_WFJO2Op7YjQwodKBt2g/view?usp=drivesdk","drive.google.com","아니오","정상"
"縦","이미지 1","https://drive.google.com/file/d/1n4AazWY8ML366LeMSamww1TRAkPgghS_/view?usp=drive_link","drive.google.com","아니오","정상"
"縦","획순 이미지","https://drive.google.com/file/d/1ueQCLP1ThES-qebMW41FvSaVs3BBgoor/view?usp=drivesdk","drive.google.com","아니오","정상"
"座","이미지 1","https://drive.google.com/file/d/1K51JC-1cM6H94kbAeTTTbfkLmTjRTNJI/view?usp=drive_link","drive.google.com","아니오","정상"
"座","획순 이미지","https://drive.google.com/file/d/1IbPPdInxugfqPPsRjyTlGbZT8rTcPv_D/view?usp=drivesdk","drive.google.com","아니오","정상"
"宙","이미지 1","https://drive.google.com/file/d/1vAyU2qp2hJDJMkg5g80-zbE2EeV92lV1/view?usp=drive_link","drive.google.com","아니오","정상"
"宙","획순 이미지","https://drive.google.com/file/d/1jIr_gD19-OcZcWJt6R1YSu2G_0Gu7cF6/view?usp=drivesdk","drive.google.com","아니오","정상"
"奏","이미지 1","https://drive.google.com/file/d/1ftnmplL9nHJspvYgnNC0NCdV6LZQ8i_s/view?usp=drive_link","drive.google.com","아니오","정상"
"奏","획순 이미지","https://drive.google.com/file/d/1cbgKVa3zzlMW9hTF6HE8aL98I7teYLh4/view?usp=drivesdk","drive.google.com","아니오","정상"
"株","이미지 1","https://drive.google.com/file/d/1iVAiyXu1eYW6WKxdErZFDuInv303UzyH/view?usp=drive_link","drive.google.com","아니오","정상"
"株","획순 이미지","https://drive.google.com/file/d/15i0W5sAYo1SdDoG-iH8kcsulqgL__vyl/view?usp=drivesdk","drive.google.com","아니오","정상"
"衆","이미지 1","https://drive.google.com/file/d/1e1qOAT2tJNZ875HO1CULisGCD_hlYLMm/view?usp=drive_link","drive.google.com","아니오","정상"
"衆","획순 이미지","https://drive.google.com/file/d/1yynG0nnGbMuTMp-_f9YOwgS0WOW_dnpL/view?usp=drivesdk","drive.google.com","아니오","정상"
"蒸","이미지 1","https://drive.google.com/file/d/1jZAQvGUZZbgnnEKAvk_eQtqC9Ykujpcm/view?usp=drive_link","drive.google.com","아니오","정상"
"蒸","획순 이미지","https://drive.google.com/file/d/1TOmyYZj5RqGXBvVz_5uSzVs5pbtK4YrI/view?usp=drivesdk","drive.google.com","아니오","정상"
"至","이미지 1","https://drive.google.com/file/d/1dsbaGm7RtIin_zRx896S23JVPuPS3vYA/view?usp=drive_link","drive.google.com","아니오","정상"
"至","획순 이미지","https://drive.google.com/file/d/1ujNpcCbmCyhwRY4Qzh9_69C7LPVKWu9V/view?usp=drivesdk","drive.google.com","아니오","정상"
"誌","이미지 1","https://drive.google.com/file/d/1GB406lbulU50cIC_vRfIgHPy367xmDRt/view?usp=drive_link","drive.google.com","아니오","정상"
"誌","획순 이미지","https://drive.google.com/file/d/1_2HmVMoZvKJHRuGYqOBAizHSMIUZ0ygI/view?usp=drivesdk","drive.google.com","아니오","정상"
"窓","이미지 1","https://drive.google.com/file/d/1aibvPVCapqu8DyfBcFASN5wh_4vnDPlq/view?usp=drive_link","drive.google.com","아니오","정상"
"窓","획순 이미지","https://drive.google.com/file/d/1QJhfBgCwb6BrlACWdE1ZMFEaExjKdvie/view?usp=drivesdk","drive.google.com","아니오","정상"
"創","이미지 1","https://drive.google.com/file/d/1LZ_mgPmoXHCNb2JOS6MMCitPozMXoK-u/view?usp=drive_link","drive.google.com","아니오","정상"
"創","획순 이미지","https://drive.google.com/file/d/1iKk10fA8qK_YOtGI5zX15_37YWIGqjVI/view?usp=drivesdk","drive.google.com","아니오","정상"
"冊","이미지 1","https://drive.google.com/file/d/1TNeDROJ-F2D_c_t3o1H-Pf_jvoEC4YKN/view?usp=drive_link","drive.google.com","아니오","정상"
"冊","획순 이미지","https://drive.google.com/file/d/1XEROGZsoo8p_VYlByYrygvEingFD0WRI/view?usp=drivesdk","drive.google.com","아니오","정상"
"策","이미지 1","https://drive.google.com/file/d/1BAJX93L8V64EUr8uQ4o-LiF0XgXTUdDr/view?usp=drive_link","drive.google.com","아니오","정상"
"策","획순 이미지","https://drive.google.com/file/d/1AcxK5ztX33I-MXHyZCJB74gl2eHJf3_x/view?usp=drivesdk","drive.google.com","아니오","정상"
"処","이미지 1","https://drive.google.com/file/d/14Ru9CVjipwTVa3uV4aYaPnyWAfD_fCzJ/view?usp=drive_link","drive.google.com","아니오","정상"
"処","획순 이미지","https://drive.google.com/file/d/12OGIU2pKtzorq4e5uLNXbr8x4q2fubXy/view?usp=drivesdk","drive.google.com","아니오","정상"
"尺","이미지 1","https://drive.google.com/file/d/1-oI5oJYtOQVRHp_YaYqh8t3tGox21Ga6/view?usp=drive_link","drive.google.com","아니오","정상"
"尺","획순 이미지","https://drive.google.com/file/d/1CCsmG0XaZXrFWBN7VT0QxMmGsw8Kjk--/view?usp=drivesdk","drive.google.com","아니오","정상"
"泉","이미지 1","https://drive.google.com/file/d/1rDWjfS91sEUksUHmuxahw7supKei2HSP/view?usp=drive_link","drive.google.com","아니오","정상"
"泉","획순 이미지","https://drive.google.com/file/d/1oug3mqfAW1Cs30w0LlrvoZeEa_YKGZr7/view?usp=drivesdk","drive.google.com","아니오","정상"
"庁","이미지 1","https://drive.google.com/file/d/1J1THBcbnKTMW9Lmt6RA8Ry8PbIuEGjVz/view?usp=drive_link","drive.google.com","아니오","정상"
"庁","획순 이미지","https://drive.google.com/file/d/1Izr27Ymg9QJsih_NUKE5IqQqwJPyQ4FK/view?usp=drivesdk","drive.google.com","아니오","정상"
"寸","이미지 1","https://drive.google.com/file/d/17tOBOoG3-dqF1sY0D0RAf4IkgdEaY5jq/view?usp=drive_link","drive.google.com","아니오","정상"
"寸","획순 이미지","https://drive.google.com/file/d/11_se4zO8JC21xAFKcjsKm4399vk2Sg5m/view?usp=drivesdk","drive.google.com","아니오","정상"
"推","이미지 1","https://drive.google.com/file/d/1FfR-VqhUjwcCdpVTTQM_MvnHkAtDq0NZ/view?usp=drive_link","drive.google.com","아니오","정상"
"推","획순 이미지","https://drive.google.com/file/d/1EuOom4RbLRgK-FvidOLZyLSG9rxzRtSR/view?usp=drivesdk","drive.google.com","아니오","정상"
"縮","이미지 1","https://drive.google.com/file/d/1Vb6ZINLlk_yTYLOSAzC9cRzPIT8zt7oD/view?usp=drive_link","drive.google.com","아니오","정상"
"縮","획순 이미지","https://drive.google.com/file/d/1N8lg0QyoxBowiio2VJVX5GVKTlNrDqPN/view?usp=drivesdk","drive.google.com","아니오","정상"
"忠","이미지 1","https://drive.google.com/file/d/1dvKfXFKzgkLdhGD8HzV8MdyGvLJXxQ4y/view?usp=drive_link","drive.google.com","아니오","정상"
"忠","획순 이미지","https://drive.google.com/file/d/1F-30oqgmCNYpc91AUnTrAjUnuwUkMLI6/view?usp=drivesdk","drive.google.com","아니오","정상"
"就","이미지 1","https://drive.google.com/file/d/1PNdDX2PEeprzdp8fQlZi04wnQP-m9H3g/view?usp=drive_link","drive.google.com","아니오","정상"
"就","획순 이미지","https://drive.google.com/file/d/150NvD7pp4q10byIdf0HNv7N0MiniV388/view?usp=drivesdk","drive.google.com","아니오","정상"
"層","이미지 1","https://drive.google.com/file/d/1P-3zQDHi3aEHHE3HTxJZYIBF0sBPLx8U/view?usp=drive_link","drive.google.com","아니오","정상"
"層","획순 이미지","https://drive.google.com/file/d/1HFgsYhwnt4YgtQs0NT6r6ucFYH7yJ-XG/view?usp=drivesdk","drive.google.com","아니오","정상"
"値","이미지 1","https://drive.google.com/file/d/16TjjGFUyhBI9b6qmns8SNlyUUrBUCNkJ/view?usp=drive_link","drive.google.com","아니오","정상"
"値","획순 이미지","https://drive.google.com/file/d/1o1H_AnC1YiSvpcfhgvMYeoULnuCxK6NT/view?usp=drivesdk","drive.google.com","아니오","정상"
"針","이미지 1","https://drive.google.com/file/d/1di_WdXmMeIVND_uAiC2NGsjnw1KT3rc6/view?usp=drive_link","drive.google.com","아니오","정상"
"針","획순 이미지","https://drive.google.com/file/d/1TjNC07u5iiK02W_m-93QQsB8ZzfrI4_s/view?usp=drivesdk","drive.google.com","아니오","정상"
"誕","이미지 1","https://drive.google.com/file/d/1XeND4ady6y1EIjTChiBwed61F0c4Uolj/view?usp=drive_link","drive.google.com","아니오","정상"
"誕","획순 이미지","https://drive.google.com/file/d/1Q6gEFJ6Y1aHl4NskJKacqOb4O_J5yIXv/view?usp=drivesdk","drive.google.com","아니오","정상"
"探","이미지 1","https://drive.google.com/file/d/1cYRgSfKOhuZZhq2HkmOOvLlqo1vIK7L4/view?usp=drive_link","drive.google.com","아니오","정상"
"探","획순 이미지","https://drive.google.com/file/d/1pP5MiTq2s5kadj64muZn1O9ZTPYrHMcf/view?usp=drivesdk","drive.google.com","아니오","정상"
"宅","이미지 1","https://drive.google.com/file/d/1ZzPavCFQNBniOGXkWrNYCiJnsnu9w5Ez/view?usp=drive_link","drive.google.com","아니오","정상"
"宅","획순 이미지","https://drive.google.com/file/d/1p8v-GMCzWUJb5V6Xy-tBGicFUvzai5lz/view?usp=drivesdk","drive.google.com","아니오","정상"
"討","이미지 1","https://drive.google.com/file/d/1VHzXQKcOMQPgd1bkqeeMDSKVhhdGFc6G/view?usp=drive_link","drive.google.com","아니오","정상"
"討","획순 이미지","https://drive.google.com/file/d/1ZH9Ag9h1OjOG7o-tEzmcrCcwuFg1CFLL/view?usp=drivesdk","drive.google.com","아니오","정상"
"痛","이미지 1","https://drive.google.com/file/d/1IddsKg5qCL1QIyyFgd2SvdTAqj_PO2HA/view?usp=drive_link","drive.google.com","아니오","정상"
"痛","획순 이미지","https://drive.google.com/file/d/1DNSvmvBxgzPHBeVmW5AxRkIWYlNKCVJR/view?usp=drivesdk","drive.google.com","아니오","정상"
"退","이미지 1","https://drive.google.com/file/d/1lQTtmVMbi6vJc1CXX60G3G6LWR-MDrrT/view?usp=share_link","drive.google.com","아니오","정상"
"退","획순 이미지","https://drive.google.com/file/d/1eb0679TGEqmVoqDD8BTRz4veRbnqJlbk/view?usp=drivesdk","drive.google.com","아니오","정상"
"派","이미지 1","https://drive.google.com/file/d/1veoM4wmKqBna6SS0AqyEDoQXe448ggL7/view?usp=drive_link","drive.google.com","아니오","정상"
"派","획순 이미지","https://drive.google.com/file/d/1CeuJ4FFQL1cDC8opXQ2mkk4Z1ebQ0nXj/view?usp=drivesdk","drive.google.com","아니오","정상"
"片","이미지 1","https://drive.google.com/file/d/1vvNb1F32LKqIDEGwZtcDfzk39MKA_vUX/view?usp=drive_link","drive.google.com","아니오","정상"
"片","획순 이미지","https://drive.google.com/file/d/15tB59UPQcy9JgOhv_x9qGrC3vHKcUztO/view?usp=drivesdk","drive.google.com","아니오","정상"
"肺","이미지 1","https://drive.google.com/file/d/1p7tTfxKLZOtWNnpCZiXL1ScfzxNINR4t/view?usp=drive_link","drive.google.com","아니오","정상"
"肺","획순 이미지","https://drive.google.com/file/d/17vfy7czSVWxEgzNqeUexIyedvFqQwO4t/view?usp=drivesdk","drive.google.com","아니오","정상"
"陛","이미지 1","https://drive.google.com/file/d/1ZRV9hPlXIEu8vWM1jUnKx53TGY1D-Gaw/view?usp=drive_link","drive.google.com","아니오","정상"
"陛","획순 이미지","https://drive.google.com/file/d/1BJSCFAA_Am-HwW1xfCrMFS-LrvIvoTkS/view?usp=drivesdk","drive.google.com","아니오","정상"
"閉","이미지 1","https://drive.google.com/file/d/1QO3dW8vQbZwxfgwVecew9q74JBl-NVCs/view?usp=drive_link","drive.google.com","아니오","정상"
"閉","획순 이미지","https://drive.google.com/file/d/1jpZEPutzVAeApgmfpgLaW9C8DWrJIXMh/view?usp=drivesdk","drive.google.com","아니오","정상"
"俵","이미지 1","https://drive.google.com/file/d/1mopg3HPBkt2SBTBrvvFsCcO6XN5L7sNY/view?usp=drive_link","drive.google.com","아니오","정상"
"俵","획순 이미지","https://drive.google.com/file/d/1hCbEoBRWXD1bPesmYgLiPPwIibfJKDhl/view?usp=drivesdk","drive.google.com","아니오","정상"
"割","이미지 1","https://drive.google.com/file/d/1wePbIqCOZc6wD5eEiHKqI8ltuVpFyVHH/view?usp=drive_link","drive.google.com","아니오","정상"
"割","획순 이미지","https://drive.google.com/file/d/14mnYfORYsHVNsjaxUEKiHq8rfXIUoike/view?usp=drivesdk","drive.google.com","아니오","정상"
"郷","이미지 1","https://drive.google.com/file/d/1mz3JB8HclJeDQlgAtsATiXJQ2S_crf0H/view?usp=drive_link","drive.google.com","아니오","정상"
"郷","획순 이미지","https://drive.google.com/file/d/13gBQbN3ck2vhJA9ATDco6vjXqISYMkpJ/view?usp=drivesdk","drive.google.com","아니오","정상"
"憲","이미지 1","https://drive.google.com/file/d/1HESSfBJFY7EUBuaFoOSOV85LXfaMGSIG/view?usp=drive_link","drive.google.com","아니오","정상"
"憲","획순 이미지","https://drive.google.com/file/d/1vQV3gBua1AYrjGsQ5KFc8knwDOofXJ8o/view?usp=drivesdk","drive.google.com","아니오","정상"
"革","이미지 1","https://drive.google.com/file/d/13OJyxCJkp_CnyCU7U-gKq3frl2wk3hw5/view?usp=drive_link","drive.google.com","아니오","정상"
"革","획순 이미지","https://drive.google.com/file/d/132gkZAd6v7m2jIIknk_I7VM6kHhCEhrh/view?usp=drivesdk","drive.google.com","아니오","정상"
"穴","이미지 1","https://drive.google.com/file/d/1bLKyeUvV8MPkoD0r5Ic8OKYkPiExbqDd/view?usp=drive_link","drive.google.com","아니오","정상"
"穴","획순 이미지","https://drive.google.com/file/d/1P8HrkEAcHcOOD-DdFX9D3BC8e84kMMAh/view?usp=drivesdk","drive.google.com","아니오","정상"
"呼","이미지 1","https://drive.google.com/file/d/1Jw5NlgwedA7UOhuaf21_DWnBrWlhry1k/view?usp=drive_link","drive.google.com","아니오","정상"
"呼","획순 이미지","https://drive.google.com/file/d/1rZOPoqWzcWlskQx2GhEjuNqFJS4Imv4a/view?usp=drivesdk","drive.google.com","아니오","정상"
"紅","이미지 1","https://drive.google.com/file/d/1mrvvA8tC0N_EuC6Mck7jok71z-oNEkq7/view?usp=drive_link","drive.google.com","아니오","정상"
"紅","획순 이미지","https://drive.google.com/file/d/13rFltbfoj7mjr4jsxqJ9txxp91nmOFEL/view?usp=drivesdk","drive.google.com","아니오","정상"
"拡","이미지 1","https://drive.google.com/file/d/1NM1wmS4FoUzZZnHWxZ9n4wLDtcMdQVb2/view?usp=drive_link","drive.google.com","아니오","정상"
"拡","획순 이미지","https://drive.google.com/file/d/1lYwwgDTIeUvjNw5fslEXhJ3m34YyQqUy/view?usp=drivesdk","drive.google.com","아니오","정상"
"皇","이미지 1","https://drive.google.com/file/d/1E3FSh-9S20LLSo_rpyaFxmUFfcvArpxq/view?usp=drive_link","drive.google.com","아니오","정상"
"皇","획순 이미지","https://drive.google.com/file/d/1MlUySRmMTvBY3BakcufsIGmqMVlWsWFF/view?usp=drivesdk","drive.google.com","아니오","정상"
"灰","이미지 1","https://drive.google.com/file/d/1NgRhx1X__y1goGv0FcwngJeRwT1n1WYp/view?usp=drive_link","drive.google.com","아니오","정상"
"灰","획순 이미지","https://drive.google.com/file/d/1CFUmZgDs0pyKJ-EFhNu8tDB-D_KC0T6A/view?usp=drivesdk","drive.google.com","아니오","정상"
"孝","이미지 1","https://drive.google.com/file/d/1yf9xkoonPB_ENefL-o2EZYBRV4nlQTkz/view?usp=drive_link","drive.google.com","아니오","정상"
"孝","획순 이미지","https://drive.google.com/file/d/1YXm8LOMeTcCkJZ-SO7rYEotBtJosPD8B/view?usp=drivesdk","drive.google.com","아니오","정상"
"后","이미지 1","https://drive.google.com/file/d/14KQL9v8p01uwwApZZr3p97rAVAf-J7BP/view?usp=drive_link","drive.google.com","아니오","정상"
"后","획순 이미지","https://drive.google.com/file/d/1UEv6M-q9Z4JnsVlKNHOyC8MagFlPxJ9F/view?usp=drivesdk","drive.google.com","아니오","정상"
"揮","이미지 1","https://drive.google.com/file/d/1MK2gZC6oSayt42OHHCOv-LnWysqPPKEF/view?usp=drive_link","drive.google.com","아니오","정상"
"揮","획순 이미지","https://drive.google.com/file/d/11qa3U7nphmcef020feOft3jJHPlKInto/view?usp=drivesdk","drive.google.com","아니오","정상"
"胸","이미지 1","https://drive.google.com/file/d/1Eo0FnOfTYV2BY2qwmoKLp9iNgdUuAYiY/view?usp=drive_link","drive.google.com","아니오","정상"
"胸","획순 이미지","https://drive.google.com/file/d/1m5-WOurmzJgHmKGirgpLQwjMHsK-Rfqi/view?usp=drivesdk","drive.google.com","아니오","정상"
"吸","이미지 1","https://drive.google.com/file/d/1-uIkZYC9FCmXazI1ybQr2Zus3beDeXUV/view?usp=drive_link","drive.google.com","아니오","정상"
"吸","획순 이미지","https://drive.google.com/file/d/1a1PHLQuNSlL7UEmP4xF_GzcCa-Jm8bnh/view?usp=drivesdk","drive.google.com","아니오","정상"
"暇","이미지 1","https://drive.google.com/file/d/1m3AD_OIFF2lFkgetru2yuAE6eM1yAFfD/view?usp=drive_link","drive.google.com","아니오","정상"
"暇","획순 이미지","https://drive.google.com/file/d/1GaigYKgw5HcY2XSBzn9QEjfc26O0Ecdt/view?usp=drivesdk","drive.google.com","아니오","정상"
"佳","이미지 1","https://drive.google.com/file/d/1iJBcz3l4aqh9zVNKmZZ2QSP0yY8Id53I/view?usp=drive_link","drive.google.com","아니오","정상"
"佳","획순 이미지","https://drive.google.com/file/d/14zA6uftStovvrr8SrANvU4emfigQIEMb/view?usp=drivesdk","drive.google.com","아니오","정상"
"架","이미지 1","https://drive.google.com/file/d/1m6fzIc9u8JA8jcTgx2KM4imMylfp--iJ/view?usp=drive_link","drive.google.com","아니오","정상"
"架","획순 이미지","https://drive.google.com/file/d/1EzWleBaglyXoGcpK5DtnHqIpBDyGajkl/view?usp=drivesdk","drive.google.com","아니오","정상"
"嫁","이미지 1","https://drive.google.com/file/d/1pY8jXY3WKUR7tQVi86OxjOLyPqBs9cMc/view?usp=drive_link","drive.google.com","아니오","정상"
"嫁","획순 이미지","https://drive.google.com/file/d/1H0GbC0bYPZJMST4-wBjp1_CDRgAWw3ab/view?usp=drivesdk","drive.google.com","아니오","정상"
"稼","이미지 1","https://drive.google.com/file/d/1WDaCs7jyo714FkxmEBsaxTzrLynYY0wg/view?usp=drive_link","drive.google.com","아니오","정상"
"稼","획순 이미지","https://drive.google.com/file/d/1tQaaVte3oritYiBtGkUHIy51lDGWqK2X/view?usp=drivesdk","drive.google.com","아니오","정상"
"苛","이미지 1","https://drive.google.com/file/d/1u6IO3pIwhdhhj4BAzHv8wCvvMx9I1_5J/view?usp=drive_link","drive.google.com","아니오","정상"
"苛","획순 이미지","https://drive.google.com/file/d/1r4rBHh-rF6KfY1IdnVgfh1o0jwsytbEu/view?usp=drivesdk","drive.google.com","아니오","정상"
"却","이미지 1","https://drive.google.com/file/d/1zrhYt85sV3O68eu1Kf2XUeB65ksmp3Z7/view?usp=drive_link","drive.google.com","아니오","정상"
"却","획순 이미지","https://drive.google.com/file/d/1C8k9K0hZlLxT0PcYOC6fQSKFs90Pgznw/view?usp=drivesdk","drive.google.com","아니오","정상"
"脚","이미지 1","https://drive.google.com/file/d/1tjfAVif3vFpF2WVzdpSaUYDN4yPzphwU/view?usp=drive_link","drive.google.com","아니오","정상"
"脚","획순 이미지","https://drive.google.com/file/d/1-l51rxbe76NbOON1v9oU5viiaN5l5F2G/view?usp=drivesdk","drive.google.com","아니오","정상"
"殻","이미지 1","https://drive.google.com/file/d/12BbkB3-yn-k-xWVA11q_Apxspi6-MGll/view?usp=drive_link","drive.google.com","아니오","정상"
"殻","획순 이미지","https://drive.google.com/file/d/1Gf-SCFIQY7-fuInNfwv5aDLfmCu2Atu6/view?usp=drivesdk","drive.google.com","아니오","정상"
"肝","이미지 1","https://drive.google.com/file/d/1WeRYvmZ70BWQhnqf2WhkL5K0VqTtCNN4/view?usp=drive_link","drive.google.com","아니오","정상"
"肝","획순 이미지","https://drive.google.com/file/d/1VUjhaNfARi7tGbp5nu4-svV3mgU8Mp03/view?usp=drivesdk","drive.google.com","아니오","정상"
"墾","이미지 1","https://drive.google.com/file/d/1w65qRTiw4H822gwGYcGxphH0AIcb6I4G/view?usp=drive_link","drive.google.com","아니오","정상"
"墾","획순 이미지","https://drive.google.com/file/d/1bU9D441xtxHBpQbt_ErWL9rggHFuV_kz/view?usp=drivesdk","drive.google.com","아니오","정상"
"懇","이미지 1","https://drive.google.com/file/d/15LJkDXtlGL75DJlK4eJyVCfddMhFLhsJ/view?usp=drive_link","drive.google.com","아니오","정상"
"懇","획순 이미지","https://drive.google.com/file/d/1Zfb3Ad5BjxDI0xMJmy3DoTQBx6Q018-q/view?usp=drivesdk","drive.google.com","아니오","정상"
"喝","이미지 1","https://drive.google.com/file/d/1LAtS_c4naLRwrZzgq0wiKbCoW3TvpxT2/view?usp=share_link","drive.google.com","아니오","정상"
"喝","획순 이미지","https://drive.google.com/file/d/1uYiqNpx81kpYNvQtdDQiMI-hzdfetc_d/view?usp=drivesdk","drive.google.com","아니오","정상"
"渇","이미지 1","https://drive.google.com/file/d/10sCcemXYOic6vQ_w7_hlwiOm9dPwHsRa/view?usp=drive_link","drive.google.com","아니오","정상"
"渇","획순 이미지","https://drive.google.com/file/d/1nXHPjK8pJEtvqgrTN3RCu1i8pqTY8PHg/view?usp=drivesdk","drive.google.com","아니오","정상"
"褐","이미지 1","https://drive.google.com/file/d/1u_OfwHY8i6OlZYWCNQp6VEttGd-TR2Ua/view?usp=share_link","drive.google.com","아니오","정상"
"褐","획순 이미지","https://drive.google.com/file/d/1VJ_yweXR2XA64BMys3_8uEh2aSoAFzaJ/view?usp=drivesdk","drive.google.com","아니오","정상"
"葛","이미지 1","https://drive.google.com/file/d/1ObEMTXBeXd90aU4ayg9naFuE2UXQLehM/view?usp=share_link","drive.google.com","아니오","정상"
"葛","획순 이미지","https://drive.google.com/file/d/1ZBWDCuo8--fOMuPfAE_-9gyYWtxSyO2b/view?usp=drivesdk","drive.google.com","아니오","정상"
"甘","이미지 1","https://drive.google.com/file/d/17zxf1vtwtyiUvFwgRd2I3oIf1oVsUbc4/view?usp=drive_link","drive.google.com","아니오","정상"
"甘","획순 이미지","https://drive.google.com/file/d/1gSQ7E0_CLTYQbYLPs4bOn5DCaqd5nNYw/view?usp=drivesdk","drive.google.com","아니오","정상"
"監","이미지 1","https://drive.google.com/file/d/17WczXVlH5IxmPpD9Y4CVOwDpIcY3ae0l/view?usp=drive_link","drive.google.com","아니오","정상"
"監","획순 이미지","https://drive.google.com/file/d/1YIEu4i7cJYm3juK-KdALz0tPKRPttq_M/view?usp=drivesdk","drive.google.com","아니오","정상"
"鑑","이미지 1","https://drive.google.com/file/d/1_yRO3cxKMgsE5BL-gNBb9G94dwvWlt6Y/view?usp=drive_link","drive.google.com","아니오","정상"
"鑑","획순 이미지","https://drive.google.com/file/d/1-s451vFEEyuNeE07AgzxlO7GN3iKgTTN/view?usp=drivesdk","drive.google.com","아니오","정상"
"勘","이미지 1","https://drive.google.com/file/d/11QbR4rBU0uFR6lfCi5eReLAErHukrrGq/view?usp=drive_link","drive.google.com","아니오","정상"
"勘","획순 이미지","https://drive.google.com/file/d/1Wq3Thx70e6mZBeGU4XFYDveChoWsCfVn/view?usp=drivesdk","drive.google.com","아니오","정상"
"紺","이미지 1","https://drive.google.com/file/d/1RoZA9eCqh3JxgI6KUW7KrTLOMtlDhTuA/view?usp=drive_link","drive.google.com","아니오","정상"
"紺","획순 이미지","https://drive.google.com/file/d/1bvVkAgazISGubreUBOyRkh83SiV3YG8f/view?usp=drivesdk","drive.google.com","아니오","정상"
"敢","이미지 1","https://drive.google.com/file/d/1FO65sytcSj3AYkH8HEHAY7urEkGahmji/view?usp=drive_link","drive.google.com","아니오","정상"
"敢","획순 이미지","https://drive.google.com/file/d/1dN1WVesHwA9qlSJE4mS6TTKvrWzE2Bx7/view?usp=drivesdk","drive.google.com","아니오","정상"
"堪","이미지 1","https://drive.google.com/file/d/12HHL1ITOufX-jnnJxZKYiiK6LJAwK4yB/view?usp=drive_link","drive.google.com","아니오","정상"
"堪","획순 이미지","https://drive.google.com/file/d/1sTZeoEZJlVNtVmn5r0bS5z6Kv-4i5v0u/view?usp=drivesdk","drive.google.com","아니오","정상"
"憾","이미지 1","https://drive.google.com/file/d/1FMa1lyvUXF6BPEA7wTa1pYP3Nb-qUdQ0/view?usp=drive_link","drive.google.com","아니오","정상"
"憾","획순 이미지","https://drive.google.com/file/d/1dtIiBM4NS2pS-_DaXZofgi943kqNuaR0/view?usp=drivesdk","drive.google.com","아니오","정상"
"甲","이미지 1","https://drive.google.com/file/d/1BaxT7Jvg1rFYZc534jvhaDA8G8o2VzaI/view?usp=drive_link","drive.google.com","아니오","정상"
"甲","획순 이미지","https://drive.google.com/file/d/1wNQhrfPlDCBrMQfElYoLF-4St3dIcZZc/view?usp=drivesdk","drive.google.com","아니오","정상"
"岬","이미지 1","https://drive.google.com/file/d/1VtcZiRJMbSL3VkWrj2wRxmbh3LF3WozP/view?usp=drive_link","drive.google.com","아니오","정상"
"岬","획순 이미지","https://drive.google.com/file/d/156CQDo_zPcHqcp5cBo-sQBLDbtIhagB4/view?usp=drivesdk","drive.google.com","아니오","정상"
"綱","이미지 1","https://drive.google.com/file/d/1JuW0M0oTAECUNhLezysEhrVmPw_XXIB4/view?usp=drive_link","drive.google.com","아니오","정상"
"綱","획순 이미지","https://drive.google.com/file/d/12mqVGLXq-b0GRuVV-cCoPeF6sRltMoM8/view?usp=drivesdk","drive.google.com","아니오","정상"
"江","이미지 1","https://drive.google.com/file/d/1J88t2bbMv2EbKHDKM-DvSrCyXBZfGoD3/view?usp=drive_link","drive.google.com","아니오","정상"
"江","획순 이미지","https://drive.google.com/file/d/1JV7G0Pju4Lwgij2rqbxPDtHJW7oQniLY/view?usp=drivesdk","drive.google.com","아니오","정상"
"剛","이미지 1","https://drive.google.com/file/d/1q31at5buehR-MSQUfL5ZnrtXl-kJwqod/view?usp=drive_link","drive.google.com","아니오","정상"
"剛","획순 이미지","https://drive.google.com/file/d/15PByZ2gz7xb8nVkBkWYkKsyVhUYtYbt-/view?usp=drivesdk","drive.google.com","아니오","정상"
"介","이미지 1","https://drive.google.com/file/d/1bjoDXK8vUCEINtjgAU_RH6xv6eUv1jRU/view?usp=drive_link","drive.google.com","아니오","정상"
"介","획순 이미지","https://drive.google.com/file/d/1oiGgt_k29UNO8kqD82GgWS92mqMkUuQ4/view?usp=drivesdk","drive.google.com","아니오","정상"
"皆","이미지 1","https://drive.google.com/file/d/1TZvPGcnEGDkD5CwBdOMZ2iswvRvsnxW-/view?usp=drive_link","drive.google.com","아니오","정상"
"皆","획순 이미지","https://drive.google.com/file/d/133hHnAgOpip7YhwC6zQkzdKj5315PEGp/view?usp=drivesdk","drive.google.com","아니오","정상"
"箇","이미지 1","https://drive.google.com/file/d/1PKeQB20QZbTkCQqJHoisR7jsSMcdUWmf/view?usp=drive_link","drive.google.com","아니오","정상"
"箇","획순 이미지","https://drive.google.com/file/d/14VGGp40oIx2clkphC_r4hZnwxBNTGR1i/view?usp=drivesdk","drive.google.com","아니오","정상"
"慨","이미지 1","https://drive.google.com/file/d/1R8y9wv3I7f3BlIC6SIrJigleGiGGf3QL/view?usp=drive_link","drive.google.com","아니오","정상"
"慨","획순 이미지","https://drive.google.com/file/d/19YB_ny-GGMQIdGKVCcnkbwaqF-cXZMAM/view?usp=drivesdk","drive.google.com","아니오","정상"
"概","이미지 1","https://drive.google.com/file/d/1Pk4kDQY3VsjyRMeQ2J3OfIYz9muq63DR/view?usp=drive_link","drive.google.com","아니오","정상"
"概","획순 이미지","https://drive.google.com/file/d/1IP2X6caCZf4jp6R2heHL6oGXGMQoz2K_/view?usp=drivesdk","drive.google.com","아니오","정상"
"蓋","이미지 1","https://drive.google.com/file/d/1CigtaP6lPHEx_Q01mxPOBJzHbsUtDnX5/view?usp=drive_link","drive.google.com","아니오","정상"
"蓋","획순 이미지","https://drive.google.com/file/d/1ws6uMBkNIhuZVZ7wOxVJtcmFjQcypv31/view?usp=drivesdk","drive.google.com","아니오","정상"
"坑","이미지 1","https://drive.google.com/file/d/1oiAYtVDftn6ohtX1YZLn0mtLVLA8f4I_/view?usp=drive_link","drive.google.com","아니오","정상"
"坑","획순 이미지","https://drive.google.com/file/d/1uGadkDWUbkIZ4rbEOVw00X_H21naiwyc/view?usp=drivesdk","drive.google.com","아니오","정상"
"巨","이미지 1","https://drive.google.com/file/d/1RCKhrS9YiuuAvUjLQQ3vBVEDmBgictBB/view?usp=drive_link","drive.google.com","아니오","정상"
"巨","획순 이미지","https://drive.google.com/file/d/1G2kKTH24KYGMHVx3TLwG-C-_3YhUodpj/view?usp=drivesdk","drive.google.com","아니오","정상"
"拠","이미지 1","https://drive.google.com/file/d/1PYrMdOK19mj7PkfyNBFRf2cKAAz9UhI5/view?usp=drive_link","drive.google.com","아니오","정상"
"拠","획순 이미지","https://drive.google.com/file/d/1mVNgJUWIBa-dfH8DzdzAz3-omgbtZY_H/view?usp=drivesdk","drive.google.com","아니오","정상"
"距","이미지 1","https://drive.google.com/file/d/1LgahiYqcMjRYsaC7l-A29tZQOxi5md7D/view?usp=drive_link","drive.google.com","아니오","정상"
"距","획순 이미지","https://drive.google.com/file/d/1kqzV4Wxc6_gQxQ2XWsMscFJCN2qij8HZ/view?usp=drivesdk","drive.google.com","아니오","정상"
"拒","이미지 1","https://drive.google.com/file/d/1btZIg-8L6Nr2TZ8vsG1RU9YWZpp90eqv/view?usp=drive_link","drive.google.com","아니오","정상"
"拒","획순 이미지","https://drive.google.com/file/d/1YpgvzvurkjaJT_GxrTRPXEczSRY4XLRx/view?usp=drivesdk","drive.google.com","아니오","정상"
"据","이미지 1","https://drive.google.com/file/d/1ZbdWI8WZ75L2vsq0FAdlLiZcQcKp2CdD/view?usp=drive_link","drive.google.com","아니오","정상"
"据","획순 이미지","https://drive.google.com/file/d/1FlhYCwBzsUNL6G40wILYHf02pQQWGFGJ/view?usp=drivesdk","drive.google.com","아니오","정상"
"裾","이미지 1","https://drive.google.com/file/d/1rJ5HsQx7RvNGYqBwCNQ7g4LfmKvxXEtl/view?usp=drive_link","drive.google.com","아니오","정상"
"裾","획순 이미지","https://drive.google.com/file/d/1QHOquSBfvWAkzBCY79SQBuk6Qy5ZT231/view?usp=drivesdk","drive.google.com","아니오","정상"
"乾","이미지 1","https://drive.google.com/file/d/1pqpI3QZKyzi3enhsNzZI22cuvHQ_CcBO/view?usp=drive_link","drive.google.com","아니오","정상"
"乾","획순 이미지","https://drive.google.com/file/d/1ZaO1m1uLLS04U-4Wi6tAooNNVk-V4lZt/view?usp=drivesdk","drive.google.com","아니오","정상"
"巾","이미지 1","https://drive.google.com/file/d/1_NL-F7YylAur-izXNVwXR6iRsXI4LzME/view?usp=drive_link","drive.google.com","아니오","정상"
"巾","획순 이미지","https://drive.google.com/file/d/1R-CAlspubRVQCFc16vjvxS8Swyg6Z5vg/view?usp=drivesdk","drive.google.com","아니오","정상"
"鍵","이미지 1","https://drive.google.com/file/d/1mI4SB5B_TWLpmAOsdWRTzn_XuFu7ZGnp/view?usp=drive_link","drive.google.com","아니오","정상"
"鍵","획순 이미지","https://drive.google.com/file/d/1qDHwtug7xBhgK-ycvxFxp6Zs1yvyu9TW/view?usp=drivesdk","drive.google.com","아니오","정상"
"傑","이미지 1","https://drive.google.com/file/d/1JFropH29JgnceEhhw0T4gic5cDNvXDIi/view?usp=drive_link","drive.google.com","아니오","정상"
"傑","획순 이미지","https://drive.google.com/file/d/1AIZaw8vdWnEKDyIhhv0icdjoBa4HkKkR/view?usp=drivesdk","drive.google.com","아니오","정상"
"乞","이미지 1","https://drive.google.com/file/d/1YeHNSy64Acxo7zK0P_I78nsMrHbwlxLV/view?usp=drive_link","drive.google.com","아니오","정상"
"乞","획순 이미지","https://drive.google.com/file/d/1meJPBTSO_f6Kbwh2A6cq6zaWEmIfWFit/view?usp=drivesdk","drive.google.com","아니오","정상"
"剣","이미지 1","https://drive.google.com/file/d/1SNiBRZJyjXTENo6xdeIW6BMm6j-m7-Ij/view?usp=drive_link","drive.google.com","아니오","정상"
"剣","획순 이미지","https://drive.google.com/file/d/1qgAfXoRyDQENyoOpQdX5hy0thZC2a1Sr/view?usp=drivesdk","drive.google.com","아니오","정상"
"倹","이미지 1","https://drive.google.com/file/d/1MNKFFQBBhm_8AGQ7tgfj1LHm6awAk4i8/view?usp=drive_link","drive.google.com","아니오","정상"
"倹","획순 이미지","https://drive.google.com/file/d/1F5ydl36oAW_qq_Iezoa5K2N7MLQMk9d4/view?usp=drivesdk","drive.google.com","아니오","정상"
"掲","이미지 1","https://drive.google.com/file/d/1QcH0JAXftj4IX3DOWtkPLZtYcBsm1HCp/view?usp=drive_link","drive.google.com","아니오","정상"
"掲","획순 이미지","https://drive.google.com/file/d/1rDUpkAX0aP6fNGUnhOMFNvBzjaeiv-ti/view?usp=drivesdk","drive.google.com","아니오","정상"
"憩","이미지 1","https://drive.google.com/file/d/12YtkBG1Uc1THwDhDQ4OkVKvHMLhnmTeR/view?usp=drive_link","drive.google.com","아니오","정상"
"憩","획순 이미지","https://drive.google.com/file/d/1TNrLGwN4W8SIAiGExbnhzqb8Uf7B7UxL/view?usp=drivesdk","drive.google.com","아니오","정상"
"撃","이미지 1","https://drive.google.com/file/d/1MufCTTmP3t-zhrXIIfozbIxsRjj1tU7S/view?usp=drive_link","drive.google.com","아니오","정상"
"撃","획순 이미지","https://drive.google.com/file/d/1XMZ8C5XC5Fy6a3gE9VD89mJUIMBkKFUQ/view?usp=drivesdk","drive.google.com","아니오","정상"
"隔","이미지 1","https://drive.google.com/file/d/13lD79C9seutEPXBpyB6mkTqV1VyVbzuW/view?usp=drive_link","drive.google.com","아니오","정상"
"隔","획순 이미지","https://drive.google.com/file/d/1SolMHFJJ179ZjIT4FmJDgV_B2j46IMm2/view?usp=drivesdk","drive.google.com","아니오","정상"
"肩","이미지 1","https://drive.google.com/file/d/15hJu2LUchp9P8FfR9eMTMZjE7NJFLBoL/view?usp=drive_link","drive.google.com","아니오","정상"
"肩","획순 이미지","https://drive.google.com/file/d/1aZ0cqL8ZVEqkvaRccOZ18iT7S0z7hPBF/view?usp=drivesdk","drive.google.com","아니오","정상"
"堅","이미지 1","https://drive.google.com/file/d/1fSHVmGYNklRZf9hOkRRI6tTReSTNOSu5/view?usp=drive_link","drive.google.com","아니오","정상"
"堅","획순 이미지","https://drive.google.com/file/d/1opHbXM3wt4T66kEckMufjgdEPymO4ccZ/view?usp=drivesdk","drive.google.com","아니오","정상"
"遣","이미지 1","https://drive.google.com/file/d/1eY1CtsTsLMOprDI7hIDcyF73gfnBfNWI/view?usp=drive_link","drive.google.com","아니오","정상"
"遣","획순 이미지","https://drive.google.com/file/d/1Dbsonuoim7y8MHn2Zq9Na8ox-teRs795/view?usp=drivesdk","drive.google.com","아니오","정상"
"繭","이미지 1","https://drive.google.com/file/d/1oOs7w_zlTRWuSMs2lDCer5S55Y9vN6ZJ/view?usp=drive_link","drive.google.com","아니오","정상"
"繭","획순 이미지","https://drive.google.com/file/d/1BG6xsPdC1QyjYkcapTf5peloCZZg8gW3/view?usp=drivesdk","drive.google.com","아니오","정상"
"兼","이미지 1","https://drive.google.com/file/d/1dxvMLAE9ysLI5Nb5zSWIdQMFhMc6x7HI/view?usp=drive_link","drive.google.com","아니오","정상"
"兼","획순 이미지","https://drive.google.com/file/d/1C7h5TnhTkBHRiL_Rwvalo2SMkAv6WcO7/view?usp=drivesdk","drive.google.com","아니오","정상"
"謙","이미지 1","https://drive.google.com/file/d/1BjhF80W97NREv_yhWVSb4MUy-ZRs5qJJ/view?usp=drive_link","drive.google.com","아니오","정상"
"謙","획순 이미지","https://drive.google.com/file/d/1dU4mHyd6caUWhhKaKfwmWaH7S5z4-JdW/view?usp=drivesdk","drive.google.com","아니오","정상"
"鎌","이미지 1","https://drive.google.com/file/d/1v0mWkPCmcSAY0x1eWAF_iDS-pQc54URT/view?usp=drive_link","drive.google.com","아니오","정상"
"鎌","획순 이미지","https://drive.google.com/file/d/1aX1wlJ6TxpSkCnL2DVWuRghiZdkYa5A1/view?usp=drivesdk","drive.google.com","아니오","정상"
"更","이미지 1","https://drive.google.com/file/d/13DElkqKhSrUTESR78sf8pFvvkTzAcdHO/view?usp=drive_link","drive.google.com","아니오","정상"
"更","획순 이미지","https://drive.google.com/file/d/19TmDF_YnvI-nWTFaf7h6eftbJF_HbZzV/view?usp=drivesdk","drive.google.com","아니오","정상"
"傾","이미지 1","https://drive.google.com/file/d/1QIjJUN1blc3wc4pU4PllogSAlTmMo5B9/view?usp=drive_link","drive.google.com","아니오","정상"
"傾","획순 이미지","https://drive.google.com/file/d/1BlcLwZyMYOdV5rEBMQDr9k6j9UUFOZ3H/view?usp=drivesdk","drive.google.com","아니오","정상"
"驚","이미지 1","https://drive.google.com/file/d/1mn8SY6tNMAE0wqFv0glbyJ8RCBEG6Jdr/view?usp=drive_link","drive.google.com","아니오","정상"
"驚","획순 이미지","https://drive.google.com/file/d/1_zzj1Rv8m33TU4z488zN_ThwMNVg2tFq/view?usp=drivesdk","drive.google.com","아니오","정상"
"硬","이미지 1","https://drive.google.com/file/d/1GCuzV1K0mnQbXUe-xpjUG0JP2NpzhdoY/view?usp=drive_link","drive.google.com","아니오","정상"
"硬","획순 이미지","https://drive.google.com/file/d/1FMV2ylNQ6Nct15guDhlrouJVokPZN0Kl/view?usp=drivesdk","drive.google.com","아니오","정상"
"鯨","이미지 1","https://drive.google.com/file/d/12j7s-u_uyNCrSC0SFEJHpZsFBgzOhZ2b/view?usp=drive_link","drive.google.com","아니오","정상"
"鯨","획순 이미지","https://drive.google.com/file/d/1aBq32LeYolYTJFy09Vg23q9XJtTZZRrd/view?usp=drivesdk","drive.google.com","아니오","정상"
"茎","이미지 1","https://drive.google.com/file/d/1a1lNnmczTNYV_BkxBaqPM-8oI1hkEh7Y/view?usp=drive_link","drive.google.com","아니오","정상"
"茎","획순 이미지","https://drive.google.com/file/d/1fUjZarhmtoV6tawPOvKDvj2jFqPHRIQW/view?usp=drivesdk","drive.google.com","아니오","정상"
"慶","이미지 1","https://drive.google.com/file/d/1Xhr4U7jEz-23qXjsVoWV2_v2p592me-C/view?usp=drive_link","drive.google.com","아니오","정상"
"慶","획순 이미지","https://drive.google.com/file/d/1yqiiPLbrqo09fQ4ZeZ8O08hrFAQMSDP-/view?usp=drivesdk","drive.google.com","아니오","정상"
"頃","이미지 1","https://drive.google.com/file/d/1DWB5LMvnAqMBWiRxt9E8xNXW-_MIhxZ5/view?usp=drive_link","drive.google.com","아니오","정상"
"頃","획순 이미지","https://drive.google.com/file/d/1FwEWTLEfE4eY4VQ9xqlruplo9NuwxQ53/view?usp=drivesdk","drive.google.com","아니오","정상"
"梗","이미지 1","https://drive.google.com/file/d/1i2eGY2dpI7gTxd9s1MxF3Rf8fR62O45C/view?usp=drive_link","drive.google.com","아니오","정상"
"梗","획순 이미지","https://drive.google.com/file/d/1etzpgRjcxEBVxTqnMDvGyhzU7BPqYb5D/view?usp=drivesdk","drive.google.com","아니오","정상"
"憬","이미지 1","https://drive.google.com/file/d/1mcQElpcstWkDr4xX0bUKgl4tsEPPc03n/view?usp=drive_link","drive.google.com","아니오","정상"
"憬","획순 이미지","https://drive.google.com/file/d/1WneY5KfjO-P_BYnU4Fuz5XGWZKANLNCO/view?usp=drivesdk","drive.google.com","아니오","정상"
"戒","이미지 1","https://drive.google.com/file/d/1ARqqJPyQUSD3EK6UtfdntpElqP3eHFJb/view?usp=drive_link","drive.google.com","아니오","정상"
"戒","획순 이미지","https://drive.google.com/file/d/191QrEGbc4GVLHFL9L0l3a3fO5chMSqWT/view?usp=drivesdk","drive.google.com","아니오","정상"
"継","이미지 1","https://drive.google.com/file/d/10fqZBuKZfHgeNRTIuwLw_Y0t0dmSGMxj/view?usp=drive_link","drive.google.com","아니오","정상"
"継","획순 이미지","https://drive.google.com/file/d/1QCdPJC8mpoGH2B1vFbBMJou9RNMT6S2F/view?usp=drivesdk","drive.google.com","아니오","정상"
"契","이미지 1","https://drive.google.com/file/d/1awIn1qo4uI7Q6ETbJPgkN64cnTdYwjcn/view?usp=drive_link","drive.google.com","아니오","정상"
"契","획순 이미지","https://drive.google.com/file/d/1earWsBK5Qy7c7buGwUlOdyxn9cVEeSPl/view?usp=drivesdk","drive.google.com","아니오","정상"
"啓","이미지 1","https://drive.google.com/file/d/1arJtdqqTgA09p_D423om__kiVALiBqi9/view?usp=drive_link","drive.google.com","아니오","정상"
"啓","획순 이미지","https://drive.google.com/file/d/180f-Is5_q0PRjul608p2VUu8JOangZRB/view?usp=drivesdk","drive.google.com","아니오","정상"
"鶏","이미지 1","https://drive.google.com/file/d/1SvzMCRTG5y8_dlodoq6pTSJ1-0fzo9rQ/view?usp=drive_link","drive.google.com","아니오","정상"
"鶏","획순 이미지","https://drive.google.com/file/d/1-v5YCFoCLigopVhisz5Sz8gcZOA4Wsk7/view?usp=drivesdk","drive.google.com","아니오","정상"
"渓","이미지 1","https://drive.google.com/file/d/1guvnxnGRA67kJzHKDXTaPgkdkNx3nuXn/view?usp=drive_link","drive.google.com","아니오","정상"
"渓","획순 이미지","https://drive.google.com/file/d/1dOawT0rjUQ0ZBP9aKX71H4md2E5uumEl/view?usp=drivesdk","drive.google.com","아니오","정상"
"稽","이미지 1","https://drive.google.com/file/d/1axIUxy7WdvD2T45DS70l5Sx5jwpLhtRw/view?usp=drive_link","drive.google.com","아니오","정상"
"稽","획순 이미지","https://drive.google.com/file/d/1nH1gZ7wqgWJvcR-aiidPgDYpgETPdk7q/view?usp=drivesdk","drive.google.com","아니오","정상"
"枯","이미지 1","https://drive.google.com/file/d/11VhaOy6_KGe41YkAdLU8SoGoM3OCgE2p/view?usp=drive_link","drive.google.com","아니오","정상"
"枯","획순 이미지","https://drive.google.com/file/d/1b0qwFBMGpbm-ekvpFmRl1GJeseRLCn5H/view?usp=drivesdk","drive.google.com","아니오","정상"
"鼓","이미지 1","https://drive.google.com/file/d/1FOvmISfXS8mM6ZWaJIPkJphA8v8ev-qv/view?usp=drive_link","drive.google.com","아니오","정상"
"鼓","획순 이미지","https://drive.google.com/file/d/1p976eyzcfXzs9_-W16HSDY1F2AZBkIcl/view?usp=drivesdk","drive.google.com","아니오","정상"
"稿","이미지 1","https://drive.google.com/file/d/1iqnXlkYgCi96LcoBK7rDe9NPj03BycI_/view?usp=drive_link","drive.google.com","아니오","정상"
"稿","획순 이미지","https://drive.google.com/file/d/1P8WzOdvMV5FBmtfydZxdRSp9-bXQTYUQ/view?usp=drivesdk","drive.google.com","아니오","정상"
"孤","이미지 1","https://drive.google.com/file/d/19aAVDUVrzh4bZTDVjVX-ULV78SaE0AD6/view?usp=drive_link","drive.google.com","아니오","정상"
"孤","획순 이미지","https://drive.google.com/file/d/1vCw62PD9sHT76zQUn_thL1fWnQx2-zor/view?usp=drivesdk","drive.google.com","아니오","정상"
"雇","이미지 1","https://drive.google.com/file/d/1WjlfMwqdWUMWO0agUiPk4UkrPcxVIKMw/view?usp=drive_link","drive.google.com","아니오","정상"
"雇","획순 이미지","https://drive.google.com/file/d/1LQFE_P04UuUhhCBYBR1LVdIcBoKXINoH/view?usp=drivesdk","drive.google.com","아니오","정상"
"顧","이미지 1","https://drive.google.com/file/d/1-JE3E6Eq01BVEMVm3AEU7wn5IhxUsGlL/view?usp=drive_link","drive.google.com","아니오","정상"
"顧","획순 이미지","https://drive.google.com/file/d/1e5jZZVXF3A3_4PxsvvcrWkXEncmwjbrr/view?usp=drivesdk","drive.google.com","아니오","정상"
"拷","이미지 1","https://drive.google.com/file/d/1iokHEI93rEKgOA4yGZapmbmxSyX9dCc6/view?usp=drive_link","drive.google.com","아니오","정상"
"拷","획순 이미지","https://drive.google.com/file/d/185vLRQPhKCnAfMvwwSz5UHBOFCJDTkaJ/view?usp=drivesdk","drive.google.com","아니오","정상"
"尻","이미지 1","https://drive.google.com/file/d/19lolp4wN3fEfM-o8VX0__DG9c3tdopY1/view?usp=drive_link","drive.google.com","아니오","정상"
"尻","획순 이미지","https://drive.google.com/file/d/1Xgsev-xJS_pGbprlkpDLtWOhvEpZm9qd/view?usp=drivesdk","drive.google.com","아니오","정상"
"股","이미지 1","https://drive.google.com/file/d/1kPQJS-k28UcwZ-iIX43PW5c5AdANPT5j/view?usp=drive_link","drive.google.com","아니오","정상"
"股","획순 이미지","https://drive.google.com/file/d/1h_06OguBXf97xyp02vJc2by3rLk9EpWp/view?usp=drivesdk","drive.google.com","아니오","정상"
"錮","이미지 1","https://drive.google.com/file/d/1NnRrkGO7T1UfNf-NYkhIN8sMw28sIVwG/view?usp=drive_link","drive.google.com","아니오","정상"
"錮","획순 이미지","https://drive.google.com/file/d/1BxBMWQvY0G9Z0YugP3MsrdZzRddw0JjG/view?usp=drivesdk","drive.google.com","아니오","정상"
"昆","이미지 1","https://drive.google.com/file/d/1VJDFpQNF2wXMRq9hDjuPzLgRoR-pM3xR/view?usp=drive_link","drive.google.com","아니오","정상"
"昆","획순 이미지","https://drive.google.com/file/d/1optNi3nIZ0IlA9ZtdJoIA4VYwAS6xLjT/view?usp=drivesdk","drive.google.com","아니오","정상"
"攻","이미지 1","https://drive.google.com/file/d/1pkvK9d_YSEAcMIVthwfZSqNuPQldvUyo/view?usp=drive_link","drive.google.com","아니오","정상"
"攻","획순 이미지","https://drive.google.com/file/d/13Tx3yo0fq4Lvz6Nv4CJoznxG1I4TsnCL/view?usp=drivesdk","drive.google.com","아니오","정상"
"恐","이미지 1","https://drive.google.com/file/d/1JfNwU1S_eROO9cqD9f_ORugtv_ilI4WU/view?usp=drive_link","drive.google.com","아니오","정상"
"恐","획순 이미지","https://drive.google.com/file/d/19KoYNZj58hMHDllw4cZ5jz__2zDONCKN/view?usp=drivesdk","drive.google.com","아니오","정상"
"孔","이미지 1","https://drive.google.com/file/d/1USZBkE8LLI8mOIgUDEmdv9yxTBVSw4p4/view?usp=drive_link","drive.google.com","아니오","정상"
"孔","획순 이미지","https://drive.google.com/file/d/1az8uDhpwKs2MQr93NfYVxZszvVX8C9O_/view?usp=drivesdk","drive.google.com","아니오","정상"
"控","이미지 1","https://drive.google.com/file/d/1UPE5riVv1YpSnf1OlSGnkBNMjpJW12bF/view?usp=drive_link","drive.google.com","아니오","정상"
"控","획순 이미지","https://drive.google.com/file/d/1KwGE8hPRm9pjoS0Hxvts62vc4mMaqJ92/view?usp=drivesdk","drive.google.com","아니오","정상"
"恭","이미지 1","https://drive.google.com/file/d/1rEGUX7Sf2YniRXIJ32Mc9RqNq8tu5cE7/view?usp=drive_link","drive.google.com","아니오","정상"
"恭","획순 이미지","https://drive.google.com/file/d/1xDZHl-xOhdrOgP5xLJV1c4dwRbtD5w61/view?usp=drivesdk","drive.google.com","아니오","정상"
"貢","이미지 1","https://drive.google.com/file/d/1MuFF8ZiOMBB9tsnw1VnTdVpqjNEh-AuK/view?usp=drive_link","drive.google.com","아니오","정상"
"貢","획순 이미지","https://drive.google.com/file/d/1ChUbzgf_Wd-z_oKiw2958wxVQbAXvE4Y/view?usp=drivesdk","drive.google.com","아니오","정상"
"菓","이미지 1","https://drive.google.com/file/d/1VHCCpBHN6VXaOk-l4xhvXJDD2GA0GmMP/view?usp=drive_link","drive.google.com","아니오","정상"
"菓","획순 이미지","https://drive.google.com/file/d/1qHNlckPj5T_YkQ2KuBkF2aMD_FmYcrJL/view?usp=drivesdk","drive.google.com","아니오","정상"
"誇","이미지 1","https://drive.google.com/file/d/1PKGKslz8bsdkE1QraBjH4lVTh0mYNPE-/view?usp=drive_link","drive.google.com","아니오","정상"
"誇","획순 이미지","https://drive.google.com/file/d/1OLxLttu7L_VcoX0iYFaKozS_fd8-D7tF/view?usp=drivesdk","drive.google.com","아니오","정상"
"寡","이미지 1","https://drive.google.com/file/d/168c6tvH2dPL-GYecHlKXTNZVnxaVKeOA/view?usp=drive_link","drive.google.com","아니오","정상"
"寡","획순 이미지","https://drive.google.com/file/d/1zMXJE9_XkXxqbC7I35q--OYu5OuGKJnL/view?usp=drivesdk","drive.google.com","아니오","정상"
"鍋","이미지 1","https://drive.google.com/file/d/167S1l1kt5lOWthq4Ve8S6ku6o4ViWfc5/view?usp=drive_link","drive.google.com","아니오","정상"
"鍋","획순 이미지","https://drive.google.com/file/d/15QiucesyhsdaxfjChr5bPSC0EQhH-yL7/view?usp=drivesdk","drive.google.com","아니오","정상"
"郭","이미지 1","https://drive.google.com/file/d/1NE9iGVwyg864XV9faFCupiP1C27cSkOO/view?usp=drive_link","drive.google.com","아니오","정상"
"郭","획순 이미지","https://drive.google.com/file/d/1HnhpJjFSAFEHVGWr_q2Vkuh5SrfV5n6f/view?usp=drivesdk","drive.google.com","아니오","정상"
"冠","이미지 1","https://drive.google.com/file/d/12gE-DgIovLLFqan2jcBNwAiNNOiMuVXs/view?usp=drive_link","drive.google.com","아니오","정상"
"冠","획순 이미지","https://drive.google.com/file/d/1gWEdYW1-gRAQFExtGTJMhUFoFOWgGpCj/view?usp=drivesdk","drive.google.com","아니오","정상"
"貫","이미지 1","https://drive.google.com/file/d/1BF1Fv6-61E-CX66YcH5VJcTe7YZO3zut/view?usp=drive_link","drive.google.com","아니오","정상"
"貫","획순 이미지","https://drive.google.com/file/d/1CJLLsUKsWP9I1d2TjS6O_zCE31JIdGuB/view?usp=drivesdk","drive.google.com","아니오","정상"
"款","이미지 1","https://drive.google.com/file/d/1KRuCll4-awCxr9lveRVPjiFS8pdeH2r0/view?usp=drive_link","drive.google.com","아니오","정상"
"款","획순 이미지","https://drive.google.com/file/d/1jJMB0TjPwJbB0cNCuhOmRBcgA5J9D8nV/view?usp=drivesdk","drive.google.com","아니오","정상"
"棺","이미지 1","https://drive.google.com/file/d/16wv19kKG2ULYa76kdZIWX48VsdB09KZz/view?usp=drive_link","drive.google.com","아니오","정상"
"棺","획순 이미지","https://drive.google.com/file/d/19raAdlUfOPLYncU_Y1nBQXug9CiVqKT2/view?usp=drivesdk","drive.google.com","아니오","정상"
"寛","이미지 1","https://drive.google.com/file/d/11cq13W1AlTZmljjPUhWObl6x9Q-UCXgj/view?usp=drive_link","drive.google.com","아니오","정상"
"寛","획순 이미지","https://drive.google.com/file/d/16uhbj5jLwp6oBJ0tNJ16ylE3uKid7Slx/view?usp=drivesdk","drive.google.com","아니오","정상"
"串","이미지 1","https://drive.google.com/file/d/1S8WxN-BScx_3EfINFEDwAebpFSij8al8/view?usp=drive_link","drive.google.com","아니오","정상"
"串","획순 이미지","https://drive.google.com/file/d/13mwPuDAMby4TblzhEWXJsI6wkDlF50eg/view?usp=drivesdk","drive.google.com","아니오","정상"
"括","이미지 1","https://drive.google.com/file/d/1IG8Egkmh2H-ZheAX6BRPRdG9cxWL-iqd/view?usp=drive_link","drive.google.com","아니오","정상"
"括","획순 이미지","https://drive.google.com/file/d/1Xb_MT317L9KxgXTTUssLdE_OxZfLKczT/view?usp=drivesdk","drive.google.com","아니오","정상"
"狂","이미지 1","https://drive.google.com/file/d/1a7njlh1OjZNLHFgEQW6UJI6aOIMfZwIV/view?usp=drive_link","drive.google.com","아니오","정상"
"狂","획순 이미지","https://drive.google.com/file/d/1EJdhz9huA7uP7hJZJJ_xB4jSPSwpG5ju/view?usp=drivesdk","drive.google.com","아니오","정상"
"掛","이미지 1","https://drive.google.com/file/d/114DsWKu1pCCdSwB4sGWPa1UxgJ1JDMUH/view?usp=drive_link","drive.google.com","아니오","정상"
"掛","획순 이미지","https://drive.google.com/file/d/1n0B6buZvSMTzV9etEzOk3cZUa0ixapKB/view?usp=drivesdk","drive.google.com","아니오","정상"
"壊","이미지 1","https://drive.google.com/file/d/1iVvynP8OJR8puRPYAxX-Dzlgwbz3fg-k/view?usp=drive_link","drive.google.com","아니오","정상"
"壊","획순 이미지","https://drive.google.com/file/d/1T0VLqqYxeJhZCa6E3q766GWhgJL0KIkE/view?usp=drivesdk","drive.google.com","아니오","정상"
"怪","이미지 1","https://drive.google.com/file/d/1by0YFreFoT4Wzc7CJvI50FJXdTJu3-GB/view?usp=drive_link","drive.google.com","아니오","정상"
"怪","획순 이미지","https://drive.google.com/file/d/1grau1UVtqHxMRSmp8_XB3azSfxHsUTmB/view?usp=drivesdk","drive.google.com","아니오","정상"
"塊","이미지 1","https://drive.google.com/file/d/1D6kOwpRa8pNUtPKE3RE6GHaMQVKVYH5V/view?usp=drive_link","drive.google.com","아니오","정상"
"塊","획순 이미지","https://drive.google.com/file/d/1pUIe3DdYLEW8oKZoSdkNL33k_8amxA9N/view?usp=drivesdk","drive.google.com","아니오","정상"
"拐","이미지 1","https://drive.google.com/file/d/1yoztQUmwiW-mxq-vAUEgbGYo7o-eSHN9/view?usp=drive_link","drive.google.com","아니오","정상"
"拐","획순 이미지","https://drive.google.com/file/d/1LmBdUqrFBFn0V0JqOMdQbvE6FWaGZIBR/view?usp=drivesdk","drive.google.com","아니오","정상"
"較","이미지 1","https://drive.google.com/file/d/1Z_x6TtYCB16FTy66LfflgDFr2G5YfRzP/view?usp=drive_link","drive.google.com","아니오","정상"
"較","획순 이미지","https://drive.google.com/file/d/12kWTG_c_K0c10FZyoe8J8rpoqx_gGbya/view?usp=drivesdk","drive.google.com","아니오","정상"
"巧","이미지 1","https://drive.google.com/file/d/1PuJZWVbn52LqeaPEwFDE170aTPLVAQyV/view?usp=drive_link","drive.google.com","아니오","정상"
"巧","획순 이미지","https://drive.google.com/file/d/1-lbfo_N4f29DyIUb-8m4KstzTj9AShzd/view?usp=drivesdk","drive.google.com","아니오","정상"
"郊","이미지 1","https://drive.google.com/file/d/1iKt55ZoP2kypEtI9n1ZHMumrySkkR6xz/view?usp=drive_link","drive.google.com","아니오","정상"
"郊","획순 이미지","https://drive.google.com/file/d/1fEajZTCzKjLEU0Xjz3fZTf2RKdsAva-o/view?usp=drivesdk","drive.google.com","아니오","정상"
"絞","이미지 1","https://drive.google.com/file/d/1WgeeNpiQAHj2jbR-YNiOhIzsA9_l6Bry/view?usp=drive_link","drive.google.com","아니오","정상"
"絞","획순 이미지","https://drive.google.com/file/d/1M0Cat2PimKovwWvlQsyzLovu7vvkCvLW/view?usp=drivesdk","drive.google.com","아니오","정상"
"矯","이미지 1","https://drive.google.com/file/d/1m-8CPJC4fyC_RyXK1IGk3622tSsBnDBy/view?usp=drive_link","drive.google.com","아니오","정상"
"矯","획순 이미지","https://drive.google.com/file/d/1lkVBGR-nwdQo7G3gPplAykYAGFVc9_a8/view?usp=drivesdk","drive.google.com","아니오","정상"
"丘","이미지 1","https://drive.google.com/file/d/192QuxuYYq-ij_DlKgDBo_3gXPv1IpF-c/view?usp=drive_link","drive.google.com","아니오","정상"
"丘","획순 이미지","https://drive.google.com/file/d/1ZReRinapVx-6Bh6wzPPmfM9KKtUXMzxO/view?usp=drivesdk","drive.google.com","아니오","정상"
"駆","이미지 1","https://drive.google.com/file/d/1Vu9_9xcKbM7MGsGZXUyXkM7H9EcjIhBG/view?usp=drive_link","drive.google.com","아니오","정상"
"駆","획순 이미지","https://drive.google.com/file/d/1zd7JsG3sPGxDzgEGKB13yTV6AY_4IbTz/view?usp=drivesdk","drive.google.com","아니오","정상"
"殴","이미지 1","https://drive.google.com/file/d/1fZOiTrSVcvxt_D8AXYeOuNnFTSw-1MSS/view?usp=drive_link","drive.google.com","아니오","정상"
"殴","획순 이미지","https://drive.google.com/file/d/1Lvf-SSGDJfBpTQJhrlvA5F3jv7gJQkn5/view?usp=drivesdk","drive.google.com","아니오","정상"
"欧","이미지 1","https://drive.google.com/file/d/1CPzTY5E6WZEQ_bYloWLjBz-1W4_m501e/view?usp=drive_link","drive.google.com","아니오","정상"
"欧","획순 이미지","https://drive.google.com/file/d/1qPAV-Lt8qx8v1N7EpGxzGamrjOUx709m/view?usp=drivesdk","drive.google.com","아니오","정상"
"拘","이미지 1","https://drive.google.com/file/d/1v3WcOdqnUSUidwIsF5y5hoNdLN0DWLQG/view?usp=drive_link","drive.google.com","아니오","정상"
"拘","획순 이미지","https://drive.google.com/file/d/1Sa38NLfjMVlnj85C6GEW28RxbZcLI7u8/view?usp=drivesdk","drive.google.com","아니오","정상"
"溝","이미지 1","https://drive.google.com/file/d/1BDsfPik4Rpce5IcruCk8Qj4wiyqS-6Mh/view?usp=drive_link","drive.google.com","아니오","정상"
"溝","획순 이미지","https://drive.google.com/file/d/19cf83_gaKy9Z-NX-1P6gyJfJPW0rs_d3/view?usp=drivesdk","drive.google.com","아니오","정상"
"購","이미지 1","https://drive.google.com/file/d/1O9S1bRGsrWE8zuR3l54GPdTyBHVsOeMA/view?usp=drive_link","drive.google.com","아니오","정상"
"購","획순 이미지","https://drive.google.com/file/d/1HdwO7KRPgqnvousjv4d8nda789OnCkeD/view?usp=drivesdk","drive.google.com","아니오","정상"
"勾","이미지 1","https://drive.google.com/file/d/1BPGcFB-9JTe5G20PepUtUj1iRv13issL/view?usp=drive_link","drive.google.com","아니오","정상"
"勾","획순 이미지","https://drive.google.com/file/d/1iUPla1DH316XAmXc-IUXmzP5fxlOVRau/view?usp=drivesdk","drive.google.com","아니오","정상"
"臼","이미지 1","https://drive.google.com/file/d/1njLcE2OSi8epfGjFmRoRTX_s-sFumMdV/view?usp=drive_link","drive.google.com","아니오","정상"
"臼","획순 이미지","https://drive.google.com/file/d/11L8VCmI5TLtvObvsqJN0MFqzg0kcWjvz/view?usp=drivesdk","drive.google.com","아니오","정상"
"惧","이미지 1","https://drive.google.com/file/d/1i1WyAaQ4qDWyhVRLJMvKtcajN2YwXfFP/view?usp=drive_link","drive.google.com","아니오","정상"
"惧","획순 이미지","https://drive.google.com/file/d/1hkMEsXgOKo9-WQmvFHNNsIM2tNexGN2s/view?usp=drivesdk","drive.google.com","아니오","정상"
"亀","이미지 1","https://drive.google.com/file/d/1-07a_S9czaxMJuevU_vOGkHcyxh5d27D/view?usp=drive_link","drive.google.com","아니오","정상"
"亀","획순 이미지","https://drive.google.com/file/d/1Crc9vlxuMcaywcUVlrp5YvtiXDSiTEkv/view?usp=drivesdk","drive.google.com","아니오","정상"
"駒","이미지 1","https://drive.google.com/file/d/1lao6rTZtEY23URShAGE5Nqb88_GKbHhr/view?usp=drive_link","drive.google.com","아니오","정상"
"駒","획순 이미지","https://drive.google.com/file/d/1NlJR4rqV0ICg0WcbBT-ziDTAf6e04p2k/view?usp=drivesdk","drive.google.com","아니오","정상"
"菊","이미지 1","https://drive.google.com/file/d/1lOSv3Ncur--mdlsrjAQ59peOyS8eyhkL/view?usp=drive_link","drive.google.com","아니오","정상"
"菊","획순 이미지","https://drive.google.com/file/d/1a5grAHuD0Ve8k0XX1RbF_wKslYbq6KvH/view?usp=drivesdk","drive.google.com","아니오","정상"
"屈","이미지 1","https://drive.google.com/file/d/1mq-GKhYgarVEOlT1OTwyi_UqtzaedG0Y/view?usp=drive_link","drive.google.com","아니오","정상"
"屈","획순 이미지","https://drive.google.com/file/d/16PkCLWhdZd3q2imNmrx-PD3Td7WWgnI1/view?usp=drivesdk","drive.google.com","아니오","정상"
"掘","이미지 1","https://drive.google.com/file/d/1W64QHHUuthclmKZdJy1JtYhMsHOx_Doq/view?usp=drive_link","drive.google.com","아니오","정상"
"掘","획순 이미지","https://drive.google.com/file/d/1BIlC8MNMG7_VRqHa31PkkGLkC2_c4aB2/view?usp=drivesdk","drive.google.com","아니오","정상"
"堀","이미지 1","https://drive.google.com/file/d/1gfDdh3HsnCyILy6eAxrC3raGx8Arzv4x/view?usp=drive_link","drive.google.com","아니오","정상"
"堀","획순 이미지","https://drive.google.com/file/d/169yLnc1IidRU-QPiKDY0fOUA8n32IGqS/view?usp=drivesdk","drive.google.com","아니오","정상"
"窟","이미지 1","https://drive.google.com/file/d/1RtyFUh6F7O9B_FqYvQ8wXA0BRVhIrbhp/view?usp=drive_link","drive.google.com","아니오","정상"
"窟","획순 이미지","https://drive.google.com/file/d/1pnP2Pxw4Ixl0wgFsuCxlyEFU6Kj9eu78/view?usp=drivesdk","drive.google.com","아니오","정상"
"窮","이미지 1","https://drive.google.com/file/d/1HwSI_Cv2Ch2kff_nlVNzz9Bsn7zbDJbl/view?usp=share_link","drive.google.com","아니오","정상"
"窮","획순 이미지","https://drive.google.com/file/d/1EtI03lDZY_K6Gc8RFKEnRiLabzwgDbgC/view?usp=drivesdk","drive.google.com","아니오","정상"
"圏","이미지 1","https://drive.google.com/file/d/1Izml8MnnBHp87fEIsG6HPb4yDpy93Hrn/view?usp=drive_link","drive.google.com","아니오","정상"
"圏","획순 이미지","https://drive.google.com/file/d/17hQcY_FfeJfMfgZU1YZjkOocUu-KQyuE/view?usp=drivesdk","drive.google.com","아니오","정상"
"勧","이미지 1","https://drive.google.com/file/d/1mm4toK45XnElTsn269n6FfiafmK_TOGx/view?usp=drive_link","drive.google.com","아니오","정상"
"勧","획순 이미지","https://drive.google.com/file/d/1Nc6G9aU70Whv7DciVqN9cBw0qeHTReHc/view?usp=drivesdk","drive.google.com","아니오","정상"
"拳","이미지 1","https://drive.google.com/file/d/1gijUZUzoVukaQbToI9N30_c9eprU3qJF/view?usp=drive_link","drive.google.com","아니오","정상"
"拳","획순 이미지","https://drive.google.com/file/d/1sjsp8GbdBtGMdq8VH2h8C2gmVPmDaIkK/view?usp=drivesdk","drive.google.com","아니오","정상"
"軌","이미지 1","https://drive.google.com/file/d/1nAWwD4UR09ahcd1-9RjXfOPLqVmm7Gg6/view?usp=drive_link","drive.google.com","아니오","정상"
"軌","획순 이미지","https://drive.google.com/file/d/1uD-tXo83Ca5wE4DIgWIlFbkgeGckgYHo/view?usp=drivesdk","drive.google.com","아니오","정상"
"潰","이미지 1","https://drive.google.com/file/d/13DGvICEBgKOHWpMphb7Kwj2xbV9B2Ca4/view?usp=drive_link","drive.google.com","아니오","정상"
"潰","획순 이미지","https://drive.google.com/file/d/1iX9hpWMFu5XHMFdfusR9uTpDzQ_BZOin/view?usp=drivesdk","drive.google.com","아니오","정상"
"鬼","이미지 1","https://drive.google.com/file/d/18zg-iwTHQ4Y7Uc34BHsEMVCAQ_aNzWHB/view?usp=drive_link","drive.google.com","아니오","정상"
"鬼","획순 이미지","https://drive.google.com/file/d/1B8yTeI1AKUHTujvtjs9U8O32x8bHkc8I/view?usp=drivesdk","drive.google.com","아니오","정상"
"叫","이미지 1","https://drive.google.com/file/d/1jxFpgW3teL0H76YPriozGZNJF1I0l-SR/view?usp=drive_link","drive.google.com","아니오","정상"
"叫","획순 이미지","https://drive.google.com/file/d/1JT62AX7U7JDYAejByDH5jeC4EiYhzI9_/view?usp=drivesdk","drive.google.com","아니오","정상"
"糾","이미지 1","https://drive.google.com/file/d/1thm41KNE_Q7xCHaPIRLlUgT9mBIPLGoM/view?usp=drive_link","drive.google.com","아니오","정상"
"糾","획순 이미지","https://drive.google.com/file/d/1aGoaXTaUGIWqyfMxISVp915W2RX2Omim/view?usp=drivesdk","drive.google.com","아니오","정상"
"菌","이미지 1","https://drive.google.com/file/d/1I5Pyfbvv0AqkZWwlfwb7aoz9UexoiTK-/view?usp=drive_link","drive.google.com","아니오","정상"
"菌","획순 이미지","https://drive.google.com/file/d/1LwRnzxrvAsk2-7vgq1xyjHJSQgrZApW0/view?usp=drivesdk","drive.google.com","아니오","정상"
"克","이미지 1","https://drive.google.com/file/d/1fvReGlSNudToQGVjdhICmNXv7TizYRHy/view?usp=drive_link","drive.google.com","아니오","정상"
"克","획순 이미지","https://drive.google.com/file/d/1DReMT48lt51VUalPshavw9XRqR0kHMju/view?usp=drivesdk","drive.google.com","아니오","정상"
"隙","이미지 1","https://drive.google.com/file/d/18qB3NXBk_aQb64cvJPEfNbQpuDxNfKRO/view?usp=drive_link","drive.google.com","아니오","정상"
"隙","획순 이미지","https://drive.google.com/file/d/1pK7xkMmSNKf3F8To9qS1bVW7KrT0qc9v/view?usp=drivesdk","drive.google.com","아니오","정상"
"斤","이미지 1","https://drive.google.com/file/d/1XjXamvwS_oVaFZpGR-JoM4MLnnmGJrsj/view?usp=drive_link","drive.google.com","아니오","정상"
"斤","획순 이미지","https://drive.google.com/file/d/1YKxGAMwMj7eeLfMZ5z8bp5ey7TImKfJP/view?usp=drivesdk","drive.google.com","아니오","정상"
"謹","이미지 1","https://drive.google.com/file/d/1c-j2nzgPdnp-mbjQQOj3Z_HfepKDTh3N/view?usp=drive_link","drive.google.com","아니오","정상"
"謹","획순 이미지","https://drive.google.com/file/d/1N-6PmKMql6roCPYEZEdLTS9Svjo8hZNj/view?usp=drivesdk","drive.google.com","아니오","정상"
"僅","이미지 1","https://drive.google.com/file/d/1uJb0tpYUucvTl_1cAyzMMhvfZNK0m6VR/view?usp=drive_link","drive.google.com","아니오","정상"
"僅","획순 이미지","https://drive.google.com/file/d/1UwW8Z6AfbkWJiS3JHRJ2kgk3CUaoNaLf/view?usp=drivesdk","drive.google.com","아니오","정상"
"琴","이미지 1","https://drive.google.com/file/d/1wb2EKx0S-qj2p1N5XbAAxETLur0pVHVu/view?usp=drive_link","drive.google.com","아니오","정상"
"琴","획순 이미지","https://drive.google.com/file/d/155xC2eJImxoGpjkLWFFCCdsTXbPQWA_Y/view?usp=drivesdk","drive.google.com","아니오","정상"
"襟","이미지 1","https://drive.google.com/file/d/1Je1fWh9Rzm28O_GzmDmPhgvQpe2X7n3T/view?usp=drive_link","drive.google.com","아니오","정상"
"襟","획순 이미지","https://drive.google.com/file/d/1xt0mxcVCJCNQK0T465cYz6tEIdiYh9YB/view?usp=drivesdk","drive.google.com","아니오","정상"
"錦","이미지 1","https://drive.google.com/file/d/1NOZCaO3a-DfToxF4xrKzTHTNua7vlMqB/view?usp=drive_link","drive.google.com","아니오","정상"
"錦","획순 이미지","https://drive.google.com/file/d/1QjRZ48YNWQn24ym4VdQ-wBD07_2d7MVa/view?usp=drivesdk","drive.google.com","아니오","정상"
"及","이미지 1","https://drive.google.com/file/d/15H6F0dB7bekeNyecSeG0qTDlZuDaYkdy/view?usp=drive_link","drive.google.com","아니오","정상"
"及","획순 이미지","https://drive.google.com/file/d/1EOSTEh9KIIt-e9CJci-VxSiQyOpccCLJ/view?usp=drivesdk","drive.google.com","아니오","정상"
"扱","이미지 1","https://drive.google.com/file/d/11610-y4SBOytQXDvLc3eYpqrkW6eKvSx/view?usp=drive_link","drive.google.com","아니오","정상"
"扱","획순 이미지","https://drive.google.com/file/d/1AYqZiSgnAC3wR9vuOKXXERuk9iv-RFsv/view?usp=drivesdk","drive.google.com","아니오","정상"
"肯","이미지 1","https://drive.google.com/file/d/15qx-iCjdZGSaH-UTMyoV_6_GqyE7DIt1/view?usp=drive_link","drive.google.com","아니오","정상"
"肯","획순 이미지","https://drive.google.com/file/d/1H9SrOkvyBsqR-ProvuSpUBZlieCK9UG4/view?usp=drivesdk","drive.google.com","아니오","정상"
"祈","이미지 1","https://drive.google.com/file/d/1oMNtxvxwnGs80ugiZyezJwAl8u_fHBkF/view?usp=drive_link","drive.google.com","아니오","정상"
"祈","획순 이미지","https://drive.google.com/file/d/1hCRRaFGXB2CGGoRDB7xnbpYVMKL0aikD/view?usp=drivesdk","drive.google.com","아니오","정상"
"奇","이미지 1","https://drive.google.com/file/d/1oQXvKO2RpcLN_8ALDwXkneSxx1d_SBgC/view?usp=drive_link","drive.google.com","아니오","정상"
"奇","획순 이미지","https://drive.google.com/file/d/17d3M5AI3RVQxSKw47Lb_Z4xLFFFHuy7t/view?usp=drivesdk","drive.google.com","아니오","정상"
"幾","이미지 1","https://drive.google.com/file/d/1Sx7sZknji9jHjCD56Ri7IzqMlbpd7aZw/view?usp=drive_link","drive.google.com","아니오","정상"
"幾","획순 이미지","https://drive.google.com/file/d/1N-8ZOZqYXxjBwwivddXuQsyM2-4d6Nka/view?usp=drivesdk","drive.google.com","아니오","정상"
"企","이미지 1","https://drive.google.com/file/d/1XXvztKSHATwtjJh6ImB3KaoWkhxoe_To/view?usp=drive_link","drive.google.com","아니오","정상"
"企","획순 이미지","https://drive.google.com/file/d/1SCprNrmvYs_3haaXYzN_O5nQeoL0YVtl/view?usp=drivesdk","drive.google.com","아니오","정상"
"忌","이미지 1","https://drive.google.com/file/d/1RfHUNOmtNC2h2WsBagPxQM0thuv4mc0s/view?usp=drive_link","drive.google.com","아니오","정상"
"忌","획순 이미지","https://drive.google.com/file/d/1tXaLapYz_x0Ictt3zDhXrnEfJEomhOpg/view?usp=drivesdk","drive.google.com","아니오","정상"
"既","이미지 1","https://drive.google.com/file/d/1HcBarWrFY7q3Gvc4pn-kGzS9PwTMZSGB/view?usp=drive_link","drive.google.com","아니오","정상"
"既","획순 이미지","https://drive.google.com/file/d/12313Vqev9iRhsT_g2HakqR4iCZZjDdRH/view?usp=drivesdk","drive.google.com","아니오","정상"
"欺","이미지 1","https://drive.google.com/file/d/1n1PuoAUQ4tQeQT2QozdssfMLqxkwtQ37/view?usp=drive_link","drive.google.com","아니오","정상"
"欺","획순 이미지","https://drive.google.com/file/d/1gFUwxNChQu89TPjy7_c9FEN3fsayifCu/view?usp=drivesdk","drive.google.com","아니오","정상"
"棋","이미지 1","https://drive.google.com/file/d/17N9Icw04Zgx9wIhlp0LpwUWlqbBicCna/view?usp=drive_link","drive.google.com","아니오","정상"
"棋","획순 이미지","https://drive.google.com/file/d/1Sg5_jK8_3q4x7XAqVgU9PdP1fNYJcSPw/view?usp=drivesdk","drive.google.com","아니오","정상"
"棄","이미지 1","https://drive.google.com/file/d/1ZbxOWC4su8BMGr-76ydmb0eGaTU1bRlH/view?usp=drive_link","drive.google.com","아니오","정상"
"棄","획순 이미지","https://drive.google.com/file/d/1w8hPZhzaYQtffg7JeX6TpaZRxrtlYkmD/view?usp=drivesdk","drive.google.com","아니오","정상"
"騎","이미지 1","https://drive.google.com/file/d/1Q9qTEy4AgEQrDIAaRVoE5QnzONLgZeYz/view?usp=drive_link","drive.google.com","아니오","정상"
"騎","획순 이미지","https://drive.google.com/file/d/1ZgJ_7Rk20G57HJO0b-b6PEk0h1SJ1Pnc/view?usp=drivesdk","drive.google.com","아니오","정상"
"肌","이미지 1","https://drive.google.com/file/d/1n2sisfuqj0Tz6Q4XXgBZdgy2OpWOb5Cj/view?usp=drive_link","drive.google.com","아니오","정상"
"肌","획순 이미지","https://drive.google.com/file/d/1Ezx7QNDDlI0stqWQMbpTmPrT8Uv5lb41/view?usp=drivesdk","drive.google.com","아니오","정상"
"飢","이미지 1","https://drive.google.com/file/d/131CMD5yXAi4e2CslnjDaFW3_rPUK3XwJ/view?usp=drive_link","drive.google.com","아니오","정상"
"飢","획순 이미지","https://drive.google.com/file/d/1uWVN1uU8g-dMENQlOHsGk43YEZ6u0Eb4/view?usp=drivesdk","drive.google.com","아니오","정상"
"碁","이미지 1","https://drive.google.com/file/d/16B0z4ksJtGuztzKJL5OzTN9vXqKM7H7G/view?usp=drive_link","drive.google.com","아니오","정상"
"碁","획순 이미지","https://drive.google.com/file/d/1H2pfH-X7TPTW054NNJnUSR4qy5tXFyAR/view?usp=drivesdk","drive.google.com","아니오","정상"
"伎","이미지 1","https://drive.google.com/file/d/1EwJoEnh0HgWayRwJmGER0n-k4l7H3Fwq/view?usp=drive_link","drive.google.com","아니오","정상"
"伎","획순 이미지","https://drive.google.com/file/d/14ZESqu-sSkaxQx7PWosUntPfLH_ccjm7/view?usp=drivesdk","drive.google.com","아니오","정상"
"畿","이미지 1","https://drive.google.com/file/d/19E6eaf0k3M6snxT57Yu3KMiCRuZFyZ0o/view?usp=drive_link","drive.google.com","아니오","정상"
"畿","획순 이미지","https://drive.google.com/file/d/1WBq9i2-MpOzJ-GfCK2D_pkL9gBHTm6Kg/view?usp=drivesdk","drive.google.com","아니오","정상"
"緊","이미지 1","https://drive.google.com/file/d/1ZlEH4Djou2pxAiK9gUaqIQc6d-20YzYt/view?usp=drive_link","drive.google.com","아니오","정상"
"緊","획순 이미지","https://drive.google.com/file/d/1ey9tdBUETrs-Cp3y9zoFBBKOn2T-UjZS/view?usp=drivesdk","drive.google.com","아니오","정상"
"吉","이미지 1","https://drive.google.com/file/d/1eBA7q_Ms296AYMY2up3ATCJeUE-pmN7g/view?usp=drive_link","drive.google.com","아니오","정상"
"吉","획순 이미지","https://drive.google.com/file/d/1LQLFOcRymr42iiDnUDl75WS7jbfrI3DR/view?usp=drivesdk","drive.google.com","아니오","정상"
"喫","이미지 1","https://drive.google.com/file/d/14-y-u887me-ee5kQBS4GeHvJqaSeUNJR/view?usp=drive_link","drive.google.com","아니오","정상"
"喫","획순 이미지","https://drive.google.com/file/d/10c5wCZ8OWd866o8QQNmcx8qvTc4b9_bl/view?usp=drivesdk","drive.google.com","아니오","정상"
"那","이미지 1","https://drive.google.com/file/d/1PAFNfLQWO0dXSQvkvsgJvOdYAi2DgGVk/view?usp=drive_link","drive.google.com","아니오","정상"
"那","획순 이미지","https://drive.google.com/file/d/14fMl4SXSX7klZ0Xai-2EePr7PYQXjYMJ/view?usp=drivesdk","drive.google.com","아니오","정상"
"諾","이미지 1","https://drive.google.com/file/d/1AemqyfknE9M8zRfvAiWDHSbv3N-e4daT/view?usp=drive_link","drive.google.com","아니오","정상"
"諾","획순 이미지","https://drive.google.com/file/d/1qvH3YEHco7MG7jVAWX3eGalyYegEGMVe/view?usp=drivesdk","drive.google.com","아니오","정상"
"娘","이미지 1","https://drive.google.com/file/d/1PbUJoBkNCx4YEES-Y6LIyIif9Z_Hk7Qt/view?usp=drive_link","drive.google.com","아니오","정상"
"娘","획순 이미지","https://drive.google.com/file/d/1WEiMxaOrb0Ej9dgFKA_OmCd2-Hw9cXvv/view?usp=drivesdk","drive.google.com","아니오","정상"
"耐","이미지 1","https://drive.google.com/file/d/1ZL1hMBETWPkf42pEU86FTvs6Kctd_ypA/view?usp=drive_link","drive.google.com","아니오","정상"
"耐","획순 이미지","https://drive.google.com/file/d/1rkKdaoZEk_C5K_iD8K_G3ua01lGCOjdh/view?usp=drivesdk","drive.google.com","아니오","정상"
"匂","이미지 1","https://drive.google.com/file/d/1oSALmZW5GP3ZEgggiQu5X6iJS6_0EbYM/view?usp=drive_link","drive.google.com","아니오","정상"
"匂","획순 이미지","https://drive.google.com/file/d/1ajeS8mDWMG0RaC7GuSnbihUipfv-X3YS/view?usp=drivesdk","drive.google.com","아니오","정상"
"捻","이미지 1","https://drive.google.com/file/d/1apVT2YAZLQEtONDwzjz3q9k-FAbcSndv/view?usp=drive_link","drive.google.com","아니오","정상"
"捻","획순 이미지","https://drive.google.com/file/d/1tBL7KwZF0FkvEO97F9Nho2RzRwycYSN5/view?usp=drivesdk","drive.google.com","아니오","정상"
"寧","이미지 1","https://drive.google.com/file/d/1MZUs9UjfRKwq1HNplkvubmRRuM3GwDm4/view?usp=drive_link","drive.google.com","아니오","정상"
"寧","획순 이미지","https://drive.google.com/file/d/14j16fn7Yh658P-WoaVxDWOD_94gb2t4_/view?usp=drivesdk","drive.google.com","아니오","정상"
"奴","이미지 1","https://drive.google.com/file/d/1Pi0l_Cv7cnXALviHhZcTzOyzDG7lWt1g/view?usp=drive_link","drive.google.com","아니오","정상"
"奴","획순 이미지","https://drive.google.com/file/d/1c8SiaX4hu2r6wP71jZ4y_NCKC_FhEia3/view?usp=drivesdk","drive.google.com","아니오","정상"
"怒","이미지 1","https://drive.google.com/file/d/1QNZKu_bmE18qARfGwIbRQB2-iGcZZN97/view?usp=drive_link","drive.google.com","아니오","정상"
"怒","획순 이미지","https://drive.google.com/file/d/1slCEbIsz32-EWSlHOfSCUitjLbe3oUss/view?usp=drivesdk","drive.google.com","아니오","정상"
"濃","이미지 1","https://drive.google.com/file/d/1WsG-0PHwuY3pz1YOPcKLkJw7_16MvMed/view?usp=drive_link","drive.google.com","아니오","정상"
"濃","획순 이미지","https://drive.google.com/file/d/1sPpWqyxz6RunQAZ7NhlufBt8GcwasSFU/view?usp=drivesdk","drive.google.com","아니오","정상"
"悩","이미지 1","https://drive.google.com/file/d/19gS04Z5sry2uQKIHUJAy-rDb76N5oiHs/view?usp=drive_link","drive.google.com","아니오","정상"
"悩","획순 이미지","https://drive.google.com/file/d/1_OUHx_JcUgtOHGwDbTbCG9b-d2NjescZ/view?usp=drivesdk","drive.google.com","아니오","정상"
"尿","이미지 1","https://drive.google.com/file/d/1L7hve0qHPMadhyvhHoCZjHB3jjHWyXp5/view?usp=drive_link","drive.google.com","아니오","정상"
"尿","획순 이미지","https://drive.google.com/file/d/1VanpxTCjbcIRkhSpfAvwDhmzX8cO1lhE/view?usp=drivesdk","drive.google.com","아니오","정상"
"尼","이미지 1","https://drive.google.com/file/d/1bHFe0ZE8Wklwtltv2zvlDyuYHYwuHYBs/view?usp=drive_link","drive.google.com","아니오","정상"
"尼","획순 이미지","https://drive.google.com/file/d/1fiW0PjYhhd4KiusHfmkhMRZ_oAMu6iAj/view?usp=drivesdk","drive.google.com","아니오","정상"
"泥","이미지 1","https://drive.google.com/file/d/108uFN2qU13RiV6wqthfyJJLXoY7cWGf7/view?usp=drive_link","drive.google.com","아니오","정상"
"泥","획순 이미지","https://drive.google.com/file/d/1ylSQsnmKVtsMZHCF1sJQ3BGaGvjXH4E2/view?usp=drivesdk","drive.google.com","아니오","정상"
"匿","이미지 1","https://drive.google.com/file/d/15Kmi1RWHA68HsZhFNNdWGGP1IMhxzwAU/view?usp=drive_link","drive.google.com","아니오","정상"
"匿","획순 이미지","https://drive.google.com/file/d/1_hTkK8kRYteBsxBTvRdri-Dn9SW-kpmm/view?usp=drivesdk","drive.google.com","아니오","정상"
"溺","이미지 1","https://drive.google.com/file/d/13fyjRudhQQ7JWaVyjXb1BkK8lgGkRBGd/view?usp=drive_link","drive.google.com","아니오","정상"
"溺","획순 이미지","https://drive.google.com/file/d/159O5CbFPq6gQ8joxvxyEeB-9Wha6SPrR/view?usp=drivesdk","drive.google.com","아니오","정상"
"丹","이미지 1","https://drive.google.com/file/d/1RdbDA9dOfpCgbjY1VvHePFAg7XEbX3Bm/view?usp=drive_link","drive.google.com","아니오","정상"
"丹","획순 이미지","https://drive.google.com/file/d/1n7tE923R_7zoG63P0_0f4OaSvZiUyj6L/view?usp=drivesdk","drive.google.com","아니오","정상"
"端","이미지 1","https://drive.google.com/file/d/1I4ha_N1Jn9lxW8GbfN5jk33qaSLVwJuc/view?usp=drive_link","drive.google.com","아니오","정상"
"端","획순 이미지","https://drive.google.com/file/d/1Aol8JmmOIgrO6AkUxkWWpe4XeIbas787/view?usp=drivesdk","drive.google.com","아니오","정상"
"壇","이미지 1","https://drive.google.com/file/d/1evHu2vZtXyyc0lc0vDyar93ZRaDWQomT/view?usp=drive_link","drive.google.com","아니오","정상"
"壇","획순 이미지","https://drive.google.com/file/d/1Zr1dauJnOakzrCnf1NS95MAZV5MPG2kY/view?usp=drivesdk","drive.google.com","아니오","정상"
"鍛","이미지 1","https://drive.google.com/file/d/1v1AQoRuJdC83FYKQITVX3wNm_YB0aIp5/view?usp=drive_link","drive.google.com","아니오","정상"
"鍛","획순 이미지","https://drive.google.com/file/d/1NNFsQr7c2255g9fPz2ptiLqnAnIzlhoJ/view?usp=drivesdk","drive.google.com","아니오","정상"
"但","이미지 1","https://drive.google.com/file/d/1WM4_5HsXiQ5HUI-uTKoOYhzzufo30pF4/view?usp=drive_link","drive.google.com","아니오","정상"
"但","획순 이미지","https://drive.google.com/file/d/1kj1_aHhsTW7XRhhFxCZhvgYPkr0zMXS6/view?usp=drivesdk","drive.google.com","아니오","정상"
"旦","이미지 1","https://drive.google.com/file/d/1VaZ8x2sfX9msm6zWn01zUKGEMJZ_A49H/view?usp=drive_link","drive.google.com","아니오","정상"
"旦","획순 이미지","https://drive.google.com/file/d/1DEt7vNZqCUn0cEzaYkIP6PCpiIjGy13z/view?usp=drivesdk","drive.google.com","아니오","정상"
"淡","이미지 1","https://drive.google.com/file/d/1mkrAoRakm9Y5bBAxK-AzniMUeXrrngY9/view?usp=drive_link","drive.google.com","아니오","정상"
"淡","획순 이미지","https://drive.google.com/file/d/1N7YPYfAJ9LJ98oV5Xv8X55DK9KbW1W1r/view?usp=drivesdk","drive.google.com","아니오","정상"
"曇","이미지 1","https://drive.google.com/file/d/1_dw01Bv0Y-_gw87UQjLtE5BXVpalzBxH/view?usp=drive_link","drive.google.com","아니오","정상"
"曇","획순 이미지","https://drive.google.com/file/d/1ZU3ZQQRdLMh6o3Kw7syj73xwwebBxmrI/view?usp=drivesdk","drive.google.com","아니오","정상"
"胆","이미지 1","https://drive.google.com/file/d/1ZaryB052O812llNYPEXY56S8aMK-KqZb/view?usp=drive_link","drive.google.com","아니오","정상"
"胆","획순 이미지","https://drive.google.com/file/d/15FNNjDVjlLEfRlO2jUQYmlrrK5AoMlu6/view?usp=drivesdk","drive.google.com","아니오","정상"
"踏","이미지 1","https://drive.google.com/file/d/1Op-53csPhnIaZObyeURgmXxjIZL3joY0/view?usp=drive_link","drive.google.com","아니오","정상"
"踏","획순 이미지","https://drive.google.com/file/d/1Hqf5LdjIPOSse09-UE7UFCArIDVugQEC/view?usp=drivesdk","drive.google.com","아니오","정상"
"唐","이미지 1","https://drive.google.com/file/d/18vwkFdGoIulUEV-tbIPeXFpC_4lryTyn/view?usp=drive_link","drive.google.com","아니오","정상"
"唐","획순 이미지","https://drive.google.com/file/d/1Napn-qkgbRkNVNWCB-a0FnIuwHfvHLJI/view?usp=drivesdk","drive.google.com","아니오","정상"
"袋","이미지 1","https://drive.google.com/file/d/1gsN0-Qp1yp4knQRpcGxHMuIg0k60YyB2/view?usp=drive_link","drive.google.com","아니오","정상"
"袋","획순 이미지","https://drive.google.com/file/d/1JOChQEaIhMrVJRPzQDCjTdvsw-wsTE5K/view?usp=drivesdk","drive.google.com","아니오","정상"
"戴","이미지 1","https://drive.google.com/file/d/1LXx135CIUyqh6UhqE7yh2tUk7mvYJucz/view?usp=drive_link","drive.google.com","아니오","정상"
"戴","획순 이미지","https://drive.google.com/file/d/1N3o3GJHunpQqULE48XDosRDe4-z6I0QX/view?usp=drivesdk","drive.google.com","아니오","정상"
"到","이미지 1","https://drive.google.com/file/d/1YW_3ZqyDubmkZmJt-wiX2krAey4x67a7/view?usp=drive_link","drive.google.com","아니오","정상"
"到","획순 이미지","https://drive.google.com/file/d/15QM8f7X3so9_kAZs61BtV-VeZuRIUgjB/view?usp=drivesdk","drive.google.com","아니오","정상"
"逃","이미지 1","https://drive.google.com/file/d/1JlEMv6DVb6ZXnm-78V-R1aMayIYRy7tD/view?usp=drive_link","drive.google.com","아니오","정상"
"逃","획순 이미지","https://drive.google.com/file/d/17DEbqhKA_RD4j3jXwiRHE7iK56OBiNOn/view?usp=drivesdk","drive.google.com","아니오","정상"
"倒","이미지 1","https://drive.google.com/file/d/1CyqP_ef5T_NuWrNYrL24o66rTEdtlN9l/view?usp=drive_link","drive.google.com","아니오","정상"
"倒","획순 이미지","https://drive.google.com/file/d/1RCorym_p21z3QlcBznwIZ4aw8ouFKLAG/view?usp=drivesdk","drive.google.com","아니오","정상"
"桃","이미지 1","https://drive.google.com/file/d/1E5SEZ44lzE4XMcKtr5Bj3zmBJ-LSF1nN/view?usp=drive_link","drive.google.com","아니오","정상"
"桃","획순 이미지","https://drive.google.com/file/d/1FkKUcfPIw_pa2WXfrqn2Rs9vN0GXNhpt/view?usp=drivesdk","drive.google.com","아니오","정상"
"途","이미지 1","https://drive.google.com/file/d/1PV8I--3_MN-EBcWS9Pw9hrs7qW7M-248/view?usp=drive_link","drive.google.com","아니오","정상"
"途","획순 이미지","https://drive.google.com/file/d/1m45flQH5QvMkKrZcheHg3NXWk230edAS/view?usp=drivesdk","drive.google.com","아니오","정상"
"盗","이미지 1","https://drive.google.com/file/d/1faI833bhgK7-qXYLOzHD-lRjUKnCnHAp/view?usp=drive_link","drive.google.com","아니오","정상"
"盗","획순 이미지","https://drive.google.com/file/d/1WWtpxLpIiLt8xk7fWqiTS5yXR77eakCB/view?usp=drivesdk","drive.google.com","아니오","정상"
"渡","이미지 1","https://drive.google.com/file/d/1zAd7UGEhn-BlKKxhq3pK5OodpOjPftDT/view?usp=drive_link","drive.google.com","아니오","정상"
"渡","획순 이미지","https://drive.google.com/file/d/184yWp_hBMw6wg-hfbSRGipxCy0Q9AJxX/view?usp=drivesdk","drive.google.com","아니오","정상"
"跳","이미지 1","https://drive.google.com/file/d/1lMY5BGK7zHR-xXXLxRoyo1j7CbIcU8oX/view?usp=drive_link","drive.google.com","아니오","정상"
"跳","획순 이미지","https://drive.google.com/file/d/1DV-KdpltF3p0gusmbbyRoV57F-BTP8F4/view?usp=drivesdk","drive.google.com","아니오","정상"
"稲","이미지 1","https://drive.google.com/file/d/1r3dRkOfKqEpnRFEgqeS7W2Ja_AVdN5IT/view?usp=drive_link","drive.google.com","아니오","정상"
"稲","획순 이미지","https://drive.google.com/file/d/1e40bLsCV6P2o0fCPGYIm3r_iDBy2mf66/view?usp=drivesdk","drive.google.com","아니오","정상"
"陶","이미지 1","https://drive.google.com/file/d/1nDMvGo3MfOK1i4-Kfp0r7dNJQHowVoUg/view?usp=drive_link","drive.google.com","아니오","정상"
"陶","획순 이미지","https://drive.google.com/file/d/1u3esDpfOxv716GU3OignCu9W7bgqbEJq/view?usp=drivesdk","drive.google.com","아니오","정상"
"塗","이미지 1","https://drive.google.com/file/d/11QGbOnFaUmTeKU76KbUNepOCdTPcrqGq/view?usp=drive_link","drive.google.com","아니오","정상"
"塗","획순 이미지","https://drive.google.com/file/d/1c1aXQeehBxCSGgqac2E49fRFh-tZYruO/view?usp=drivesdk","drive.google.com","아니오","정상"
"挑","이미지 1","https://drive.google.com/file/d/1_cCmJyke6oqpiK4VPhAZpwQd7KFvyGNG/view?usp=sharing","drive.google.com","아니오","정상"
"挑","획순 이미지","https://drive.google.com/file/d/1ben24Re_jc9avnEUSNS7Bs8yrZN4c6r1/view?usp=drivesdk","drive.google.com","아니오","정상"
"悼","이미지 1","https://drive.google.com/file/d/15jcooX-RS2eVva77dVwKXX61kS5dFboo/view?usp=drive_link","drive.google.com","아니오","정상"
"悼","획순 이미지","https://drive.google.com/file/d/1Rk3KRX1Ce9kk5QWyUe7DwqB7h6POnL1A/view?usp=drivesdk","drive.google.com","아니오","정상"
"賭","이미지 1","https://drive.google.com/file/d/1W_DUe7ga5q-_2vtdSvFHJnBO5NStk02s/view?usp=drive_link","drive.google.com","아니오","정상"
"賭","획순 이미지","https://drive.google.com/file/d/1TQtvcCAY8-nhF1Ynq0bhwDIwuC_Ag154/view?usp=drivesdk","drive.google.com","아니오","정상"
"篤","이미지 1","https://drive.google.com/file/d/1XyX1dAGAxuxpIyio-bu0_h02UD91_DbN/view?usp=drive_link","drive.google.com","아니오","정상"
"篤","획순 이미지","https://drive.google.com/file/d/1HSsF4-AXKBavX5kiR1WUpO0osVRCFKyk/view?usp=drivesdk","drive.google.com","아니오","정상"
"督","이미지 1","https://drive.google.com/file/d/1lTQ2dF50cYzVNxvxwiGVm3N19wwS3JoA/view?usp=drive_link","drive.google.com","아니오","정상"
"督","획순 이미지","https://drive.google.com/file/d/1zbD1c1OUQZc8i0QM9V10UrjiD-6OFdIf/view?usp=drivesdk","drive.google.com","아니오","정상"
"豚","이미지 1","https://drive.google.com/file/d/1qZLBi4oPMgJrNlvJUs86N1ZGXEP_gGv-/view?usp=drive_link","drive.google.com","아니오","정상"
"豚","획순 이미지","https://drive.google.com/file/d/18CuSusgppS2P3tR7LYbPAwzhSqhDJt5I/view?usp=drivesdk","drive.google.com","아니오","정상"
"頓","이미지 1","https://drive.google.com/file/d/18SrPJqo7Yn1eMUls-8kWO3-cTCQgn7rX/view?usp=drive_link","drive.google.com","아니오","정상"
"頓","획순 이미지","https://drive.google.com/file/d/13VeOkO13GVG5JG9D5_Xd4qUcpvS7i1ET/view?usp=drivesdk","drive.google.com","아니오","정상"
"突","이미지 1","https://drive.google.com/file/d/1_zXYMz0fM5KtE13a1BCaw37d4ChiJsYP/view?usp=drive_link","drive.google.com","아니오","정상"
"突","획순 이미지","https://drive.google.com/file/d/166E3M2ZXQt6ERDX5862QbSh_SrDfcuPt/view?usp=drivesdk","drive.google.com","아니오","정상"
"胴","이미지 1","https://drive.google.com/file/d/1h2Qf3UEHSXVP77-uZtVDqtlIHX1wMjSP/view?usp=drive_link","drive.google.com","아니오","정상"
"胴","획순 이미지","https://drive.google.com/file/d/13adkIC4cqB2PBh1hlNlaDd9Sb70YUndc/view?usp=drivesdk","drive.google.com","아니오","정상"
"凍","이미지 1","https://drive.google.com/file/d/1kPuuteImkknmke37r12md-RzW95J23Rk/view?usp=drive_link","drive.google.com","아니오","정상"
"凍","획순 이미지","https://drive.google.com/file/d/1O1254SlgxwKzQVsrGEIPgK8gLGXY7RVQ/view?usp=drivesdk","drive.google.com","아니오","정상"
"洞","이미지 1","https://drive.google.com/file/d/11v4PS70ep4tpkD99l0wFsZ9KOSstz5_4/view?usp=drive_link","drive.google.com","아니오","정상"
"洞","획순 이미지","https://drive.google.com/file/d/1YQPgetbJfRyXP76Xf3WQarLyG31ZhrjD/view?usp=drivesdk","drive.google.com","아니오","정상"
"棟","이미지 1","https://drive.google.com/file/d/1HITrme6AO-i970ncwsvaY7JVoWDibK-6/view?usp=drive_link","drive.google.com","아니오","정상"
"棟","획순 이미지","https://drive.google.com/file/d/1avpdpI5zZpTCv2y9uNurd5llyMlOXKG-/view?usp=drivesdk","drive.google.com","아니오","정상"
"憧","이미지 1","https://drive.google.com/file/d/1LtZC7G4nzDOE0q9bFkDq2xJJdxDVRbdO/view?usp=drive_link","drive.google.com","아니오","정상"
"憧","획순 이미지","https://drive.google.com/file/d/1VBxfC62x_bnW2BrjVnneLeQR2CXSgbGB/view?usp=drivesdk","drive.google.com","아니오","정상"
"瞳","이미지 1","https://drive.google.com/file/d/1QHqJ8b7VQQER_qEEcMh6P06B0AmzGLsA/view?usp=drive_link","drive.google.com","아니오","정상"
"瞳","획순 이미지","https://drive.google.com/file/d/1PXYNj9hD3TfoUTgNyW1ZSsvqzSQe2URF/view?usp=drivesdk","drive.google.com","아니오","정상"
"斗","이미지 1","https://drive.google.com/file/d/1DDHKBvhaCQ32zL0pJ7ekrE3nDeWYMRNq/view?usp=drive_link","drive.google.com","아니오","정상"
"斗","획순 이미지","https://drive.google.com/file/d/1k8zRMXOfTUv86lt5i-6_jwsmTSxRfX7E/view?usp=drivesdk","drive.google.com","아니오","정상"
"痘","이미지 1","https://drive.google.com/file/d/1MR5Gnrsu8GkoFf-xUxCbxPb2UQTN6Fe1/view?usp=drive_link","drive.google.com","아니오","정상"
"痘","획순 이미지","https://drive.google.com/file/d/1IIHj9HoaxwP17LM9a7FSk_BA8lK-2S8C/view?usp=drivesdk","drive.google.com","아니오","정상"
"鈍","이미지 1","https://drive.google.com/file/d/178t5qfvqHGKo2CtxsUe5ZBTlxm1MYKZ1/view?usp=drive_link","drive.google.com","아니오","정상"
"鈍","획순 이미지","https://drive.google.com/file/d/1xdPSz6CSTofrvCFVRNh61U-dl3zbJXti/view?usp=drivesdk","drive.google.com","아니오","정상"
"屯","이미지 1","https://drive.google.com/file/d/1I69gm6XQDAEP4CNlyAKoyO7jTEA_zWIY/view?usp=drive_link","drive.google.com","아니오","정상"
"屯","획순 이미지","https://drive.google.com/file/d/1T9ZiIT9eeD5oPfSuIh1VVHe66ElgqlEV/view?usp=drivesdk","drive.google.com","아니오","정상"
"謄","이미지 1","https://drive.google.com/file/d/180OO7BLxzLZRwLNoBolUHXNZldIRrf_L/view?usp=drive_link","drive.google.com","아니오","정상"
"謄","획순 이미지","https://drive.google.com/file/d/1ivfPqFRAjhriwuEgX__kuS7phr-F7hpx/view?usp=drivesdk","drive.google.com","아니오","정상"
"騰","이미지 1","https://drive.google.com/file/d/13H9yibSjSm3_ZH2wOwZLXRcxcStMqtXS/view?usp=drive_link","drive.google.com","아니오","정상"
"騰","획순 이미지","https://drive.google.com/file/d/1f9ZD4f8hGQ119DLxMmZO3xSojA9WXSuE/view?usp=drivesdk","drive.google.com","아니오","정상"
"藤","이미지 1","https://drive.google.com/file/d/1mKab9AmlOUcF0hze0PZk4opOsNOWuTX1/view?usp=sharing","drive.google.com","아니오","정상"
"藤","획순 이미지","https://drive.google.com/file/d/1e3l-JYBvQdvdOAKc2s2hnI-ipKxDAm2W/view?usp=drivesdk","drive.google.com","아니오","정상"
"裸","이미지 1","https://drive.google.com/file/d/1VqyZeAxbYGGUkM-E9U-G3RdGqJf_2rfY/view?usp=drive_link","drive.google.com","아니오","정상"
"裸","획순 이미지","https://drive.google.com/file/d/1F-lAzoYHdj8IIwKipczox1DNpzRF2bM0/view?usp=drivesdk","drive.google.com","아니오","정상"
"羅","이미지 1","https://drive.google.com/file/d/1KfE6sTnE4mLAcP9NFWwRbq6zr_j8UsLL/view?usp=drive_link","drive.google.com","아니오","정상"
"羅","획순 이미지","https://drive.google.com/file/d/1X_ByAG7Xqv1p4FStU7NX_kGUV_AAESQ_/view?usp=drivesdk","drive.google.com","아니오","정상"
"絡","이미지 1","https://drive.google.com/file/d/1zw4fLb0cZIYTWv4BA-FVfzmYXRnAK0vB/view?usp=drive_link","drive.google.com","아니오","정상"
"絡","획순 이미지","https://drive.google.com/file/d/190Qfm4sxYj9xFgfCIAv3Qiy78vo5WTUf/view?usp=drivesdk","drive.google.com","아니오","정상"
"酪","이미지 1","https://drive.google.com/file/d/11eQOd1AegaTrL4cWrf4_cZ3FF9XWToR-/view?usp=drive_link","drive.google.com","아니오","정상"
"酪","획순 이미지","https://drive.google.com/file/d/1K6WQLt9bwdocCwXnM4k7SdBK0Eod-88m/view?usp=drivesdk","drive.google.com","아니오","정상"
"欄","이미지 1","https://drive.google.com/file/d/1bmdVXYjEcoNhGumzL_AWonrdgQOwpZgx/view?usp=drive_link","drive.google.com","아니오","정상"
"欄","획순 이미지","https://drive.google.com/file/d/1lbxwxbvd7jB6fJbmu4uXhrNAwJhq_m7E/view?usp=drivesdk","drive.google.com","아니오","정상"
"辣","이미지 1","https://drive.google.com/file/d/1tkGiDkCutBufkE7sVFYIsAxfs-a9aNDD/view?usp=drive_link","drive.google.com","아니오","정상"
"辣","획순 이미지","https://drive.google.com/file/d/1wC-tN209VUTgOQgBb3pdi-DZcNI9zMJT/view?usp=drivesdk","drive.google.com","아니오","정상"
"濫","이미지 1","https://drive.google.com/file/d/1kKWk4xghnMzVUm3ZBH6Vvgzp6V8YsBNc/view?usp=drive_link","drive.google.com","아니오","정상"
"濫","획순 이미지","https://drive.google.com/file/d/1HbttNXS5WmV5ioma1ks5SwQInZSwRYt7/view?usp=drivesdk","drive.google.com","아니오","정상"
"嵐","이미지 1","https://drive.google.com/file/d/19Y-XxF981ecMBgaiB9OF7LxXI9z1JQ2g/view?usp=drive_link","drive.google.com","아니오","정상"
"嵐","획순 이미지","https://drive.google.com/file/d/1txu-5LWKV2_idc7-Cof0qrbZdjqCdygn/view?usp=drivesdk","drive.google.com","아니오","정상"
"藍","이미지 1","https://drive.google.com/file/d/1QInPosPe0Us7yfcHwj27AV51rCo7fXBr/view?usp=drive_link","drive.google.com","아니오","정상"
"藍","획순 이미지","https://drive.google.com/file/d/14mDL3GHjJuU14wfCSv_ryWAW5pIe6sbF/view?usp=drivesdk","drive.google.com","아니오","정상"
"拉","이미지 1","https://drive.google.com/file/d/1rNoDkOfAbR_z0bid6duIqO0HcirIjxmc/view?usp=drive_link","drive.google.com","아니오","정상"
"拉","획순 이미지","https://drive.google.com/file/d/1cPTEhRlWfhy7mfy2gYUbEacvwR6MX1Qe/view?usp=drivesdk","drive.google.com","아니오","정상"
"郎","이미지 1","https://drive.google.com/file/d/1AF-d5F33BcIFcI1ZJ32Iw6Gf0nF_Du3P/view?usp=drive_link","drive.google.com","아니오","정상"
"郎","획순 이미지","https://drive.google.com/file/d/1tmp5JX38Sjs4TAhKAiqGbi75Zn58F60v/view?usp=drivesdk","drive.google.com","아니오","정상"
"浪","이미지 1","https://drive.google.com/file/d/1RyQHd67mP1BJvrvHCCa-HJvvx6RO5ifP/view?usp=drive_link","drive.google.com","아니오","정상"
"浪","획순 이미지","https://drive.google.com/file/d/1IgYnka5ylMoWO1XDOTc-or8y8IJC6_vC/view?usp=drivesdk","drive.google.com","아니오","정상"
"廊","이미지 1","https://drive.google.com/file/d/1hoGMHzAAULtHHu0HspJVSb5tTBzP7KsP/view?usp=drive_link","drive.google.com","아니오","정상"
"廊","획순 이미지","https://drive.google.com/file/d/1cAAxZrObyngBrjd1dNF4FxJ3Mshj4fyq/view?usp=drivesdk","drive.google.com","아니오","정상"
"糧","이미지 1","https://drive.google.com/file/d/1AnBwahkU2rMsAUTOqMmiJn3O7AAqkI-N/view?usp=drive_link","drive.google.com","아니오","정상"
"糧","획순 이미지","https://drive.google.com/file/d/1vgjlO2MG-KRMf4NhcGloNePDM_ChTTQM/view?usp=drivesdk","drive.google.com","아니오","정상"
"涼","이미지 1","https://drive.google.com/file/d/1Dm2SmGdrd0_72Btb4TLBm-HODIsgfINw/view?usp=drive_link","drive.google.com","아니오","정상"
"涼","획순 이미지","https://drive.google.com/file/d/1F-i4u2nwpTbk9A9AI24n764ZCWqJl-ev/view?usp=drivesdk","drive.google.com","아니오","정상"
"慮","이미지 1","https://drive.google.com/file/d/1JSGWAkDDj-fvg2xOu8Ga_EJ-xRHMuJTh/view?usp=drive_link","drive.google.com","아니오","정상"
"慮","획순 이미지","https://drive.google.com/file/d/12U23yGSfseLcmougNToJlWovmMu4W3jz/view?usp=drivesdk","drive.google.com","아니오","정상"
"麗","이미지 1","https://drive.google.com/file/d/1v-hGDxe47nrhWxmuifXx24gxfvqM9cXk/view?usp=drive_link","drive.google.com","아니오","정상"
"麗","획순 이미지","https://drive.google.com/file/d/1i_KzK20OsgbiYKuE29dH-w2bcRPTGsG3/view?usp=drivesdk","drive.google.com","아니오","정상"
"励","이미지 1","https://drive.google.com/file/d/1IrXzh3uPNi-MN19QBbid9vOBfmYhh7a4/view?usp=drive_link","drive.google.com","아니오","정상"
"励","획순 이미지","https://drive.google.com/file/d/1gGxfiw99xcQmJK-5Z5BMAbQ_MenPkFuQ/view?usp=drivesdk","drive.google.com","아니오","정상"
"戻","이미지 1","https://drive.google.com/file/d/1doEXlP-nmd43im1BTJzGnfW1YnOwJYLH/view?usp=drive_link","drive.google.com","아니오","정상"
"戻","획순 이미지","https://drive.google.com/file/d/1dTC76kPWRoVP28uc-WJi6-P_QkRZX5kk/view?usp=drivesdk","drive.google.com","아니오","정상"
"呂","이미지 1","https://drive.google.com/file/d/1NIdbipmWRZ3JvT2s6w_QTdcf5ClOk4jX/view?usp=drive_link","drive.google.com","아니오","정상"
"呂","획순 이미지","https://drive.google.com/file/d/16PcT9u3n9oq4TktYiNKlvC56JHDFdgmP/view?usp=drivesdk","drive.google.com","아니오","정상"
"侶","이미지 1","https://drive.google.com/file/d/1UaeBv98YAR4vHeEUG9KJVqTVly-T6EHA/view?usp=drive_link","drive.google.com","아니오","정상"
"侶","획순 이미지","https://drive.google.com/file/d/1iXQx3wfbBDWZJn9o72Ghjo9YR978fU7t/view?usp=drivesdk","drive.google.com","아니오","정상"
"暦","이미지 1","https://drive.google.com/file/d/1AWiS_bzq7ikSG3VFiUgHb_be8qayTZB8/view?usp=drive_link","drive.google.com","아니오","정상"
"暦","획순 이미지","https://drive.google.com/file/d/1J9KXQsm93DtOF015eFjn1gxNCHX1QxSx/view?usp=drivesdk","drive.google.com","아니오","정상"
"恋","이미지 1","https://drive.google.com/file/d/1SeYKLH8KhqMvX4O4hVLszMQ1d1qZPF04/view?usp=drive_link","drive.google.com","아니오","정상"
"恋","획순 이미지","https://drive.google.com/file/d/1582llheGmtJcA16tDOt8gsm_g5nvhlhg/view?usp=drivesdk","drive.google.com","아니오","정상"
"錬","이미지 1","https://drive.google.com/file/d/1zFQ8yaGxxeYlOy9DzXhKVS8Kp32NUGIV/view?usp=drive_link","drive.google.com","아니오","정상"
"錬","획순 이미지","https://drive.google.com/file/d/1C1xcT6Ffi85-SvM-gC7IY6JhS6Ef0V3-/view?usp=drivesdk","drive.google.com","아니오","정상"
"劣","이미지 1","https://drive.google.com/file/d/1mVPeLI-LIfMaXSnwDx6UUBZXpeom318c/view?usp=drive_link","drive.google.com","아니오","정상"
"劣","획순 이미지","https://drive.google.com/file/d/1ZNPX9JaF54-1RQQSRBsmTFrAkxNHKR_p/view?usp=drivesdk","drive.google.com","아니오","정상"
"烈","이미지 1","https://drive.google.com/file/d/1fc5saqN-jNpJnC2KG6Ubf_HMMcVH2PQY/view?usp=drive_link","drive.google.com","아니오","정상"
"烈","획순 이미지","https://drive.google.com/file/d/1xO9v_PjjB6kJb1UiMoC8a4NDCu1CM6po/view?usp=drivesdk","drive.google.com","아니오","정상"
"裂","이미지 1","https://drive.google.com/file/d/1EX9Tm9JSs6qtHb2h7b1d96Hay0WHtFZo/view?usp=drive_link","drive.google.com","아니오","정상"
"裂","획순 이미지","https://drive.google.com/file/d/1VbBMOiNVhcuTzyHP0ufUyJ6GEu9sIeoS/view?usp=drivesdk","drive.google.com","아니오","정상"
"廉","이미지 1","https://drive.google.com/file/d/1n6wNq7udWb8vjssTaCdz48FCMq4FT-Lo/view?usp=drive_link","drive.google.com","아니오","정상"
"廉","획순 이미지","https://drive.google.com/file/d/1_6Gnt8ENUG6IL1neXVjTaPjLLojDX2CJ/view?usp=drivesdk","drive.google.com","아니오","정상"
"猟","이미지 1","https://drive.google.com/file/d/1tQGRkXJvB2acDXKFpsLahhlTa_iB9Wly/view?usp=drive_link","drive.google.com","아니오","정상"
"猟","획순 이미지","https://drive.google.com/file/d/1gBS0HEm58Bjw3vP16LVRu6Uwh0UPFpQy/view?usp=drivesdk","drive.google.com","아니오","정상"
"齢","이미지 1","https://drive.google.com/file/d/15NddPiXR1j5HiXZefHv8bcTgQbuRrp4c/view?usp=drive_link","drive.google.com","아니오","정상"
"齢","획순 이미지","https://drive.google.com/file/d/10UHDS_5xU2FfgvAVF8nUzLc-Wg_cSbxB/view?usp=drivesdk","drive.google.com","아니오","정상"
"零","이미지 1","https://drive.google.com/file/d/1xcedQlxQ7eZseI3xK_pn9nY-7AxmfmLz/view?usp=drive_link","drive.google.com","아니오","정상"
"零","획순 이미지","https://drive.google.com/file/d/1hXhSK7hvo1Eg5yekPjQW9wzMMJxOROZe/view?usp=drivesdk","drive.google.com","아니오","정상"
"霊","이미지 1","https://drive.google.com/file/d/1H_-CngXCzHQuvPPgAQ45Bhq6DpzxT8y5/view?usp=drive_link","drive.google.com","아니오","정상"
"霊","획순 이미지","https://drive.google.com/file/d/1co6yfSTaa4nOVJDBvTQwmN2MfqS91SCp/view?usp=drivesdk","drive.google.com","아니오","정상"
"鈴","이미지 1","https://drive.google.com/file/d/12auqjIDLtwWwQWZc-iN1F5Pf9FVCviYT/view?usp=drive_link","drive.google.com","아니오","정상"
"鈴","획순 이미지","https://drive.google.com/file/d/152cpgwN4bOkxz1HuiPN5a_27VXy2He-o/view?usp=drivesdk","drive.google.com","아니오","정상"
"隷","이미지 1","https://drive.google.com/file/d/1lRLDvnxHGlcnVdn_Agzxw676A_g5jXDT/view?usp=drive_link","drive.google.com","아니오","정상"
"隷","획순 이미지","https://drive.google.com/file/d/1ci3uotsXMtgBU4J8ms5DE-q7nQFpTZrQ/view?usp=drivesdk","drive.google.com","아니오","정상"
"露","이미지 1","https://drive.google.com/file/d/1QjzQH3fp7jA9eV9-E4iN3p9tXZV2xC3-/view?usp=drive_link","drive.google.com","아니오","정상"
"露","획순 이미지","https://drive.google.com/file/d/184BV4eCaucx2CJ-UY58aUg34Gi1eUKCI/view?usp=drivesdk","drive.google.com","아니오","정상"
"炉","이미지 1","https://drive.google.com/file/d/1DFejIpUSTHaoZOoRnLVsEw2S5lJblTk4/view?usp=drive_link","drive.google.com","아니오","정상"
"炉","획순 이미지","https://drive.google.com/file/d/1SOMa1dpWLTffFDj_lo0LuBnR5P9JAbPO/view?usp=drivesdk","drive.google.com","아니오","정상"
"虜","이미지 1","https://drive.google.com/file/d/1WMjBHMtcyWpipIiiE8T64F-4euBJMl1P/view?usp=drive_link","drive.google.com","아니오","정상"
"虜","획순 이미지","https://drive.google.com/file/d/1FMJ88hqInmSgh7DVYaUlfyiOe3JPjRX-/view?usp=drivesdk","drive.google.com","아니오","정상"
"麓","이미지 1","https://drive.google.com/file/d/1O9BVEnIOQ9cYacSJEiZQP16wYYmwiqVL/view?usp=drive_link","drive.google.com","아니오","정상"
"麓","획순 이미지","https://drive.google.com/file/d/1N5MpYddkoaoyoRW3tFlfZ1hRhU1tvmQ0/view?usp=drivesdk","drive.google.com","아니오","정상"
"滝","이미지 1","https://drive.google.com/file/d/1FiLla3SxAsaHubJMkoRmrtxsHd8pyojr/view?usp=drive_link","drive.google.com","아니오","정상"
"滝","획순 이미지","https://drive.google.com/file/d/1uqAfqZ9unafEowZe8QNctAjuYmOq1n1y/view?usp=drivesdk","drive.google.com","아니오","정상"
"弄","이미지 1","https://drive.google.com/file/d/1J_T7_ZOPfp2t0GOZZQBPbULD-6wa4emh/view?usp=drive_link","drive.google.com","아니오","정상"
"弄","획순 이미지","https://drive.google.com/file/d/15CvqJmdustPsoKTdw6ku_w--WWLp791U/view?usp=drivesdk","drive.google.com","아니오","정상"
"籠","이미지 1","https://drive.google.com/file/d/1C3YEyUGinEwcXphi7EVAI5t_JcfrW2dV/view?usp=drive_link","drive.google.com","아니오","정상"
"籠","획순 이미지","https://drive.google.com/file/d/1dfGnbgmah7wRb8drtdEGaQlcKpaurd__/view?usp=drivesdk","drive.google.com","아니오","정상"
"雷","이미지 1","https://drive.google.com/file/d/1tlQP_pWqMHBzwx0lHJg1q_CegOLz3-Tf/view?usp=drive_link","drive.google.com","아니오","정상"
"雷","획순 이미지","https://drive.google.com/file/d/17SlALGzLred7wOZhjSraJFb1WAXbKAO3/view?usp=drivesdk","drive.google.com","아니오","정상"
"頼","이미지 1","https://drive.google.com/file/d/1gK_1rn9M8jMubwMMqpW0IqLrIQes9rpE/view?usp=drive_link","drive.google.com","아니오","정상"
"頼","획순 이미지","https://drive.google.com/file/d/1rU5zqV1FQltwHzyI9Q2QV4mPAUM1ssBS/view?usp=drivesdk","drive.google.com","아니오","정상"
"瀬","이미지 1","https://drive.google.com/file/d/1y7gqozLJD7Tu4O13hAz4b3_BR01MVAdK/view?usp=drive_link","drive.google.com","아니오","정상"
"瀬","획순 이미지","https://drive.google.com/file/d/182sLui0ng93i6dLeNhXCMlLqZFIfypLx/view?usp=drivesdk","drive.google.com","아니오","정상"
"賂","이미지 1","https://drive.google.com/file/d/1WQdRGe_MRGE0NaDfahyLnIQU5ul8Q2G2/view?usp=drive_link","drive.google.com","아니오","정상"
"賂","획순 이미지","https://drive.google.com/file/d/1drUaM4xXJVWfUttddP5NWod5CdVS0vBH/view?usp=drivesdk","drive.google.com","아니오","정상"
"療","이미지 1","https://drive.google.com/file/d/1U9jaIguP_t1EzwVSOO4aI_jrSdtJRu1w/view?usp=drive_link","drive.google.com","아니오","정상"
"療","획순 이미지","https://drive.google.com/file/d/1_eEflWLPHt2kBoAakd3xObGeUtJiB_Xz/view?usp=drivesdk","drive.google.com","아니오","정상"
"了","이미지 1","https://drive.google.com/file/d/1vO5YzHIevOsrbxhNtK-OQiLtJm1zhzRs/view?usp=drive_link","drive.google.com","아니오","정상"
"了","획순 이미지","https://drive.google.com/file/d/1l6KqHUldeoPV7rsX52CK-UGaxZzSmilq/view?usp=drivesdk","drive.google.com","아니오","정상"
"僚","이미지 1","https://drive.google.com/file/d/1p4Kbh0N7FyfUaqCZBOxUvZ1qUXIsONTX/view?usp=drive_link","drive.google.com","아니오","정상"
"僚","획순 이미지","https://drive.google.com/file/d/1J4f4UIHuUI0iGAWNaFNlVGAzXTWeEG0-/view?usp=drivesdk","drive.google.com","아니오","정상"
"寮","이미지 1","https://drive.google.com/file/d/187Y4vo62n9ad3XtdkMZ4P1GAzJTuo0lK/view?usp=drive_link","drive.google.com","아니오","정상"
"寮","획순 이미지","https://drive.google.com/file/d/1xS19WEGzJ71tEV0J3tm1GxpjKLmyxbdG/view?usp=drivesdk","drive.google.com","아니오","정상"
"瞭","이미지 1","https://drive.google.com/file/d/1--7raajGjkriI9R4aSc4XGo47IQQFpFu/view?usp=drive_link","drive.google.com","아니오","정상"
"瞭","획순 이미지","https://drive.google.com/file/d/1rrbAqc6mf8c55Eyavh5h8uExoChm-OWA/view?usp=drivesdk","drive.google.com","아니오","정상"
"竜","이미지 1","https://drive.google.com/file/d/1DcI2tRGatSN6TE1YueGvRezDlr8PLm48/view?usp=drive_link","drive.google.com","아니오","정상"
"竜","획순 이미지","https://drive.google.com/file/d/1oHV6iQdQQ8V-AWQDOTaKrBZRqZ9U5x94/view?usp=drivesdk","drive.google.com","아니오","정상"
"涙","이미지 1","https://drive.google.com/file/d/1yUzXyiwQN4T9LytE8t4hErXhwf3ekBI1/view?usp=drive_link","drive.google.com","아니오","정상"
"涙","획순 이미지","https://drive.google.com/file/d/1PkFnF8OkgRYLefM4FY_U5Ibwmz8KPBLs/view?usp=drivesdk","drive.google.com","아니오","정상"
"楼","이미지 1","https://drive.google.com/file/d/1Naxr3J5LaqaxOK0UNqIPLYRURJn0PI82/view?usp=drive_link","drive.google.com","아니오","정상"
"楼","획순 이미지","https://drive.google.com/file/d/1OpoGlS7qxw6DepiYSGyK53XtH0vMlCgD/view?usp=drivesdk","drive.google.com","아니오","정상"
"漏","이미지 1","https://drive.google.com/file/d/1BtEdYIChNYhrWFhGNopcoNgFTfAD9VZK/view?usp=drive_link","drive.google.com","아니오","정상"
"漏","획순 이미지","https://drive.google.com/file/d/11gQ89lrCwqPAO4V56eXD0i3HWz17hmSp/view?usp=drivesdk","drive.google.com","아니오","정상"
"累","이미지 1","https://drive.google.com/file/d/1Fq3Gyy-j8CzEwI1kGIZhigZ_tF1KMU4z/view?usp=drive_link","drive.google.com","아니오","정상"
"累","획순 이미지","https://drive.google.com/file/d/1xyFSICYG_woiTkXRbKKOcO7k7aAWR5Ln/view?usp=drivesdk","drive.google.com","아니오","정상"
"塁","이미지 1","https://drive.google.com/file/d/1v9QVJaIc0YTqHYH0MGXs4lpLJEQ3gxkA/view?usp=drive_link","drive.google.com","아니오","정상"
"塁","획순 이미지","https://drive.google.com/file/d/1mEBW8r6lfzIqL1Mf68GKVDnzg9QRHsxw/view?usp=drivesdk","drive.google.com","아니오","정상"
"柳","이미지 1","https://drive.google.com/file/d/1bLL0YVfQO1Lj5-aH-YHNJ9-CB5WZJTe9/view?usp=drive_link","drive.google.com","아니오","정상"
"柳","획순 이미지","https://drive.google.com/file/d/1Fgvz6YsQaWs4NBUUICjdMym330bJNysS/view?usp=drivesdk","drive.google.com","아니오","정상"
"硫","이미지 1","https://drive.google.com/file/d/1ew7F5_9KEz9Foch3NqnnyoWtVhCbHZg5/view?usp=drive_link","drive.google.com","아니오","정상"
"硫","획순 이미지","https://drive.google.com/file/d/1J_hggiwR52eF-P90pTt_com7_2nJuyYJ/view?usp=drivesdk","drive.google.com","아니오","정상"
"瑠","이미지 1","https://drive.google.com/file/d/1YxHyOcSbEgUSJ6mQBEiKmvmktDv0ITMw/view?usp=drive_link","drive.google.com","아니오","정상"
"瑠","획순 이미지","https://drive.google.com/file/d/13xGejsBAkgqJbsAs2hYszykAzjBL_Njt/view?usp=drivesdk","drive.google.com","아니오","정상"
"倫","이미지 1","https://drive.google.com/file/d/1OUcAQsS2kT9kThFbSrNln0r8gpzcq25v/view?usp=drive_link","drive.google.com","아니오","정상"
"倫","획순 이미지","https://drive.google.com/file/d/1pFirbK00zY9SPbLzkKSpVTDiRsWbqdSc/view?usp=drivesdk","drive.google.com","아니오","정상"
"慄","이미지 1","https://drive.google.com/file/d/1Ps-plSan9ZbUJDgK3XlwV-vpV4dznRiJ/view?usp=drive_link","drive.google.com","아니오","정상"
"慄","획순 이미지","https://drive.google.com/file/d/1-0kIT4dY7iKclmFtDxwAgC7I2rpN2aFo/view?usp=drivesdk","drive.google.com","아니오","정상"
"隆","이미지 1","https://drive.google.com/file/d/1aN5Z-yEMBdmJrQkqUo4P3Iecofqp3E7X/view?usp=drive_link","drive.google.com","아니오","정상"
"隆","획순 이미지","https://drive.google.com/file/d/14KL9AT5llQZpI8FQpbYMyySJXrmMqvik/view?usp=drivesdk","drive.google.com","아니오","정상"
"陵","이미지 1","https://drive.google.com/file/d/1-lWkmYWhDWDeNScnAm0xETIxuTP-ZY9s/view?usp=drive_link","drive.google.com","아니오","정상"
"陵","획순 이미지","https://drive.google.com/file/d/1amqUqn66XCjA2IG4SJEtvVnjKSO9nDZX/view?usp=drivesdk","drive.google.com","아니오","정상"
"離","이미지 1","https://drive.google.com/file/d/14dF4WhopxQB_KNCwMcH6SF1rdNUeeBvD/view?usp=drive_link","drive.google.com","아니오","정상"
"離","획순 이미지","https://drive.google.com/file/d/1xNYaltcWisZ2YmJfaeUL8vKDtRQo6o05/view?usp=drivesdk","drive.google.com","아니오","정상"
"吏","이미지 1","https://drive.google.com/file/d/1QaLVJTJUtpBD_pK51VzsZn7M8boPZRTs/view?usp=drive_link","drive.google.com","아니오","정상"
"吏","획순 이미지","https://drive.google.com/file/d/1sjmksFvSKrG7RNe0TA3gKhlJWUjc5ynM/view?usp=drivesdk","drive.google.com","아니오","정상"
"厘","이미지 1","https://drive.google.com/file/d/1nMGTw7Ouob_n9U66V-a2tdHqhgcfiUbq/view?usp=drive_link","drive.google.com","아니오","정상"
"厘","획순 이미지","https://drive.google.com/file/d/1Pr_dGuRfMDy2Hvb9yzpaueRotjbD9zWn/view?usp=drivesdk","drive.google.com","아니오","정상"
"痢","이미지 1","https://drive.google.com/file/d/1Juu6xc4LKmhVOFRR_t8_7i4Szf3daPUc/view?usp=drive_link","drive.google.com","아니오","정상"
"痢","획순 이미지","https://drive.google.com/file/d/1znAIl_dmkhQz9YJLicKUEdX1B7RWh7Fl/view?usp=drivesdk","drive.google.com","아니오","정상"
"履","이미지 1","https://drive.google.com/file/d/1wR5iiApLi-qM4t6n5FIP2OEQkO3d5AET/view?usp=drive_link","drive.google.com","아니오","정상"
"履","획순 이미지","https://drive.google.com/file/d/13KH-cAvEy93fLUd4UAd96QUK_8UiNwsh/view?usp=drivesdk","drive.google.com","아니오","정상"
"璃","이미지 1","https://drive.google.com/file/d/1NSt1eJ98xF4IKtLDr-lZNgOv1aCn4__g/view?usp=drive_link","drive.google.com","아니오","정상"
"璃","획순 이미지","https://drive.google.com/file/d/1Huve5OuX4U0pBwwr4FQdSUDfI1Nt27s3/view?usp=drivesdk","drive.google.com","아니오","정상"
"隣","이미지 1","https://drive.google.com/file/d/1Czf7uZ7xDKTFKiwmyRh6Sx9CwyHMCgOC/view?usp=drive_link","drive.google.com","아니오","정상"
"隣","획순 이미지","https://drive.google.com/file/d/1wTB5buIFfrZq2xlKvfoJ43U9cctt4mwM/view?usp=drivesdk","drive.google.com","아니오","정상"
"粒","이미지 1","https://drive.google.com/file/d/1FArIQmVoBx4YgYEQ5RqVf02jj8DRi_5z/view?usp=drive_link","drive.google.com","아니오","정상"
"粒","획순 이미지","https://drive.google.com/file/d/1n_g4Xh4JtO4EkqrrRH6SUO2NuIWO7-LI/view?usp=drivesdk","drive.google.com","아니오","정상"
"魔","이미지 1","https://drive.google.com/file/d/1qDpq9t8IysXk9OxlsOGInwJcEiINaPZP/view?usp=drive_link","drive.google.com","아니오","정상"
"魔","획순 이미지","https://drive.google.com/file/d/1sJ86QEBIs5c-L5TuvufcZ_PkiG_CDLCC/view?usp=drivesdk","drive.google.com","아니오","정상"
"麻","이미지 1","https://drive.google.com/file/d/1IcTAR9q5-Diz4SHWtFeHTCgKjNe0z-PA/view?usp=drive_link","drive.google.com","아니오","정상"
"麻","획순 이미지","https://drive.google.com/file/d/1OVY6DJjnqwsqp6s5w9vhWEsLcE7JgAVc/view?usp=drivesdk","drive.google.com","아니오","정상"
"摩","이미지 1","https://drive.google.com/file/d/1CMiQk033O14CFvQ6wfqCP8iLmgHHh-kk/view?usp=drive_link","drive.google.com","아니오","정상"
"摩","획순 이미지","https://drive.google.com/file/d/1FCXNAgt3dKSsaCvrUBOoHv9D_T7PTNUC/view?usp=drivesdk","drive.google.com","아니오","정상"
"磨","이미지 1","https://drive.google.com/file/d/1VxXfFlyOu_dmGsAstLONRvtctkSLQELl/view?usp=drive_link","drive.google.com","아니오","정상"
"磨","획순 이미지","https://drive.google.com/file/d/1ELLb28p1k0VHnFkc8LiZCuudSNpSciwN/view?usp=drivesdk","drive.google.com","아니오","정상"
"膜","이미지 1","https://drive.google.com/file/d/1YxVoquBH3GStigbm0t7eFRpGnJEpC_8U/view?usp=drive_link","drive.google.com","아니오","정상"
"膜","획순 이미지","https://drive.google.com/file/d/1NfTQd91oJpn8sYxCXivzZKBiKY9yESlN/view?usp=drivesdk","drive.google.com","아니오","정상"
"漠","이미지 1","https://drive.google.com/file/d/1JUWKNL5jNIeYevkAsQ6XFNzI8IH0bvOD/view?usp=drive_link","drive.google.com","아니오","정상"
"漠","획순 이미지","https://drive.google.com/file/d/1Cw3E0pkJuYW5VGBfab0VcBx7iwHE1YOh/view?usp=drivesdk","drive.google.com","아니오","정상"
"慢","이미지 1","https://drive.google.com/file/d/1lAiMWHXPnhIrBQ-UmY461IzJSn-LPG29/view?usp=drive_link","drive.google.com","아니오","정상"
"慢","획순 이미지","https://drive.google.com/file/d/1L39k1hYmGLnJTMINJRLRsYdcpCIo2f0g/view?usp=drivesdk","drive.google.com","아니오","정상"
"漫","이미지 1","https://drive.google.com/file/d/1cMHFBDDwsDUocY5QFDjXLYUIh9voOKEb/view?usp=drive_link","drive.google.com","아니오","정상"
"漫","획순 이미지","https://drive.google.com/file/d/1MbjtxioLsTXUZ57_dvvBm--8_jnV1v_Q/view?usp=drivesdk","drive.google.com","아니오","정상"
"湾","이미지 1","https://drive.google.com/file/d/1mMDZAR1XOvNjvEDTKEiWiSpjep3oK-_J/view?usp=drive_link","drive.google.com","아니오","정상"
"湾","획순 이미지","https://drive.google.com/file/d/12CaeRtn23x2Tb9_9VN1dFI-bQKbUBw6Z/view?usp=drivesdk","drive.google.com","아니오","정상"
"蛮","이미지 1","https://drive.google.com/file/d/1eu5UmBo7dlKfesP5CVlBDM4BrDFUYIBM/view?usp=drive_link","drive.google.com","아니오","정상"
"蛮","획순 이미지","https://drive.google.com/file/d/1bTssmWmnpvpC8hhU191WTzKWMQouc21a/view?usp=drivesdk","drive.google.com","아니오","정상"
"抹","이미지 1","https://drive.google.com/file/d/1UDFEcxkQU09yD7qXuuDBnYRd9RpwrQKe/view?usp=drive_link","drive.google.com","아니오","정상"
"抹","획순 이미지","https://drive.google.com/file/d/1D5T8IIM7watdRIFG0IouOFq6tuwOPuSW/view?usp=drivesdk","drive.google.com","아니오","정상"
"忙","이미지 1","https://drive.google.com/file/d/1mbIv84wEgwsw6EeJztKq3knVQNpoOZ8_/view?usp=drive_link","drive.google.com","아니오","정상"
"忙","획순 이미지","https://drive.google.com/file/d/10eYeS_AsSDd2rXO9rGuiCKRjPBJ3u0ne/view?usp=drivesdk","drive.google.com","아니오","정상"
"網","이미지 1","https://drive.google.com/file/d/1xwlmH5dxZj8PNNNpnEnw2sl_7TvAJcPB/view?usp=drive_link","drive.google.com","아니오","정상"
"網","획순 이미지","https://drive.google.com/file/d/1I4nGv3GcEEV0wgYze-FCXzLm-36Zkjt0/view?usp=drivesdk","drive.google.com","아니오","정상"
"妄","이미지 1","https://drive.google.com/file/d/1YxwycSboAcmoKb1R4jWF8fX2yUI_fqKL/view?usp=drive_link","drive.google.com","아니오","정상"
"妄","획순 이미지","https://drive.google.com/file/d/168vROMqpjOVIMddn1Tnxzx9r7ZSs6i1i/view?usp=drivesdk","drive.google.com","아니오","정상"
"埋","이미지 1","https://drive.google.com/file/d/1LpdFzpBOsvK2v6omfSFmIeJwD0nMjGzG/view?usp=drive_link","drive.google.com","아니오","정상"
"埋","획순 이미지","https://drive.google.com/file/d/1PjM-L1ASU7nrNDbhP-dGYUAZmuhwJ1PI/view?usp=drivesdk","drive.google.com","아니오","정상"
"魅","이미지 1","https://drive.google.com/file/d/14uyZAYheqFE1oKSCkQ3kcJGWJLwFzQr8/view?usp=drive_link","drive.google.com","아니오","정상"
"魅","획순 이미지","https://drive.google.com/file/d/196YiulIgXIej63_016FJT1kgw1C-vrGo/view?usp=drivesdk","drive.google.com","아니오","정상"
"媒","이미지 1","https://drive.google.com/file/d/1vYg9sPOFhATyDaP6j6qE0RcNNndIvkwT/view?usp=drive_link","drive.google.com","아니오","정상"
"媒","획순 이미지","https://drive.google.com/file/d/19u7z5JiDpJN0tt2dKkypA9YifNVJhgqk/view?usp=drivesdk","drive.google.com","아니오","정상"
"昧","이미지 1","https://drive.google.com/file/d/1sM8G6r1Avq5luwGWVcI17ZX3MKCdZIdO/view?usp=drive_link","drive.google.com","아니오","정상"
"昧","획순 이미지","https://drive.google.com/file/d/1nuxHvAiFWWR87aNIlmbBCCCvjqWI7svy/view?usp=drivesdk","drive.google.com","아니오","정상"
"罵","이미지 1","https://drive.google.com/file/d/1iGs9rk8oWMhTrKkGuoZc9CrvK37Sr4KK/view?usp=drive_link","drive.google.com","아니오","정상"
"罵","획순 이미지","https://drive.google.com/file/d/1EHA2-WuadfRKFxmulZd0chXyXenJBgK4/view?usp=drivesdk","drive.google.com","아니오","정상"
"猛","이미지 1","https://drive.google.com/file/d/1khUNT0GUrRSrR0DdHV9GQIE4vkMTOgt8/view?usp=drive_link","drive.google.com","아니오","정상"
"猛","획순 이미지","https://drive.google.com/file/d/14WpN51RsICkPm9mLtOsTe4A9GVNxMDF7/view?usp=drivesdk","drive.google.com","아니오","정상"
"盲","이미지 1","https://drive.google.com/file/d/1OX-g0TySkeQDgOuQdLtH0mY_96BBQaGf/view?usp=drive_link","drive.google.com","아니오","정상"
"盲","획순 이미지","https://drive.google.com/file/d/11JirOx1qVOWDMb79cbjxkYMHaWRo6fFb/view?usp=drivesdk","drive.google.com","아니오","정상"
"眠","이미지 1","https://drive.google.com/file/d/1Qjlvo3YtTGGdQcPnjKoQZBir9hQt_Zyk/view?usp=drive_link","drive.google.com","아니오","정상"
"眠","획순 이미지","https://drive.google.com/file/d/1jlE4hdLZSAS2Y9VLRNeDG7bS1JcY1uyp/view?usp=drivesdk","drive.google.com","아니오","정상"
"免","이미지 1","https://drive.google.com/file/d/10iY7eECwjh6rqVTDOLhB9KGEsPHIqDdG/view?usp=drive_link","drive.google.com","아니오","정상"
"免","획순 이미지","https://drive.google.com/file/d/1AvO-bIXMhntmg0pM5bzFoc0d2hV27l8C/view?usp=drivesdk","drive.google.com","아니오","정상"
"麺","이미지 1","https://drive.google.com/file/d/14SRBGdpWYGwuFcFvn_Me6XDaqcJo_WVv/view?usp=drive_link","drive.google.com","아니오","정상"
"麺","획순 이미지","https://drive.google.com/file/d/162kSexllrIWyyUzrsFvzL59ww3vg7BtU/view?usp=drivesdk","drive.google.com","아니오","정상"
"滅","이미지 1","https://drive.google.com/file/d/1Y_s79G7tMSuZjse5ULLFEwHa1lGx8hjr/view?usp=drive_link","drive.google.com","아니오","정상"
"滅","획순 이미지","https://drive.google.com/file/d/1C9relNTe6eaMVRMN0GDnXQFlZztYPP_Q/view?usp=drivesdk","drive.google.com","아니오","정상"
"蔑","이미지 1","https://drive.google.com/file/d/1PIChd0fHeq9_DXxpOmJjYgZ8DNBhMx67/view?usp=drive_link","drive.google.com","아니오","정상"
"蔑","획순 이미지","https://drive.google.com/file/d/1ahV4tbXo4RnSAhMMJI2DMmBrmHDi0SdG/view?usp=drivesdk","drive.google.com","아니오","정상"
"銘","이미지 1","https://drive.google.com/file/d/1SShs-vHg43kZru_4XIdEmzk3_0iU8TqB/view?usp=drive_link","drive.google.com","아니오","정상"
"銘","획순 이미지","https://drive.google.com/file/d/11PZUxCMF4yAvwiLuctJyvdF6VPu1iPFR/view?usp=drivesdk","drive.google.com","아니오","정상"
"冥","이미지 1","https://drive.google.com/file/d/1v18q9fdCpIyrcBlo3ksNpD7uZsbOFrws/view?usp=drive_link","drive.google.com","아니오","정상"
"冥","획순 이미지","https://drive.google.com/file/d/1rn77L11TOuN9023nd5iWZs4rX6zOqf3Y/view?usp=drivesdk","drive.google.com","아니오","정상"
"矛","이미지 1","https://drive.google.com/file/d/13tBE4IT_WN9EfSRl6xvKncz9zl0TwhOj/view?usp=drive_link","drive.google.com","아니오","정상"
"矛","획순 이미지","https://drive.google.com/file/d/1RACUhwxHSKc5NyeyQ_j9J5l36x2w0zwA/view?usp=drivesdk","drive.google.com","아니오","정상"
"冒","이미지 1","https://drive.google.com/file/d/1RtcoYfmndik0ydfbyo7PTmXHGCVWxWPA/view?usp=drive_link","drive.google.com","아니오","정상"
"冒","획순 이미지","https://drive.google.com/file/d/1eTtMIs924anGp4U2tZ0ySR2ahhB43Rtz/view?usp=drivesdk","drive.google.com","아니오","정상"
"帽","이미지 1","https://drive.google.com/file/d/19AQa4uAVCfpH2lu2jR88he2BnH-8COyN/view?usp=drive_link","drive.google.com","아니오","정상"
"帽","획순 이미지","https://drive.google.com/file/d/1_ST-CueNV5Tec8BofBW6g8W8f8t-HVdz/view?usp=drivesdk","drive.google.com","아니오","정상"
"某","이미지 1","https://drive.google.com/file/d/142-u3cfL_pzFEmP_5YNJpXQDys4W56T1/view?usp=drive_link","drive.google.com","아니오","정상"
"某","획순 이미지","https://drive.google.com/file/d/12qU8slF8r9_wKh_LP7qxI3smdQvQLlpX/view?usp=drivesdk","drive.google.com","아니오","정상"
"募","이미지 1","https://drive.google.com/file/d/1Toum0JHWUuDC4t4B9ER1pUBEOCQJVd-8/view?usp=drive_link","drive.google.com","아니오","정상"
"募","획순 이미지","https://drive.google.com/file/d/1vu9ZBniIR1MVIw-afv7fqjoseCgzKMFQ/view?usp=drivesdk","drive.google.com","아니오","정상"
"慕","이미지 1","https://drive.google.com/file/d/1IBvh7-PboTScjLIxrzAEHqF-O49QO6Yl/view?usp=drive_link","drive.google.com","아니오","정상"
"慕","획순 이미지","https://drive.google.com/file/d/1T-Z10tZqWX1aI2riRFpugAaqUtx2QHtJ/view?usp=drivesdk","drive.google.com","아니오","정상"
"謀","이미지 1","https://drive.google.com/file/d/1h4iQuK3cp7rjePSmC6OIuv8jlbBB6MSh/view?usp=drive_link","drive.google.com","아니오","정상"
"謀","획순 이미지","https://drive.google.com/file/d/1W4AxWdt7Zr_pH6xSWyzmmRG7Ka_tSPK8/view?usp=drivesdk","drive.google.com","아니오","정상"
"侮","이미지 1","https://drive.google.com/file/d/1sfXqoGuVqTZywB_--M6G1ZAUOUaWL6v2/view?usp=drive_link","drive.google.com","아니오","정상"
"侮","획순 이미지","https://drive.google.com/file/d/1_buWnI1eqxSSM7Kh3e5Mtdl6aXAAuuZp/view?usp=drivesdk","drive.google.com","아니오","정상"
"耗","이미지 1","https://drive.google.com/file/d/1P9sKGpWImQqiYjB8qOcBSYUSBpPJ1kWs/view?usp=drive_link","drive.google.com","아니오","정상"
"耗","획순 이미지","https://drive.google.com/file/d/1RbDOoq5ts6EETm5SUHCfsQwL14HuC-Z7/view?usp=drivesdk","drive.google.com","아니오","정상"
"貌","이미지 1","https://drive.google.com/file/d/1tUd6w8PI5gQ81wg9pw_MFjdXM3EF0wTD/view?usp=sharing","drive.google.com","아니오","정상"
"貌","획순 이미지","https://drive.google.com/file/d/1vranwEN4EOM9pUWVUiS_kTjuolvbaYi-/view?usp=drivesdk","drive.google.com","아니오","정상"
"睦","이미지 1","https://drive.google.com/file/d/1rM09oWqSsMxvkhquF_bDUZYWDVwirsEQ/view?usp=drive_link","drive.google.com","아니오","정상"
"睦","획순 이미지","https://drive.google.com/file/d/1PMi7Sy8KzVKmlmJpYp7wO50ViE5CxuKh/view?usp=drivesdk","drive.google.com","아니오","정상"
"没","이미지 1","https://drive.google.com/file/d/1Q1NZZOs8GtF4pyZwPLPn99LwXA_k8Kwt/view?usp=drive_link","drive.google.com","아니오","정상"
"没","획순 이미지","https://drive.google.com/file/d/1TKVp4Pavji0V9DFZMKhwLa5gLySGduqJ/view?usp=drivesdk","drive.google.com","아니오","정상"
"妙","이미지 1","https://drive.google.com/file/d/1eOsTVr0qq9Rpr7cEXuQp4jDn4G7PRu12/view?usp=drive_link","drive.google.com","아니오","정상"
"妙","획순 이미지","https://drive.google.com/file/d/1aaJlPDARI8vSIJl4w8wyzrFJY522v_oG/view?usp=drivesdk","drive.google.com","아니오","정상"
"描","이미지 1","https://drive.google.com/file/d/13qvyd0U_Z0I2b71goWD5kFxn8E6YTkeh/view?usp=drive_link","drive.google.com","아니오","정상"
"描","획순 이미지","https://drive.google.com/file/d/1H_HAU-KbPpjdCppzihNy0HsY9hBM7IkP/view?usp=drivesdk","drive.google.com","아니오","정상"
"苗","이미지 1","https://drive.google.com/file/d/1FWiBV8lEP9Kp3syyilbZmZ4DHGwDa6Tn/view?usp=drive_link","drive.google.com","아니오","정상"
"苗","획순 이미지","https://drive.google.com/file/d/1AquVIVi43v9fl5x9mAsfaiOSVQEynsfM/view?usp=drivesdk","drive.google.com","아니오","정상"
"猫","이미지 1","https://drive.google.com/file/d/1d14asgWrjbFretjx4KDESB0bxJikbGHQ/view?usp=drive_link","drive.google.com","아니오","정상"
"猫","획순 이미지","https://drive.google.com/file/d/1goYz7JJiJcITfenlDL5LgwCu5B6w9HrH/view?usp=drivesdk","drive.google.com","아니오","정상"
"茂","이미지 1","https://drive.google.com/file/d/19Rpnw2kR9iwhLjfweP73dWjz6U4-XTtM/view?usp=drive_link","drive.google.com","아니오","정상"
"茂","획순 이미지","https://drive.google.com/file/d/1KluNQ8gsphyacYXfBfchduK9iIxlYVOU/view?usp=drivesdk","drive.google.com","아니오","정상"
"舞","이미지 1","https://drive.google.com/file/d/1lF6eiulTrRiR9c5Zpta5sdiCHt-N8sCi/view?usp=drive_link","drive.google.com","아니오","정상"
"舞","획순 이미지","https://drive.google.com/file/d/1dAdBP3Q5W3yEzyIkxfwbl2PuQY6VpN0B/view?usp=drivesdk","drive.google.com","아니오","정상"
"霧","이미지 1","https://drive.google.com/file/d/1q6B5B6iawD3SddmyX9ttoR8wUDYM-Fkk/view?usp=drive_link","drive.google.com","아니오","정상"
"霧","획순 이미지","https://drive.google.com/file/d/1pm_dzIIJZwm0V4QKVoCkTtv7TW7KnH3x/view?usp=drivesdk","drive.google.com","아니오","정상"
"畝","이미지 1","https://drive.google.com/file/d/11X935rs1Fi19qIJ4pkjiJWsc8EUA7gKq/view?usp=drive_link","drive.google.com","아니오","정상"
"畝","획순 이미지","https://drive.google.com/file/d/1R7F0PFLbjG1udkMQ_SwFUVCmVXHAK-2w/view?usp=drivesdk","drive.google.com","아니오","정상"
"黙","이미지 1","https://drive.google.com/file/d/1n2e7flnPR19u5fBGEkGLwQzbOAGMMtXe/view?usp=drive_link","drive.google.com","아니오","정상"
"黙","획순 이미지","https://drive.google.com/file/d/1BYmh5hyys3zBE3cXvm54sOGAeHHch2Uz/view?usp=drivesdk","drive.google.com","아니오","정상"
"墨","이미지 1","https://drive.google.com/file/d/1nWMqLAS2RpWOs4-23_8wD0UGaAc1JEIe/view?usp=drive_link","drive.google.com","아니오","정상"
"墨","획순 이미지","https://drive.google.com/file/d/1HNAmLk4mEzHvyY_ZhcVgW-JtuhB0D3-u/view?usp=drivesdk","drive.google.com","아니오","정상"
"紋","이미지 1","https://drive.google.com/file/d/1EUZUEuDMVbFiRwlaQEskrc1Y06IUUStv/view?usp=drive_link","drive.google.com","아니오","정상"
"紋","획순 이미지","https://drive.google.com/file/d/1tFrD13iJA9v7D0iy70odMZYqu87D0QYn/view?usp=drivesdk","drive.google.com","아니오","정상"
"蚊","이미지 1","https://drive.google.com/file/d/1faAT9p_VMEsznJMerzkLqjYRT975NAj-/view?usp=drive_link","drive.google.com","아니오","정상"
"蚊","획순 이미지","https://drive.google.com/file/d/1_nCi0jLtMjw_cFacG10ScQT0K-zioKso/view?usp=drivesdk","drive.google.com","아니오","정상"
"尾","이미지 1","https://drive.google.com/file/d/1y0DJEPENHvrnyDO6El0wwi74NvMboBHF/view?usp=drive_link","drive.google.com","아니오","정상"
"尾","획순 이미지","https://drive.google.com/file/d/1SBeM-5gTDTyHjrYNoisiXKcZNTZncUhp/view?usp=drivesdk","drive.google.com","아니오","정상"
"微","이미지 1","https://drive.google.com/file/d/1OwonQ154M71avur3f8aTWOgIGAp6-ufP/view?usp=drive_link","drive.google.com","아니오","정상"
"微","획순 이미지","https://drive.google.com/file/d/15TnuVJZQYoDwTKrwCwD_HibGmcr9eVEt/view?usp=drivesdk","drive.google.com","아니오","정상"
"弥","이미지 1","https://drive.google.com/file/d/1KSIwQVI_cmLZNhdjSkbpXNm8-Yc28K84/view?usp=drive_link","drive.google.com","아니오","정상"
"弥","획순 이미지","https://drive.google.com/file/d/1fIvLQEhj0rdUMfUzOVDBDjiJriZ9RztK/view?usp=drivesdk","drive.google.com","아니오","정상"
"眉","이미지 1","https://drive.google.com/file/d/1AdqTN-uljUayPIBfxVayNUZfJI6MFcM6/view?usp=drive_link","drive.google.com","아니오","정상"
"眉","획순 이미지","https://drive.google.com/file/d/1CzFUdl1P-TkTjRSvre-AH8-0qmWBjS4a/view?usp=drivesdk","drive.google.com","아니오","정상"
"謎","이미지 1","https://drive.google.com/file/d/1O-EDKo9_SwgM5IHNLV4px7q309HmfsxC/view?usp=drive_link","drive.google.com","아니오","정상"
"謎","획순 이미지","https://drive.google.com/file/d/1sorVDRmPGpyxV3Wru6qqgWcJ9xDUM22z/view?usp=drivesdk","drive.google.com","아니오","정상"
"敏","이미지 1","https://drive.google.com/file/d/1OUtESYWwHKPZGBpGfWUKTSq2TCuQht-r/view?usp=drive_link","drive.google.com","아니오","정상"
"敏","획순 이미지","https://drive.google.com/file/d/1osIc2-NRfcrm31eNwunkrXRjnrEXwZcc/view?usp=drivesdk","drive.google.com","아니오","정상"
"蜜","이미지 1","https://drive.google.com/file/d/1Ip3uW8XdxAportXT09wxyO5m0X_xRwuN/view?usp=drive_link","drive.google.com","아니오","정상"
"蜜","획순 이미지","https://drive.google.com/file/d/1SfKINKraM7k_xdi3z570gG2E_BHxk63L/view?usp=drivesdk","drive.google.com","아니오","정상"
"拍","이미지 1","https://drive.google.com/file/d/1N9zZsoNLW90DmJdjduND8x3IpvRpAwVe/view?usp=drive_link","drive.google.com","아니오","정상"
"拍","획순 이미지","https://drive.google.com/file/d/1REK5bLzxW65wmkIpaFXChll6vi_m7cj9/view?usp=drivesdk","drive.google.com","아니오","정상"
"迫","이미지 1","https://drive.google.com/file/d/1io-0vPVg65C4ZuRUfePdWDt9DpHBRUkh/view?usp=drive_link","drive.google.com","아니오","정상"
"迫","획순 이미지","https://drive.google.com/file/d/173IUaCeT0SUG3CkmmFrGm-6RlYwIkgnz/view?usp=drivesdk","drive.google.com","아니오","정상"
"泊","이미지 1","https://drive.google.com/file/d/1TUbjU9K8zNg1bZ-h-A6b_iEYRBjkHWkJ/view?usp=drive_link","drive.google.com","아니오","정상"
"泊","획순 이미지","https://drive.google.com/file/d/1bix1zmd8o_zRmpOBnPJ1JylYQ0dFD_Qh/view?usp=drivesdk","drive.google.com","아니오","정상"
"薄","이미지 1","https://drive.google.com/file/d/14oRz4g6tAWAS6i2GPDtd7TS8aMmJ5E2P/view?usp=drive_link","drive.google.com","아니오","정상"
"薄","획순 이미지","https://drive.google.com/file/d/1YbQ1ls8ExCWFQtSGpkRYsnNg_uSN6FP0/view?usp=drivesdk","drive.google.com","아니오","정상"
"縛","이미지 1","https://drive.google.com/file/d/1l5s1HhxJR_tL630u7kSL3UwssRYvBuzO/view?usp=drive_link","drive.google.com","아니오","정상"
"縛","획순 이미지","https://drive.google.com/file/d/13OVUejuF-HRMcpmpSpLwI-AG-L_U6mqT/view?usp=drivesdk","drive.google.com","아니오","정상"
"朴","이미지 1","https://drive.google.com/file/d/1qTWUEcTkIO4r2zeOfgJDw8u2N22F5Ldt/view?usp=drive_link","drive.google.com","아니오","정상"
"朴","획순 이미지","https://drive.google.com/file/d/1ZzrNnnXV9iiE6QJz6lsvd8k3uzHUQP0E/view?usp=drivesdk","drive.google.com","아니오","정상"
"舶","이미지 1","https://drive.google.com/file/d/17OKqEW_jrl5oIDUUp6Vsogb-dR77Cbbz/view?usp=drive_link","drive.google.com","아니오","정상"
"舶","획순 이미지","https://drive.google.com/file/d/1eYgstKkbUFM0tIrjlp-BqLfGw7DmELpA/view?usp=drivesdk","drive.google.com","아니오","정상"
"撲","이미지 1","https://drive.google.com/file/d/1Vml9TAAKnw7YWcHicsY8978SRIz8NTLb/view?usp=drive_link","drive.google.com","아니오","정상"
"撲","획순 이미지","https://drive.google.com/file/d/14rkcMUMTByDRrDLOrObJAQmmgsez6P3U/view?usp=drivesdk","drive.google.com","아니오","정상"
"剥","이미지 1","https://drive.google.com/file/d/1mjJqX5hae2qE6cYagLJ0gRS7OUQHFv9e/view?usp=drive_link","drive.google.com","아니오","정상"
"剥","획순 이미지","https://drive.google.com/file/d/1q9CVJaQBfa_pHv16_c0bJjyA0zVow7L7/view?usp=drivesdk","drive.google.com","아니오","정상"
"般","이미지 1","https://drive.google.com/file/d/1P_1ptvo-cRe4VeF9vX_o4fzxu-heYZpH/view?usp=drive_link","drive.google.com","아니오","정상"
"般","획순 이미지","https://drive.google.com/file/d/1u2VL3WZSenJzqtqLuE-xUgtS3fHZmNTX/view?usp=drivesdk","drive.google.com","아니오","정상"
"搬","이미지 1","https://drive.google.com/file/d/1ik_NjCQmAjqBBYE9nUFjyklFE9uWLOTf/view?usp=drive_link","drive.google.com","아니오","정상"
"搬","획순 이미지","https://drive.google.com/file/d/1QPIs8RsRX47T_ZvvLULUgQRUGwkdaa2u/view?usp=drivesdk","drive.google.com","아니오","정상"
"盤","이미지 1","https://drive.google.com/file/d/1O0JwPtmyiblTJvfli_kdVOXZG0iBthBB/view?usp=drive_link","drive.google.com","아니오","정상"
"盤","획순 이미지","https://drive.google.com/file/d/1wikqa3Pqo3yvnCQ-k29SjJ7STn7g-sTl/view?usp=drivesdk","drive.google.com","아니오","정상"
"伴","이미지 1","https://drive.google.com/file/d/1GVdnm1X15GWs58yIiyjiaXX3Q1MBulhn/view?usp=drive_link","drive.google.com","아니오","정상"
"伴","획순 이미지","https://drive.google.com/file/d/1EblbWGiX2t3CeADb4b_a7BLDe9-YbZI5/view?usp=drivesdk","drive.google.com","아니오","정상"
"畔","이미지 1","https://drive.google.com/file/d/1mBoy6n4bFta7Zg82lLrncepfPYO17c6z/view?usp=drive_link","drive.google.com","아니오","정상"
"畔","획순 이미지","https://drive.google.com/file/d/1P3HILN8eBSjpxNy89jA-JMACLuWuC9Br/view?usp=drivesdk","drive.google.com","아니오","정상"
"頒","이미지 1","https://drive.google.com/file/d/1vGLRR3ZYMkHDvCOjQeTj4ZWxcAI-TYpZ/view?usp=share_link","drive.google.com","아니오","정상"
"頒","획순 이미지","https://drive.google.com/file/d/1ebTRCUKaPRvPw5EC8Hb3iPgMRPwOeOFm/view?usp=drivesdk","drive.google.com","아니오","정상"
"斑","이미지 1","https://drive.google.com/file/d/1JuMqCxKY2Vawwv85rcIT0UIOybC14-4p/view?usp=drive_link","drive.google.com","아니오","정상"
"斑","획순 이미지","https://drive.google.com/file/d/1BgaaWzfwFobBcooUbXiguzFUrF0EOG_k/view?usp=drivesdk","drive.google.com","아니오","정상"
"抜","이미지 1","https://drive.google.com/file/d/1LYB2gzgFXJnC2BibG0D054VU89mg0JVq/view?usp=drive_link","drive.google.com","아니오","정상"
"抜","획순 이미지","https://drive.google.com/file/d/1qYU5_I39SPlK4gt6uzqGxvYDgo5tFlMf/view?usp=drivesdk","drive.google.com","아니오","정상"
"髪","이미지 1","https://drive.google.com/file/d/1uMKDaaqQ01VxTM9un4_LhfsbQ2KGi80r/view?usp=drive_link","drive.google.com","아니오","정상"
"髪","획순 이미지","https://drive.google.com/file/d/1ZIWeKIHi3bA1WvewbidFrh6o-NYFo6QB/view?usp=drivesdk","drive.google.com","아니오","정상"
"鉢","이미지 1","https://drive.google.com/file/d/1nIWgin29SPjGoWXoslwUjYNo_Oc7ptTe/view?usp=drive_link","drive.google.com","아니오","정상"
"鉢","획순 이미지","https://drive.google.com/file/d/1EVpm8J7XaJ7w9k3YVbb-v_iu7cFLOBMy/view?usp=drivesdk","drive.google.com","아니오","정상"
"勃","이미지 1","https://drive.google.com/file/d/1w1UsCI05S70-sR0014nJ6SfR_UEhwDEQ/view?usp=share_link","drive.google.com","아니오","정상"
"勃","획순 이미지","https://drive.google.com/file/d/1PGZdoy8cNJpMQE_JafohHTJRPsMsTOmQ/view?usp=drivesdk","drive.google.com","아니오","정상"
"坊","이미지 1","https://drive.google.com/file/d/1i7PQ4zNzpmXbdEH4gwHJcevmJcbkGVJM/view?usp=drive_link","drive.google.com","아니오","정상"
"坊","획순 이미지","https://drive.google.com/file/d/1_HO1Pp8Fy9xkG7cIL0y0XSC4AHccnLlH/view?usp=drivesdk","drive.google.com","아니오","정상"
"肪","이미지 1","https://drive.google.com/file/d/10mD1xCPKSI2Dtu4ePNnreZrVNx0lonny/view?usp=drive_link","drive.google.com","아니오","정상"
"肪","획순 이미지","https://drive.google.com/file/d/1eUNbuXaH7iKV_iwEFGA20l7D3mgV_D_h/view?usp=drivesdk","drive.google.com","아니오","정상"
"傍","이미지 1","https://drive.google.com/file/d/1dCoyB7KvfXvjrbu0zIAbZxZf30cSkldt/view?usp=drive_link","drive.google.com","아니오","정상"
"傍","획순 이미지","https://drive.google.com/file/d/1WrJQdmnv-uxyTvJ6MuqI_oC0c0wm0a8G/view?usp=drivesdk","drive.google.com","아니오","정상"
"芳","이미지 1","https://drive.google.com/file/d/1VD3bTi_AB0HHLHC-zXRvMFCOeHPCBGBf/view?usp=drive_link","drive.google.com","아니오","정상"
"芳","획순 이미지","https://drive.google.com/file/d/1gRGqmlePa0kHdfT3Cwb-FtNAk9V9sXyQ/view?usp=drivesdk","drive.google.com","아니오","정상"
"妨","이미지 1","https://drive.google.com/file/d/1ptctaS65b1lDmjG9y2VSQLO19ReZIoeo/view?usp=drive_link","drive.google.com","아니오","정상"
"妨","획순 이미지","https://drive.google.com/file/d/1VBj_JBADJpuZoK3vCT2OL5kZ9irfsncl/view?usp=drivesdk","drive.google.com","아니오","정상"
"邦","이미지 1","https://drive.google.com/file/d/11YpaElc50unNDibWeB7-l-Q-ztM-Hhey/view?usp=drive_link","drive.google.com","아니오","정상"
"邦","획순 이미지","https://drive.google.com/file/d/18JSdO-cq3uuMg_xMWFarSUudlKCRnqdc/view?usp=drivesdk","drive.google.com","아니오","정상"
"房","이미지 1","https://drive.google.com/file/d/10B0j93ILL7oG2FpAfygo7hq5VubGSvRl/view?usp=drive_link","drive.google.com","아니오","정상"
"房","획순 이미지","https://drive.google.com/file/d/1rLV12Q0BRBeyI3qrVW8bz9ECecjD5dRS/view?usp=drivesdk","drive.google.com","아니오","정상"
"倣","이미지 1","https://drive.google.com/file/d/1_V669129F4NyOhxnH00LhSXrqLX7m0kX/view?usp=drive_link","drive.google.com","아니오","정상"
"倣","획순 이미지","https://drive.google.com/file/d/1MgcTvIV7I0tJ2JJFtz_-w7N8swr3cAl6/view?usp=drivesdk","drive.google.com","아니오","정상"
"紡","이미지 1","https://drive.google.com/file/d/1Qo7ecfdKnu_WJXYkUWcxag1DTX41tI7i/view?usp=drive_link","drive.google.com","아니오","정상"
"紡","획순 이미지","https://drive.google.com/file/d/1ZcZ2XW7POS7EqmVQ-nGzt9IZtcBJwtpL/view?usp=drivesdk","drive.google.com","아니오","정상"
"杯","이미지 1","https://drive.google.com/file/d/1wMDphaLOCbAGNM1jgu61N4UaZwoZs7Go/view?usp=drive_link","drive.google.com","아니오","정상"
"杯","획순 이미지","https://drive.google.com/file/d/13wWx6_FuXXESlswbMeuH1gZvcfdZBk4E/view?usp=drivesdk","drive.google.com","아니오","정상"
"輩","이미지 1","https://drive.google.com/file/d/1eV-gRuEd_n3jH-7j6MWzK8y_gy36OP3a/view?usp=drive_link","drive.google.com","아니오","정상"
"輩","획순 이미지","https://drive.google.com/file/d/19tlXQtEBkra8AkbyUlNKadzdIVK137D9/view?usp=drivesdk","drive.google.com","아니오","정상"
"排","이미지 1","https://drive.google.com/file/d/1c-vJ-llRdfD93yqoZer_jDPFQBSt1k_P/view?usp=drive_link","drive.google.com","아니오","정상"
"排","획순 이미지","https://drive.google.com/file/d/1TWBXFFU5rpdRGdd_N0d9kFeuY1OXqF7Y/view?usp=drivesdk","drive.google.com","아니오","정상"
"陪","이미지 1","https://drive.google.com/file/d/1bcXC24n6d-YQ5wHSM5Ja1SZMJT0vbDi6/view?usp=drive_link","drive.google.com","아니오","정상"
"陪","획순 이미지","https://drive.google.com/file/d/1uheVUVLvUwBeozBPY0FNhnU9rK_Nu5pS/view?usp=drivesdk","drive.google.com","아니오","정상"
"培","이미지 1","https://drive.google.com/file/d/1n0I9v67tWHy8YxXMrKsyNOqa7N93MvlF/view?usp=drive_link","drive.google.com","아니오","정상"
"培","획순 이미지","https://drive.google.com/file/d/1ZoPjbXgWtpUjw3Q7uhqrjoPsTkXsmMpM/view?usp=drivesdk","drive.google.com","아니오","정상"
"賠","이미지 1","https://drive.google.com/file/d/1Ur_iDA-vaspFsDHCgx6EXLyUPsz0ukTK/view?usp=drive_link","drive.google.com","아니오","정상"
"賠","획순 이미지","https://drive.google.com/file/d/1s40FVScfsFbOVS9yFFLdMfSbZ9wvvEs1/view?usp=drivesdk","drive.google.com","아니오","정상"
"伯","이미지 1","https://drive.google.com/file/d/14zeIJc2pmncBrA-ltOlRWI-4KMxyA7NN/view?usp=drive_link","drive.google.com","아니오","정상"
"伯","획순 이미지","https://drive.google.com/file/d/1vR2gXxnAGr5Tkon3lOFOUagCEtCohA5_/view?usp=drivesdk","drive.google.com","아니오","정상"
"繁","이미지 1","https://drive.google.com/file/d/18N1eoqlBaM8-IIoiBs1nP-z1idee5e2J/view?usp=drive_link","drive.google.com","아니오","정상"
"繁","획순 이미지","https://drive.google.com/file/d/1UMBEa0w81XYylI8ZNdTnymB2u36XyHXA/view?usp=drivesdk","drive.google.com","아니오","정상"
"藩","이미지 1","https://drive.google.com/file/d/1zMhaIh5e5yYoOBoDEKGauZw88xkLnq7N/view?usp=drive_link","drive.google.com","아니오","정상"
"藩","획순 이미지","https://drive.google.com/file/d/1hX8pliDc0jRj8rvuRxcpZHhSnvNPogb5/view?usp=drivesdk","drive.google.com","아니오","정상"
"翻","이미지 1","https://drive.google.com/file/d/1_udj_YAhzt_DXWDW5_9yT-WtXzR8axyX/view?usp=drive_link","drive.google.com","아니오","정상"
"翻","획순 이미지","https://drive.google.com/file/d/1vybxsZlICJHJe24m1KbqlRDt-4tAgOWo/view?usp=drivesdk","drive.google.com","아니오","정상"
"煩","이미지 1","https://drive.google.com/file/d/1aeGTBWu22ra5z0o_vZ5dWq9I8l-tSk9O/view?usp=drive_link","drive.google.com","아니오","정상"
"煩","획순 이미지","https://drive.google.com/file/d/1EEFw1OYzjKXfuRf18BD5_p_vZEGAUS-R/view?usp=drivesdk","drive.google.com","아니오","정상"
"罰","이미지 1","https://drive.google.com/file/d/1Mz6k7uky_4dERJuiMXxDRy3UGwC8R3nb/view?usp=drive_link","drive.google.com","아니오","정상"
"罰","획순 이미지","https://drive.google.com/file/d/1A0HwBlbBcqnKycpz7jvDCeI_TcPCY11N/view?usp=drivesdk","drive.google.com","아니오","정상"
"伐","이미지 1","https://drive.google.com/file/d/182WNHwAYrDWjcLk3eEx-QikpX5UierfZ/view?usp=drive_link","drive.google.com","아니오","정상"
"伐","획순 이미지","https://drive.google.com/file/d/16E7aYy-BKkTFOu_bRVjmMrrERDEh_t1u/view?usp=drivesdk","drive.google.com","아니오","정상"
"閥","이미지 1","https://drive.google.com/file/d/1WEmgUN4P1i5tS_DhNXMW6WXjftlrkjSP/view?usp=drive_link","drive.google.com","아니오","정상"
"閥","획순 이미지","https://drive.google.com/file/d/1txD0hmW-kE_Fi8Qk2BLXY5Lb-TwGD9td/view?usp=drivesdk","drive.google.com","아니오","정상"
"凡","이미지 1","https://drive.google.com/file/d/1ZOcJUBpMt2R4FkO_kk_qdSVppeE3mQlX/view?usp=drive_link","drive.google.com","아니오","정상"
"凡","획순 이미지","https://drive.google.com/file/d/19gpI9WVCj8A-iONdNJtVELOAS8C2hig9/view?usp=drivesdk","drive.google.com","아니오","정상"
"範","이미지 1","https://drive.google.com/file/d/1dLqj4u2iqUuT7i7kyklSl4ob1oEoD2Of/view?usp=drive_link","drive.google.com","아니오","정상"
"範","획순 이미지","https://drive.google.com/file/d/1vrpy0ehIgsJJhRnMn2L6WczZXc7k_JBx/view?usp=drivesdk","drive.google.com","아니오","정상"
"帆","이미지 1","https://drive.google.com/file/d/1HMukHpR7RN8IHTn-ZrdoySDKeeILPq71/view?usp=drive_link","drive.google.com","아니오","정상"
"帆","획순 이미지","https://drive.google.com/file/d/1mUiXJEVk_NF9SQCPFe5_cHmpBVHVeDMP/view?usp=drivesdk","drive.google.com","아니오","정상"
"氾","이미지 1","https://drive.google.com/file/d/1Kvpup1HJU9Qb-C05-vHxQoDnem6dWrFc/view?usp=drive_link","drive.google.com","아니오","정상"
"氾","획순 이미지","https://drive.google.com/file/d/1wfASpXTyy5CFCXBagznWEHoIE3dr7LRx/view?usp=drivesdk","drive.google.com","아니오","정상"
"汎","이미지 1","https://drive.google.com/file/d/1HxMDk15RPWHgcVbC0qqtE01tA8Htu9Ns/view?usp=drive_link","drive.google.com","아니오","정상"
"汎","획순 이미지","https://drive.google.com/file/d/1W8Qfi5k5X7XuRkcUWGjgRbvaTUIhDO8N/view?usp=drivesdk","drive.google.com","아니오","정상"
"壁","이미지 1","https://drive.google.com/file/d/1WG4dJd7_cLYcDS6Z-BHvpiJCmc-bdmaa/view?usp=drive_link","drive.google.com","아니오","정상"
"壁","획순 이미지","https://drive.google.com/file/d/1PfHl_DQzaWPDFiJ2jUX1Dk7H5m0kpUtO/view?usp=drivesdk","drive.google.com","아니오","정상"
"癖","이미지 1","https://drive.google.com/file/d/1L3o0e7KF9N-up-ukgNjkVzGYXtWPAetm/view?usp=drive_link","drive.google.com","아니오","정상"
"癖","획순 이미지","https://drive.google.com/file/d/1THGNqKSLWhiEQtx-9-fHOI9nwdpyU0vX/view?usp=drivesdk","drive.google.com","아니오","정상"
"璧","이미지 1","https://drive.google.com/file/d/13WgRqQLcvM3oFKCrB7CAPJWhvonoaNV6/view?usp=drive_link","drive.google.com","아니오","정상"
"璧","획순 이미지","https://drive.google.com/file/d/1WCF6zJVU68y_FaDCS6GcYyrNh59j93f8/view?usp=drivesdk","drive.google.com","아니오","정상"
"柄","이미지 1","https://drive.google.com/file/d/1dI7pm9WTpmjV_LKWt52RArkyA4JGGtfh/view?usp=drive_link","drive.google.com","아니오","정상"
"柄","획순 이미지","https://drive.google.com/file/d/1Jxcj-WFNSo-x0__xciSK1lXmFtaiD_pt/view?usp=drivesdk","drive.google.com","아니오","정상"
"丙","이미지 1","https://drive.google.com/file/d/10iVjHVBvyNljZn8o-Eo2mUzORUNaQYPu/view?usp=drive_link","drive.google.com","아니오","정상"
"丙","획순 이미지","https://drive.google.com/file/d/1xe7YvKrW7aKL6sLUCpK6U8FeofkPap3T/view?usp=drivesdk","drive.google.com","아니오","정상"
"併","이미지 1","https://drive.google.com/file/d/1jarufamH-cIg_KHEWCP2kHDHKFouqC-m/view?usp=drive_link","drive.google.com","아니오","정상"
"併","획순 이미지","https://drive.google.com/file/d/10xdQQJ6YnXilFfSWWJl1nzVQiUXNJp58/view?usp=drivesdk","drive.google.com","아니오","정상"
"瓶","이미지 1","https://drive.google.com/file/d/1mne8rFfRwme4meSaQbBxaGtEpdx_B2wD/view?usp=drive_link","drive.google.com","아니오","정상"
"瓶","획순 이미지","https://drive.google.com/file/d/1jRQcocEj8jd9WEYLRu7IF4nU-FA7__Sd/view?usp=drivesdk","drive.google.com","아니오","정상"
"塀","이미지 1","https://drive.google.com/file/d/1N9JYIsl2ZHzlZJFbwgmdf1wjc1Qs24VR/view?usp=drive_link","drive.google.com","아니오","정상"
"塀","획순 이미지","https://drive.google.com/file/d/1EvJkKFVDhRT67gE0DHwXGzPJv9hK2rBE/view?usp=drivesdk","drive.google.com","아니오","정상"
"餅","이미지 1","https://drive.google.com/file/d/19YMME7A8V2BwBudZvg8A2XKiSlndOnZR/view?usp=drive_link","drive.google.com","아니오","정상"
"餅","획순 이미지","https://drive.google.com/file/d/17EU39IQW7p_hdzyW9e_tuTreRwFSANG3/view?usp=drivesdk","drive.google.com","아니오","정상"
"普","이미지 1","https://drive.google.com/file/d/1s7gbZsOTJ9QOZUnnJ4h33335ngc1WUfO/view?usp=drive_link","drive.google.com","아니오","정상"
"普","획순 이미지","https://drive.google.com/file/d/1Hprb8JJt9WGtZ0Ckzkg3aE--uSHVRmQb/view?usp=drivesdk","drive.google.com","아니오","정상"
"譜","이미지 1","https://drive.google.com/file/d/1_GgHfHAsNoz8afvJkqarLnRI8APrl-Z-/view?usp=drive_link","drive.google.com","아니오","정상"
"譜","획순 이미지","https://drive.google.com/file/d/1VeTbHKBkBMoRUQLLz4n0lQbDVIT_RMwV/view?usp=drivesdk","drive.google.com","아니오","정상"
"伏","이미지 1","https://drive.google.com/file/d/113KTFfwLWWuYgPxDj5GLGSkDAzD_Kc0F/view?usp=drive_link","drive.google.com","아니오","정상"
"伏","획순 이미지","https://drive.google.com/file/d/1rlTZIW31cUNcR9R8AkA-HFnOp6Pm_YfW/view?usp=drivesdk","drive.google.com","아니오","정상"
"覆","이미지 1","https://drive.google.com/file/d/1iTLcODjnN61Er2XUP7wERlvYrDmlD10h/view?usp=drive_link","drive.google.com","아니오","정상"
"覆","획순 이미지","https://drive.google.com/file/d/1gAzoZEAUNzOYEs9offWAKNoIGUWcgPMf/view?usp=drivesdk","drive.google.com","아니오","정상"
"僕","이미지 1","https://drive.google.com/file/d/18i3d0LdHVcChSAy41nWgr6ovoV5g_8Z9/view?usp=drive_link","drive.google.com","아니오","정상"
"僕","획순 이미지","https://drive.google.com/file/d/1Cz_BuVimsATKFg8MNMMLCl5alITKsdEP/view?usp=drivesdk","drive.google.com","아니오","정상"
"峰","이미지 1","https://drive.google.com/file/d/1wHaMqYToI9Bmv6GJlAm3oWVbG_hXMlFm/view?usp=drive_link","drive.google.com","아니오","정상"
"峰","획순 이미지","https://drive.google.com/file/d/1MnMd4DMNPqZlNipBzTS6G_UGBTdLOtxa/view?usp=drivesdk","drive.google.com","아니오","정상"
"奉","이미지 1","https://drive.google.com/file/d/1owSHB0FDHQ2LLZqeMU7fPad7YKt2ea4g/view?usp=drive_link","drive.google.com","아니오","정상"
"奉","획순 이미지","https://drive.google.com/file/d/1u5uki1SjSLVyuA6fGcXRm2TYoQ09ke9z/view?usp=drivesdk","drive.google.com","아니오","정상"
"封","이미지 1","https://drive.google.com/file/d/1o01YT1l6w4SB0EPC1_u1OFCRzNuJjC-o/view?usp=drive_link","drive.google.com","아니오","정상"
"封","획순 이미지","https://drive.google.com/file/d/1oy3d7_J0rzf_Gle098yTrsjzcKoGfMTA/view?usp=drivesdk","drive.google.com","아니오","정상"
"縫","이미지 1","https://drive.google.com/file/d/1fwpE0VrYLXFJeGq-GBG2f6sFCEuXUX2T/view?usp=drive_link","drive.google.com","아니오","정상"
"縫","획순 이미지","https://drive.google.com/file/d/1iitltEOIKTa522IT1F8VV2t0w10QBFPm/view?usp=drivesdk","drive.google.com","아니오","정상"
"俸","이미지 1","https://drive.google.com/file/d/1mKFehHArOK8i1wGw-rdESdSZnuzsSMev/view?usp=drive_link","drive.google.com","아니오","정상"
"俸","획순 이미지","https://drive.google.com/file/d/1nYodFSFCWG5uEJ9S7U3wNgHo6AXDOqTt/view?usp=drivesdk","drive.google.com","아니오","정상"
"蜂","이미지 1","https://drive.google.com/file/d/1sdqDKYlijgJed1OzvpR1atIAPJqAJYPs/view?usp=drive_link","drive.google.com","아니오","정상"
"蜂","획순 이미지","https://drive.google.com/file/d/1cATNY5UG6aPP8zCAW6F1Ljc9FGOSXYKT/view?usp=drivesdk","drive.google.com","아니오","정상"
"浮","이미지 1","https://drive.google.com/file/d/1c-qjAYzmBPGiIukhX4agUa--jlFUDJrh/view?usp=drive_link","drive.google.com","아니오","정상"
"浮","획순 이미지","https://drive.google.com/file/d/1KNNJlFyrlyjV0cu34XWOfNSWhnXpuCc0/view?usp=drivesdk","drive.google.com","아니오","정상"
"腐","이미지 1","https://drive.google.com/file/d/1fNn3pfvfevW9qpifI-ik7OlWTDm5Jjtq/view?usp=drive_link","drive.google.com","아니오","정상"
"腐","획순 이미지","https://drive.google.com/file/d/1drbEupg-FEOVTxHTVXfqmfQmc1yv0GGn/view?usp=drivesdk","drive.google.com","아니오","정상"
"賦","이미지 1","https://drive.google.com/file/d/1X5tGYwjjiufCyVGcriF0vuk7QWvxsPMl/view?usp=drive_link","drive.google.com","아니오","정상"
"賦","획순 이미지","https://drive.google.com/file/d/1lZ6Vsj5baVS6_smyWJVKY4NO5ZMl7tYN/view?usp=drivesdk","drive.google.com","아니오","정상"
"敷","이미지 1","https://drive.google.com/file/d/18ON4i6YlvS5_hNDBLv0QVdDQv1R3-6w7/view?usp=drive_link","drive.google.com","아니오","정상"
"敷","획순 이미지","https://drive.google.com/file/d/1mghsc3-9aLCeSUtg0BNNg4sQ_j23dwhm/view?usp=drivesdk","drive.google.com","아니오","정상"
"膚","이미지 1","https://drive.google.com/file/d/1rX6jqwGQEnTdBgy00GRIIj6r-ao39eVW/view?usp=drive_link","drive.google.com","아니오","정상"
"膚","획순 이미지","https://drive.google.com/file/d/1uNjkpkAzhueWSGcxX4Kkf70SpLpPrHH-/view?usp=drivesdk","drive.google.com","아니오","정상"
"赴","이미지 1","https://drive.google.com/file/d/1bIwbhwaO11LZJJ6WU8VGC9FnEZsAou_8/view?usp=drive_link","drive.google.com","아니오","정상"
"赴","획순 이미지","https://drive.google.com/file/d/19wauPuZDd-80yh69Kx2zi5V9iswVjLoJ/view?usp=drivesdk","drive.google.com","아니오","정상"
"符","이미지 1","https://drive.google.com/file/d/1TOtiXBryBUrKWF5gvpFl-QTNzI6NKlk-/view?usp=drive_link","drive.google.com","아니오","정상"
"符","획순 이미지","https://drive.google.com/file/d/1gobtLcWaMXXWArOg76_G5f3BgIwReXat/view?usp=drivesdk","drive.google.com","아니오","정상"
"簿","이미지 1","https://drive.google.com/file/d/1qiwpzkMEyGZ1PRN7S9AsazwluT61JIpX/view?usp=drive_link","drive.google.com","아니오","정상"
"簿","획순 이미지","https://drive.google.com/file/d/1r4OuiVCe-8cGSRL0wGzkTpJHkGMcaRDv/view?usp=drivesdk","drive.google.com","아니오","정상"
"缶","이미지 1","https://drive.google.com/file/d/1W86FTRHTu1vNQhegBrgJp58LUAW38t69/view?usp=drive_link","drive.google.com","아니오","정상"
"缶","획순 이미지","https://drive.google.com/file/d/15RpumgVgGl4UPf1Yj2m7sik532OCshXG/view?usp=drivesdk","drive.google.com","아니오","정상"
"扶","이미지 1","https://drive.google.com/file/d/1r45RKdrFsUoxRVRvktdMJXsPgIzg0NDy/view?usp=drive_link","drive.google.com","아니오","정상"
"扶","획순 이미지","https://drive.google.com/file/d/1sfB0k-ZKz6X0016RPPlg4ltZE8_68GE-/view?usp=drivesdk","drive.google.com","아니오","정상"
"附","이미지 1","https://drive.google.com/file/d/1ce3rXlAoIi9Fhx897pj7jebN2Dd9tC8N/view?usp=drive_link","drive.google.com","아니오","정상"
"附","획순 이미지","https://drive.google.com/file/d/1grZ3-UCuwvglxGI9bymta9e1JZGW-Phl/view?usp=drivesdk","drive.google.com","아니오","정상"
"剖","이미지 1","https://drive.google.com/file/d/1hfkNTmg2yKjYZYS5N_od--Pa-N8X2Ogo/view?usp=drive_link","drive.google.com","아니오","정상"
"剖","획순 이미지","https://drive.google.com/file/d/1XrlccFTnWq8_QwZGuPbGOfkCJANxduPo/view?usp=drivesdk","drive.google.com","아니오","정상"
"訃","이미지 1","https://drive.google.com/file/d/1gO19YloqPK2BW244H8B51S2UpW4P45Cs/view?usp=drive_link","drive.google.com","아니오","정상"
"訃","획순 이미지","https://drive.google.com/file/d/1hExSYDDtl6DNdZ2iOIpO3sxbGbPy2ziT/view?usp=drivesdk","drive.google.com","아니오","정상"
"釜","이미지 1","https://drive.google.com/file/d/17iADlsJKTOz2WN2LmA8Jt-Qs9RYXX8Dw/view?usp=drive_link","drive.google.com","아니오","정상"
"釜","획순 이미지","https://drive.google.com/file/d/1IAj90m_8nNh6OY6acHSH5bUhKzAte-Sg/view?usp=drivesdk","drive.google.com","아니오","정상"
"盆","이미지 1","https://drive.google.com/file/d/1E_iWmvhctvmi_cqPHVUnIprU_m3BLywR/view?usp=drive_link","drive.google.com","아니오","정상"
"盆","획순 이미지","https://drive.google.com/file/d/16-s9wHkNjD4NJBwMRDegbJbSkf7XoGQI/view?usp=drivesdk","drive.google.com","아니오","정상"
"噴","이미지 1","https://drive.google.com/file/d/19XvMUpf-juXBEXwwbE9GG5pZeyQCqjk2/view?usp=drive_link","drive.google.com","아니오","정상"
"噴","획순 이미지","https://drive.google.com/file/d/1XF6TddDqY8Fnpqcm1lz48JxkOy5oSAcs/view?usp=drivesdk","drive.google.com","아니오","정상"
"紛","이미지 1","https://drive.google.com/file/d/10xWY3C996781h1sxwBGoyslGbN3MU-LS/view?usp=drive_link","drive.google.com","아니오","정상"
"紛","획순 이미지","https://drive.google.com/file/d/1hNNVS0puraUW5LcTCye3wnqhSo5JLHkX/view?usp=drivesdk","drive.google.com","아니오","정상"
"墳","이미지 1","https://drive.google.com/file/d/1jp80Kl0O3HJ2qflSYAmnz5r_IV7x7-56/view?usp=drive_link","drive.google.com","아니오","정상"
"墳","획순 이미지","https://drive.google.com/file/d/1T83-dD7vUyveFps3CqUxYwiTZfwGlrBe/view?usp=drivesdk","drive.google.com","아니오","정상"
"奔","이미지 1","https://drive.google.com/file/d/16j7_iHO_FYjAr3PtGdnfbL3BbI5lqcQq/view?usp=drive_link","drive.google.com","아니오","정상"
"奔","획순 이미지","https://drive.google.com/file/d/1B7AkHKBZmS3x8DRLQXEEv_9ZucyZ9CbL/view?usp=drivesdk","drive.google.com","아니오","정상"
"雰","이미지 1","https://drive.google.com/file/d/198Nomc3rz8OaJkIdCKia_UDEBGt_Z88b/view?usp=drive_link","drive.google.com","아니오","정상"
"雰","획순 이미지","https://drive.google.com/file/d/13w1tEyXx2_MCzH-ZF2GaPlTcvOEvG6X3/view?usp=drivesdk","drive.google.com","아니오","정상"
"憤","이미지 1","https://drive.google.com/file/d/1qqNr_sw1mVHYJpFxC8oleRtftKvzWoLq/view?usp=drive_link","drive.google.com","아니오","정상"
"憤","획순 이미지","https://drive.google.com/file/d/10NxPEid_xo2wlNJqs3rhS50t01c2ZeRp/view?usp=drivesdk","drive.google.com","아니오","정상"
"払","이미지 1","https://drive.google.com/file/d/1w4Emdfba8VgioGHOiOlMP8Aa4MGzK9Hn/view?usp=drive_link","drive.google.com","아니오","정상"
"払","획순 이미지","https://drive.google.com/file/d/1shzFxng9p_m81XbXsKNzpwpjtVZflzRH/view?usp=drivesdk","drive.google.com","아니오","정상"
"崩","이미지 1","https://drive.google.com/file/d/1PuidCaToad5a-VklnBR2QrscxPnlrSYG/view?usp=drive_link","drive.google.com","아니오","정상"
"崩","획순 이미지","https://drive.google.com/file/d/1riuPIS0Fm7SxP--MMaDP3k1b9yZYPT1x/view?usp=drivesdk","drive.google.com","아니오","정상"
"棚","이미지 1","https://drive.google.com/file/d/1J60nr9tmplIoZbqgPl6zmo9JIiKapR9C/view?usp=drive_link","drive.google.com","아니오","정상"
"棚","획순 이미지","https://drive.google.com/file/d/1NjABrEiPUl94L-e5MkRKLxEIfGR2TGpj/view?usp=drivesdk","drive.google.com","아니오","정상"
"泌","이미지 1","https://drive.google.com/file/d/1-ObJqsERn2xMaUQDXrXirdqyiZlBQ-KM/view?usp=drive_link","drive.google.com","아니오","정상"
"泌","획순 이미지","https://drive.google.com/file/d/1_zIAOvH4UAa9mR0GFJh2uJACh6ZhF_tF/view?usp=drivesdk","drive.google.com","아니오","정상"
"卑","이미지 1","https://drive.google.com/file/d/1VgOePuwiAweahAQT5EoRB_YvKd0KpvoM/view?usp=drive_link","drive.google.com","아니오","정상"
"卑","획순 이미지","https://drive.google.com/file/d/17uY4QorYNvO6IZKM9khVfwbHu7WIpoki/view?usp=drivesdk","drive.google.com","아니오","정상"
"碑","이미지 1","https://drive.google.com/file/d/18ivqKvHtBCgleIRurOUrFDxWmiEBpqEo/view?usp=drive_link","drive.google.com","아니오","정상"
"碑","획순 이미지","https://drive.google.com/file/d/1Tctbb2T6iCS0Ya3gPibL9KVx13lmHI5Y/view?usp=drivesdk","drive.google.com","아니오","정상"
"妃","이미지 1","https://drive.google.com/file/d/1LxyzsYMNBn5VakosMDO0B1AfJRWPXTVV/view?usp=drive_link","drive.google.com","아니오","정상"
"妃","획순 이미지","https://drive.google.com/file/d/1f4tEaOl7-VKrxEnkwWhTGOGsDfazTD4A/view?usp=drivesdk","drive.google.com","아니오","정상"
"沸","이미지 1","https://drive.google.com/file/d/1paeWFmT7_sbw-h9OGTs6r7cBSsoOkMOW/view?usp=drive_link","drive.google.com","아니오","정상"
"沸","획순 이미지","https://drive.google.com/file/d/1TWaQW17j3lzal8b6WahUMig2QXTXdh4T/view?usp=drivesdk","drive.google.com","아니오","정상"
"扉","이미지 1","https://drive.google.com/file/d/1EksxOxR2HdSPp07wuCa1dEOzuXJWI2nk/view?usp=drive_link","drive.google.com","아니오","정상"
"扉","획순 이미지","https://drive.google.com/file/d/1TU8APGbgyYwq5i7KZ1aMAzSESPTbCUgP/view?usp=drivesdk","drive.google.com","아니오","정상"
"浜","이미지 1","https://drive.google.com/file/d/1WDIr7pXbmK9XBHJT2VuMZJovDL6iBJ8h/view?usp=drive_link","drive.google.com","아니오","정상"
"浜","획순 이미지","https://drive.google.com/file/d/1jQ_syVv3pBpwJ7h8ECfRwq-9ZpqjGcVj/view?usp=drivesdk","drive.google.com","아니오","정상"
"賓","이미지 1","https://drive.google.com/file/d/1k8u1865zsGaULEOmPF5eH-y35UruSb4i/view?usp=drive_link","drive.google.com","아니오","정상"
"賓","획순 이미지","https://drive.google.com/file/d/184LSrvR8ELhPOTTdo59TGE49uqk_cYqc/view?usp=drivesdk","drive.google.com","아니오","정상"
"頻","이미지 1","https://drive.google.com/file/d/1zM2KCCzqdWov6ehjh9iHqq4n_XyxU4kY/view?usp=drive_link","drive.google.com","아니오","정상"
"頻","획순 이미지","https://drive.google.com/file/d/1i-hgzqJ-fa4fzDvlw3f9xQlDi6yGERcw/view?usp=drivesdk","drive.google.com","아니오","정상"
"伺","이미지 1","https://drive.google.com/file/d/1Ynz7ZhqllwqPmLc3tgWmVXXb-xtk0HQb/view?usp=drive_link","drive.google.com","아니오","정상"
"伺","획순 이미지","https://drive.google.com/file/d/1zD1l-d3kCFnvB0vmlNDyK8hRz0Ng0BnX/view?usp=drivesdk","drive.google.com","아니오","정상"
"斜","이미지 1","https://drive.google.com/file/d/1yxJDVNwlDa7LVMcQe4LMYM0XSl2TsRUK/view?usp=drive_link","drive.google.com","아니오","정상"
"斜","획순 이미지","https://drive.google.com/file/d/14PfVjFd98z3qOA7A_dqsd4XbvaLAIjuj/view?usp=drivesdk","drive.google.com","아니오","정상"
"邪","이미지 1","https://drive.google.com/file/d/1-sWl6Tt3JCni-XU0GjdBkC88Jb7aGHeR/view?usp=drive_link","drive.google.com","아니오","정상"
"邪","획순 이미지","https://drive.google.com/file/d/1qfvPj1I6RncJZSFaVjkCVJl830-jKMUR/view?usp=drivesdk","drive.google.com","아니오","정상"
"卸","이미지 1","https://drive.google.com/file/d/1qnAYSBGL9JH0qOOLcLi_UwMLhHg1u-cI/view?usp=drive_link","drive.google.com","아니오","정상"
"卸","획순 이미지","https://drive.google.com/file/d/1dZRGDB_EDwMhsIt8OjHz2M_l9L3qtjsN/view?usp=drivesdk","drive.google.com","아니오","정상"
"赦","이미지 1","https://drive.google.com/file/d/192OGqRTCy7d1EQC69Vpjk-BdrbUB10br/view?usp=drive_link","drive.google.com","아니오","정상"
"赦","획순 이미지","https://drive.google.com/file/d/1_cicd9cdyy3naZIo8XV-loVutHQtDKhj/view?usp=drivesdk","drive.google.com","아니오","정상"
"唆","이미지 1","https://drive.google.com/file/d/1i69F-v6O750lH-qobGKEW26-6ig3c2xE/view?usp=drive_link","drive.google.com","아니오","정상"
"唆","획순 이미지","https://drive.google.com/file/d/1oAWypVQzzJPp4-1ugiM6V3XHKUxHhtzX/view?usp=drivesdk","drive.google.com","아니오","정상"
"蛇","이미지 1","https://drive.google.com/file/d/1Wv5qLv_JeK3w22iqU38El8BP1jKTAQTq/view?usp=drive_link","drive.google.com","아니오","정상"
"蛇","획순 이미지","https://drive.google.com/file/d/1wocaUHbzAdfveOipwahxgVZGHdC6QgjM/view?usp=drivesdk","drive.google.com","아니오","정상"
"詐","이미지 1","https://drive.google.com/file/d/1SRZDyS0KCpd6FFhrRdB_KRwALFrCOW5X/view?usp=drive_link","drive.google.com","아니오","정상"
"詐","획순 이미지","https://drive.google.com/file/d/1riC_CWuWSJf8cXmj7TWfOoV4YffpIhCS/view?usp=drivesdk","drive.google.com","아니오","정상"
"嗣","이미지 1","https://drive.google.com/file/d/1tZsu9DIVhKYrotJHac61lONEtI4ekBK_/view?usp=drive_link","drive.google.com","아니오","정상"
"嗣","획순 이미지","https://drive.google.com/file/d/1axmqRw5QviVEGR603YPJfG8zZ1hVmJqp/view?usp=drivesdk","drive.google.com","아니오","정상"
"賜","이미지 1","https://drive.google.com/file/d/16UK5IcvzWWqpxzqXRXNOsQVjiMxuZWvD/view?usp=drive_link","drive.google.com","아니오","정상"
"賜","획순 이미지","https://drive.google.com/file/d/12GYXETx43M5eXjt8UCWhbHT0Xs5QrBRv/view?usp=drivesdk","drive.google.com","아니오","정상"
"沙","이미지 1","https://drive.google.com/file/d/1OYvdr066lonzZYiC5yPX6jbHncZdsssT/view?usp=drive_link","drive.google.com","아니오","정상"
"沙","획순 이미지","https://drive.google.com/file/d/1e3kBgBVK2E6V2jq67Kzclilzn6vgeRyp/view?usp=drivesdk","drive.google.com","아니오","정상"
"削","이미지 1","https://drive.google.com/file/d/1I_VtzWWG6-7OpAn4QXaj9Z0EQ7pceTRq/view?usp=drive_link","drive.google.com","아니오","정상"
"削","획순 이미지","https://drive.google.com/file/d/1fg1t2u53J4TXBxJulLAxXwNX7C1og6b1/view?usp=drivesdk","drive.google.com","아니오","정상"
"傘","이미지 1","https://drive.google.com/file/d/1gCxmhRFKkdFXgtvuUNmy95tGnz5HCk1Q/view?usp=drive_link","drive.google.com","아니오","정상"
"傘","획순 이미지","https://drive.google.com/file/d/1nq1mQ7s4bjz1fe4QxKp5f3mJ25ycQuRZ/view?usp=drivesdk","drive.google.com","아니오","정상"
"杉","이미지 1","https://drive.google.com/file/d/1W5uGkk9QmTTa18Dy93Un8LE3xhql2Rbz/view?usp=drive_link","drive.google.com","아니오","정상"
"杉","획순 이미지","https://drive.google.com/file/d/17ysyF8VmdEdzeRh_TeiIuVZNmV2x5Elc/view?usp=drivesdk","drive.google.com","아니오","정상"
"挿","이미지 1","https://drive.google.com/file/d/1YAoE_RHEwsfWly0apptc5t50BOEiUsjC/view?usp=drive_link","drive.google.com","아니오","정상"
"挿","획순 이미지","https://drive.google.com/file/d/1NIGiAX2uIefJY3axU66sQACG5PKHDWQJ/view?usp=drivesdk","drive.google.com","아니오","정상"
"渋","이미지 1","https://drive.google.com/file/d/1UdVe83w6e6q4l5ps64UCp52ajMePuv_L/view?usp=drive_link","drive.google.com","아니오","정상"
"渋","획순 이미지","https://drive.google.com/file/d/1eoOlmliTRaH_Z4_gR6gXgEWkcdBlHelX/view?usp=drivesdk","drive.google.com","아니오","정상"
"床","이미지 1","https://drive.google.com/file/d/1Z1w8cVID_9x0iOdQpVjoP6FimuuDm8Md/view?usp=drive_link","drive.google.com","아니오","정상"
"床","획순 이미지","https://drive.google.com/file/d/1maInknViGYEXbKT9TX7WS2Pq8wHZVT7Z/view?usp=drivesdk","drive.google.com","아니오","정상"
"峠","이미지 1","https://drive.google.com/file/d/1S1-1_BUfAbWn8tSRx4XF6h6xcM974sYU/view?usp=drive_link","drive.google.com","아니오","정상"
"峠","획순 이미지","https://drive.google.com/file/d/1PHuPKFyYZPLr3FbZNTPomLoW-e7WyRi3/view?usp=drivesdk","drive.google.com","아니오","정상"
"詳","이미지 1","https://drive.google.com/file/d/1w7ja3hhldcXRgCo56SkQgCBDhc0LcFwp/view?usp=drive_link","drive.google.com","아니오","정상"
"詳","획순 이미지","https://drive.google.com/file/d/1g8nYeYkUfEqgxmvjc_cAbnOarFFh8bIk/view?usp=drivesdk","drive.google.com","아니오","정상"
"桑","이미지 1","https://drive.google.com/file/d/1hRGQHJaZaYTEWpTq12PKeaOpD9hV4PcV/view?usp=drive_link","drive.google.com","아니오","정상"
"桑","획순 이미지","https://drive.google.com/file/d/1gWVhZYMT8Lb03LffwgF8dwCwaB-4F-fw/view?usp=drivesdk","drive.google.com","아니오","정상"
"尚","이미지 1","https://drive.google.com/file/d/1U4Bp8SsaFo1AjuRyJRmAARoaSuL4FbQZ/view?usp=drive_link","drive.google.com","아니오","정상"
"尚","획순 이미지","https://drive.google.com/file/d/1zoVnbIuMC7DKwlnia1pTWU7462uzjTLu/view?usp=drivesdk","drive.google.com","아니오","정상"
"祥","이미지 1","https://drive.google.com/file/d/1LIqwHvY37VnWwxVBzHc7dyFseWVWccE8/view?usp=drive_link","drive.google.com","아니오","정상"
"祥","획순 이미지","https://drive.google.com/file/d/1tTqBLM6K2zxqjBLH9eZIvmkzCnkHmX3H/view?usp=drivesdk","drive.google.com","아니오","정상"
"喪","이미지 1","https://drive.google.com/file/d/1t0WwSd9MO197bTERoKMa58TsPi7rDvTJ/view?usp=drive_link","drive.google.com","아니오","정상"
"喪","획순 이미지","https://drive.google.com/file/d/1RmzAD9nmR-byCJuW4uJP3-tB_rqAHp4K/view?usp=drivesdk","drive.google.com","아니오","정상"
"償","이미지 1","https://drive.google.com/file/d/1_yFRKY1IzHRXAtuNpEQZrygMN3x24Ynt/view?usp=drive_link","drive.google.com","아니오","정상"
"償","획순 이미지","https://drive.google.com/file/d/1RKv1E__ttDTpCqa19KA4RCFcyeb7IVpm/view?usp=drivesdk","drive.google.com","아니오","정상"
"霜","이미지 1","https://drive.google.com/file/d/1GuORW6jc9XlAQVoE7BRMv3BimL42jxXQ/view?usp=drive_link","drive.google.com","아니오","정상"
"霜","획순 이미지","https://drive.google.com/file/d/1JuU6tLTzK5DbJLsnD4lAmS8y5cFzEnE5/view?usp=drivesdk","drive.google.com","아니오","정상"
"爽","이미지 1","https://drive.google.com/file/d/1iz4Sl8fTAqTFYGKaSjA7fgNhmkhVYN3P/view?usp=drive_link","drive.google.com","아니오","정상"
"爽","획순 이미지","https://drive.google.com/file/d/1lPQwAEEgrzxUwD9RfSEgMTzKHFECm2IM/view?usp=drivesdk","drive.google.com","아니오","정상"
"璽","이미지 1","https://drive.google.com/file/d/1HUbgIlvDGwYMMlhSEzRn8u7ERxoX6Bx9/view?usp=drive_link","drive.google.com","아니오","정상"
"璽","획순 이미지","https://drive.google.com/file/d/18eyHqkQL-2ZX2RV1pKTpeXVP61NC9jY8/view?usp=drivesdk","drive.google.com","아니오","정상"
"索","이미지 1","https://drive.google.com/file/d/1OK1YfO6bETDcSYR7Jh3-TNcO0wcqD8bO/view?usp=drive_link","drive.google.com","아니오","정상"
"索","획순 이미지","https://drive.google.com/file/d/1ng4TqlDu3dIIIEs15wJFyRlQIeah84_Z/view?usp=drivesdk","drive.google.com","아니오","정상"
"塞","이미지 1","https://drive.google.com/file/d/1-lUYdmrnct0RddTYd3YIt2AUOYM-I-oz/view?usp=drive_link","drive.google.com","아니오","정상"
"塞","획순 이미지","https://drive.google.com/file/d/104WbZGMpJnTy_5M1-aXTThHKriKElwjl/view?usp=drivesdk","drive.google.com","아니오","정상"
"牲","이미지 1","https://drive.google.com/file/d/1TCB8CKErV76U-nHF7vLBt5sRhHf7gIt0/view?usp=drive_link","drive.google.com","아니오","정상"
"牲","획순 이미지","https://drive.google.com/file/d/1oQdUDjaorK5FJhrSwp5t2Gj_5lcQhjUl/view?usp=drivesdk","drive.google.com","아니오","정상"
"徐","이미지 1","https://drive.google.com/file/d/1MwANZDwDBvfXdx2UNKLr-01qUeymwRFT/view?usp=drive_link","drive.google.com","아니오","정상"
"徐","획순 이미지","https://drive.google.com/file/d/1Na6_KozVYj5abRymlncV5i0FpIJGoSrf/view?usp=drivesdk","drive.google.com","아니오","정상"
"婿","이미지 1","https://drive.google.com/file/d/1bj_egNMbfz6U3aocsWi0yKVcytrBKYdZ/view?usp=drive_link","drive.google.com","아니오","정상"
"婿","획순 이미지","https://drive.google.com/file/d/1IU6zLSSRIEGeH0Hipdk7p66HvSRbuHgO/view?usp=drivesdk","drive.google.com","아니오","정상"
"叙","이미지 1","https://drive.google.com/file/d/1hY8emBmtUbZLtEOzBchJasQ82R-IJ1Ag/view?usp=drive_link","drive.google.com","아니오","정상"
"叙","획순 이미지","https://drive.google.com/file/d/1iUVEb14pGCmMFkG5Qi6tD43tQmZCufKm/view?usp=drivesdk","drive.google.com","아니오","정상"
"逝","이미지 1","https://drive.google.com/file/d/1qkFal-Fc-aK12kqw6SHP7JLUsl-VHHWr/view?usp=drive_link","drive.google.com","아니오","정상"
"逝","획순 이미지","https://drive.google.com/file/d/1hQ842UOVCIWw5qFrh-9a3VSgxJZYpopo/view?usp=drivesdk","drive.google.com","아니오","정상"
"庶","이미지 1","https://drive.google.com/file/d/1SIz8zbykdz5zL9pWg75sKrIaUNnFIZIE/view?usp=drive_link","drive.google.com","아니오","정상"
"庶","획순 이미지","https://drive.google.com/file/d/1kpE0cU-YJLM44BtCFVKavfuuVoNEx2X1/view?usp=drivesdk","drive.google.com","아니오","정상"
"緒","이미지 1","https://drive.google.com/file/d/11OnG3HrpOKhgAeKSlD9jwPhDqQwDcArN/view?usp=drive_link","drive.google.com","아니오","정상"
"緒","획순 이미지","https://drive.google.com/file/d/1_8fF5J6wy2yiQFmJgdEMsBrQEm1CZN8D/view?usp=drivesdk","drive.google.com","아니오","정상"
"誓","이미지 1","https://drive.google.com/file/d/1WOgbuMFR8LI4MZvh_8AkjPqIe5WT1tnd/view?usp=drive_link","drive.google.com","아니오","정상"
"誓","획순 이미지","https://drive.google.com/file/d/1VcONLWeIu-SiJts33dGJ20pXhXOe8lh3/view?usp=drivesdk","drive.google.com","아니오","정상"
"釈","이미지 1","https://drive.google.com/file/d/1rgyjLvlLF-MlentRGGeFpk9puNqMR5vO/view?usp=drive_link","drive.google.com","아니오","정상"
"釈","획순 이미지","https://drive.google.com/file/d/1W5-N5fqjGdyZsM1LunOZFk9XcZYgDGDi/view?usp=drivesdk","drive.google.com","아니오","정상"
"惜","이미지 1","https://drive.google.com/file/d/1gWmVx8DO_eiKDdvouVMtEGgB_4H7GzPJ/view?usp=drive_link","drive.google.com","아니오","정상"
"惜","획순 이미지","https://drive.google.com/file/d/1KcXBa6oqttddN06xn2zG2cWdr6BjzFJG/view?usp=drivesdk","drive.google.com","아니오","정상"
"析","이미지 1","https://drive.google.com/file/d/1wh2HTGP43zjyvTm9nvvdUT2TbHVU7Viv/view?usp=drive_link","drive.google.com","아니오","정상"
"析","획순 이미지","https://drive.google.com/file/d/161lBgFcSoMSLd0oecnjE5SPwHrVf6MvM/view?usp=drivesdk","drive.google.com","아니오","정상"
"扇","이미지 1","https://drive.google.com/file/d/1f-oT36qgds8-19805OWBD78O4HQzAA2h/view?usp=drive_link","drive.google.com","아니오","정상"
"扇","획순 이미지","https://drive.google.com/file/d/1jFvVpu-9fWygKYHeVs9OqsEil-bo6Z8-/view?usp=drivesdk","drive.google.com","아니오","정상"
"鮮","이미지 1","https://drive.google.com/file/d/1y45B6NPKl_U64i66Z1D40GuAT1bRTSEg/view?usp=drive_link","drive.google.com","아니오","정상"
"鮮","획순 이미지","https://drive.google.com/file/d/1Ci4fFg0ECIfX06qDXXZizhVmNKyI5oDT/view?usp=drivesdk","drive.google.com","아니오","정상"
"繕","이미지 1","https://drive.google.com/file/d/1TQ_BguXvKPtOPAok5X26V2PZ459Xmqy4/view?usp=drive_link","drive.google.com","아니오","정상"
"繕","획순 이미지","https://drive.google.com/file/d/1KELn8w4-OhWkBViege0mWpm_-T-Lxu5X/view?usp=drivesdk","drive.google.com","아니오","정상"
"仙","이미지 1","https://drive.google.com/file/d/1MryEXSPHehCKXQoqfOEFoRcH5uJSraPh/view?usp=drive_link","drive.google.com","아니오","정상"
"仙","획순 이미지","https://drive.google.com/file/d/1L6nB-Oed8vxFRx5H4rbkx7WVHw2dSEiB/view?usp=drivesdk","drive.google.com","아니오","정상"
"旋","이미지 1","https://drive.google.com/file/d/10JhaB73E2wkZOT1Gnwik22m5CM1MW2Kt/view?usp=drive_link","drive.google.com","아니오","정상"
"旋","획순 이미지","https://drive.google.com/file/d/1WwVxGag_-S6M6OHN2Y95H8yAM4m14YV8/view?usp=drivesdk","drive.google.com","아니오","정상"
"禅","이미지 1","https://drive.google.com/file/d/1UcQtaTuNhifqiIuU0TwR7dQX_UEEpR5K/view?usp=drive_link","drive.google.com","아니오","정상"
"禅","획순 이미지","https://drive.google.com/file/d/1MMHAPvYcQjk-755xGY4eenJtCNtriQcY/view?usp=drivesdk","drive.google.com","아니오","정상"
"羨","이미지 1","https://drive.google.com/file/d/1jawhYdiMovTOvi6X4PhA-uPhvVHyMiF6/view?usp=drive_link","drive.google.com","아니오","정상"
"羨","획순 이미지","https://drive.google.com/file/d/1UK9O3LuVUKzWnyCIqq4E9PpBulhR6sJD/view?usp=drivesdk","drive.google.com","아니오","정상"
"腺","이미지 1","https://drive.google.com/file/d/1U0hPhzg_LZcflstc20pB8rxMD0DXjKnM/view?usp=drive_link","drive.google.com","아니오","정상"
"腺","획순 이미지","https://drive.google.com/file/d/1yzeVAQXAPxY3I1Z2yl6HBqtKh341DMBV/view?usp=drivesdk","drive.google.com","아니오","정상"
"膳","이미지 1","https://drive.google.com/file/d/1aGBW3ad9oMUuFLvsxSAFmrC5pApN3KrI/view?usp=drive_link","drive.google.com","아니오","정상"
"膳","획순 이미지","https://drive.google.com/file/d/1zEHLAuz0XSkJdb7IprAG1QBTWfINIEh7/view?usp=drivesdk","drive.google.com","아니오","정상"
"繊","이미지 1","https://drive.google.com/file/d/1rgcMpSeyjGy7zWGg7R9X6mJ3yjabfbxN/view?usp=drive_link","drive.google.com","아니오","정상"
"繊","획순 이미지","https://drive.google.com/file/d/1vSGyUMDVhA46collPKIhvGtnQ-5HJkUA/view?usp=drivesdk","drive.google.com","아니오","정상"
"摂","이미지 1","https://drive.google.com/file/d/1PPb7YJdrgectAHQ4OAdzemv7acm02-pI/view?usp=drive_link","drive.google.com","아니오","정상"
"摂","획순 이미지","https://drive.google.com/file/d/1GiljnbPlbfApAqPtkJn8y3ZSmJy5kFdI/view?usp=drivesdk","drive.google.com","아니오","정상"
"渉","이미지 1","https://drive.google.com/file/d/1kOagV52lXQr4n1mkJ2z337fI07HpB6DS/view?usp=drive_link","drive.google.com","아니오","정상"
"渉","획순 이미지","https://drive.google.com/file/d/1WLBRUY32Kn8w5eqqNo8sr2mruyUsfq_T/view?usp=drivesdk","drive.google.com","아니오","정상"
"姓","이미지 1","https://drive.google.com/file/d/1z0zmFC-k2xTsMALHENolwBS_prdMroLi/view?usp=drive_link","drive.google.com","아니오","정상"
"姓","획순 이미지","https://drive.google.com/file/d/15Yof8N8_t6LICPHaKGB56Q_ow6aJqH24/view?usp=drivesdk","drive.google.com","아니오","정상"
"醒","이미지 1","https://drive.google.com/file/d/1XHhRggKwsYAg2Zkux1bM101eVeVcRIzt/view?usp=drive_link","drive.google.com","아니오","정상"
"醒","획순 이미지","https://drive.google.com/file/d/1k4hXkzMxjUReRffOByU1ceew4TqUf3k2/view?usp=drivesdk","drive.google.com","아니오","정상"
"歳","이미지 1","https://drive.google.com/file/d/1KkdWensvr6SNQJ0B8m-fWEo0qQxVvxLM/view?usp=drive_link","drive.google.com","아니오","정상"
"歳","획순 이미지","https://drive.google.com/file/d/1UBrGqfSfHfwhuz-A7mWsErbURa2UFqoo/view?usp=drivesdk","drive.google.com","아니오","정상"
"召","이미지 1","https://drive.google.com/file/d/1xkgPu4c9SIkpkUXdZoQQTSkZo6oXuamY/view?usp=drive_link","drive.google.com","아니오","정상"
"召","획순 이미지","https://drive.google.com/file/d/1ZKWYSbJPHOXShoq7KqTzI22pzX3xrrLD/view?usp=drivesdk","drive.google.com","아니오","정상"
"沼","이미지 1","https://drive.google.com/file/d/1W_yi6e1W9vxWkezPdj7EiiZ90oOmaqBw/view?usp=drive_link","drive.google.com","아니오","정상"
"沼","획순 이미지","https://drive.google.com/file/d/1NYWni0TQCs_8fBH_QM2awMfC8yyewYEO/view?usp=drivesdk","drive.google.com","아니오","정상"
"咲","이미지 1","https://drive.google.com/file/d/1JUTDILTHSjzK9tNONFKetatXl-1NGuDB/view?usp=drive_link","drive.google.com","아니오","정상"
"咲","획순 이미지","https://drive.google.com/file/d/1-sAC9GOdA2FOS1dSO1jITHgHVEmPb_Vx/view?usp=drivesdk","drive.google.com","아니오","정상"
"紹","이미지 1","https://drive.google.com/file/d/1vpYGhDLFrfLcXImRhXJrXvZesdpOCpIR/view?usp=drive_link","drive.google.com","아니오","정상"
"紹","획순 이미지","https://drive.google.com/file/d/1O9NrcHk_n9VyFs_6rcbP7msF9rvtpX1z/view?usp=drivesdk","drive.google.com","아니오","정상"
"訴","이미지 1","https://drive.google.com/file/d/1JFcrL_iJXNKZ5Evz7IE1OCUjgXjAhqu4/view?usp=drive_link","drive.google.com","아니오","정상"
"訴","획순 이미지","https://drive.google.com/file/d/1Cpzs_pMBMwtq2qOPEUTT1xjjliLphYA-/view?usp=drivesdk","drive.google.com","아니오","정상"
"騒","이미지 1","https://drive.google.com/file/d/1CRRULccLvSJRoe2aKA2uIsgC2Rl2Q14b/view?usp=drive_link","drive.google.com","아니오","정상"
"騒","획순 이미지","https://drive.google.com/file/d/1FMjsGcYwzqHxCNctTYQ9t4eYACfkkXHE/view?usp=drivesdk","drive.google.com","아니오","정상"
"掃","이미지 1","https://drive.google.com/file/d/1_y7Z3QPh3_q6tOUz4fuLOK0Rwy-IKT8P/view?usp=drive_link","drive.google.com","아니오","정상"
"掃","획순 이미지","https://drive.google.com/file/d/1y-o-_HpRDsc0JZYv2JMkakAa5mxFJU9G/view?usp=drivesdk","drive.google.com","아니오","정상"
"宵","이미지 1","https://drive.google.com/file/d/1R0L0cNOM93XzLtPEjP1GjDMleCfEcG-f/view?usp=drive_link","drive.google.com","아니오","정상"
"宵","획순 이미지","https://drive.google.com/file/d/1j90O_SY0D3o3PVsVMDCHyBiaGxmMvISN/view?usp=drivesdk","drive.google.com","아니오","정상"
"疎","이미지 1","https://drive.google.com/file/d/1hGcHTZujj2p3d2J7H4VvPGe1QItIVP2a/view?usp=drive_link","drive.google.com","아니오","정상"
"疎","획순 이미지","https://drive.google.com/file/d/10TsyDoamdgbg4LR3sJW-HLiZVHaLHoGs/view?usp=drivesdk","drive.google.com","아니오","정상"
"塑","이미지 1","https://drive.google.com/file/d/19M1YstZ3wHaD_FMwqgOoAZhrFWrcNKPK/view?usp=drive_link","drive.google.com","아니오","정상"
"塑","획순 이미지","https://drive.google.com/file/d/16pcsqAhBnxZq1dMmbrJMuIfx98t0OXAn/view?usp=drivesdk","drive.google.com","아니오","정상"
"遡","이미지 1","https://drive.google.com/file/d/17SKZyGCfhH91cCVs_83emaxxQydMA9Hd/view?usp=drive_link","drive.google.com","아니오","정상"
"遡","획순 이미지","https://drive.google.com/file/d/172tn5tET4-Yw9OoyHKXQyfwDnoGNBmHx/view?usp=drivesdk","drive.google.com","아니오","정상"
"俗","이미지 1","https://drive.google.com/file/d/1Y_bdcCt7HBLmcjhStOKnRHOC0gVelcQp/view?usp=drive_link","drive.google.com","아니오","정상"
"俗","획순 이미지","https://drive.google.com/file/d/1-sMJ5vYIQ7eDLto2ZdpXZ-jjeeN5IYFA/view?usp=drivesdk","drive.google.com","아니오","정상"
"遜","이미지 1","https://drive.google.com/file/d/1RTUjXjDU9uv8mEl9f-Fs-eRs1oeu3KxZ/view?usp=drive_link","drive.google.com","아니오","정상"
"遜","획순 이미지","https://drive.google.com/file/d/1yK_NiznEeYCWRtzmU7RkHKSzvhnmoSh4/view?usp=drivesdk","drive.google.com","아니오","정상"
"訟","이미지 1","https://drive.google.com/file/d/1uFaUoXhFzMzHCTrtF-_z_TibrsRe1_y4/view?usp=drive_link","drive.google.com","아니오","정상"
"訟","획순 이미지","https://drive.google.com/file/d/10IYqZiKqrTn1veDDgTVFoASnoBgOnwsX/view?usp=drivesdk","drive.google.com","아니오","정상"
"鎖","이미지 1","https://drive.google.com/file/d/1QdUJxDszwapzcP6C9z6dNTW4AjUb-T_M/view?usp=drive_link","drive.google.com","아니오","정상"
"鎖","획순 이미지","https://drive.google.com/file/d/1pk7JEBf8j_OOI1d1Jz4rE-svKA9JxZ6f/view?usp=drivesdk","drive.google.com","아니오","정상"
"砕","이미지 1","https://drive.google.com/file/d/1gkvZPK5iu74I7zkUZ5djl1VwHF15opRZ/view?usp=drive_link","drive.google.com","아니오","정상"
"砕","획순 이미지","https://drive.google.com/file/d/18kiA9y2B0dylhNShZ56E3-AC5fVUSqUS/view?usp=drivesdk","drive.google.com","아니오","정상"
"衰","이미지 1","https://drive.google.com/file/d/1lMoUU0sfou-WJPPBn-DvUkrzxLrH_5tn/view?usp=drive_link","drive.google.com","아니오","정상"
"衰","획순 이미지","https://drive.google.com/file/d/1Xl1s7AHzSV-KPV2qSOOrnRaCTyFRhx44/view?usp=drivesdk","drive.google.com","아니오","정상"
"秀","이미지 1","https://drive.google.com/file/d/1bq7xDHjT5pqaILNVn0KDciC3U35dprWz/view?usp=drive_link","drive.google.com","아니오","정상"
"秀","획순 이미지","https://drive.google.com/file/d/1fztFdmgn8CirVPJ_YvN9dIGit31pD8hT/view?usp=drivesdk","drive.google.com","아니오","정상"
"狩","이미지 1","https://drive.google.com/file/d/1INtVyazW_abi3cXttFTqVy35DUb_EIVA/view?usp=drive_link","drive.google.com","아니오","정상"
"狩","획순 이미지","https://drive.google.com/file/d/1nQi017KjndZnqurndPArwJLPDGKBENDZ/view?usp=drivesdk","drive.google.com","아니오","정상"
"需","이미지 1","https://drive.google.com/file/d/1skLLdEom2CM5K8un5lZWoWrHinrcwbdK/view?usp=sharing","drive.google.com","아니오","정상"
"需","획순 이미지","https://drive.google.com/file/d/1L2_NFuQyQiJyaNijosQ784Cwa_TIht9q/view?usp=drivesdk","drive.google.com","아니오","정상"
"獣","이미지 1","https://drive.google.com/file/d/1f-xE-BOddIgL7wTJb-g2BYFb8gyfADJj/view?usp=drive_link","drive.google.com","아니오","정상"
"獣","획순 이미지","https://drive.google.com/file/d/1OkVmnzf_re7rpQ9AZ2nGecKgAzEuDpjf/view?usp=drivesdk","drive.google.com","아니오","정상"
"寿","이미지 1","https://drive.google.com/file/d/1jTD5NRI3DYfyl1gcch2V5yG2t72GE6Jq/view?usp=drive_link","drive.google.com","아니오","정상"
"寿","획순 이미지","https://drive.google.com/file/d/1z2N5Du7I8h1BcnXKLLnKwQETpuQpT-NZ/view?usp=drivesdk","drive.google.com","아니오","정상"
"粋","이미지 1","https://drive.google.com/file/d/1Z-6m3ji5h4QmfKexZN1Km0R0NW3IWw9s/view?usp=drive_link","drive.google.com","아니오","정상"
"粋","획순 이미지","https://drive.google.com/file/d/1GpugxvJmiZI85RaDdYwX1jk04RzOaoe4/view?usp=drivesdk","drive.google.com","아니오","정상"
"殊","이미지 1","https://drive.google.com/file/d/1z1Sc06SIdz0OYAI_2eMaaVul5WWlf1TJ/view?usp=drive_link","drive.google.com","아니오","정상"
"殊","획순 이미지","https://drive.google.com/file/d/1Myk7zunlrt8j9PKbN_zZ1WLY7tJ_XQQ2/view?usp=drivesdk","drive.google.com","아니오","정상"
"遂","이미지 1","https://drive.google.com/file/d/1O8tjBUTck3rACfDNv1W0v_zUdpTfE6Eu/view?usp=drive_link","drive.google.com","아니오","정상"
"遂","획순 이미지","https://drive.google.com/file/d/119T4lXQi2Y2nUX6VK1Kz8Qsbqnyn3diy/view?usp=drivesdk","drive.google.com","아니오","정상"
"随","이미지 1","https://drive.google.com/file/d/1de-AK0KoFrADa_VE7En763AU648a8K9D/view?usp=drive_link","drive.google.com","아니오","정상"
"随","획순 이미지","https://drive.google.com/file/d/1r1zR7zk08IE6Z9eUzd1vVYNMMGiyO1J3/view?usp=drivesdk","drive.google.com","아니오","정상"
"穂","이미지 1","https://drive.google.com/file/d/1zZezUa_M_Q_SGDYy4hIy-OmJlIxXLHXu/view?usp=drive_link","drive.google.com","아니오","정상"
"穂","획순 이미지","https://drive.google.com/file/d/1LB-kEF20loVcXlWL5UsFOGxrvju2jshn/view?usp=drivesdk","drive.google.com","아니오","정상"
"髄","이미지 1","https://drive.google.com/file/d/136TZPQ7oltbX0TinORRPyT1RDDfjk22E/view?usp=drive_link","drive.google.com","아니오","정상"
"髄","획순 이미지","https://drive.google.com/file/d/1NO_4FyEvm9PaOeyB6Kpu039hcSn-2LTT/view?usp=drivesdk","drive.google.com","아니오","정상"
"囚","이미지 1","https://drive.google.com/file/d/1QVXIpOTroKFUQDZtKnZhH4KhFr7DjGLa/view?usp=drive_link","drive.google.com","아니오","정상"
"囚","획순 이미지","https://drive.google.com/file/d/1kgHsd07vzqqGGdoXdhgZa-cr_Ma05Rzz/view?usp=drivesdk","drive.google.com","아니오","정상"
"帥","이미지 1","https://drive.google.com/file/d/1p6k9itM6_g-ykYAU9jYq-Ep4HEg2rJQM/view?usp=drive_link","drive.google.com","아니오","정상"
"帥","획순 이미지","https://drive.google.com/file/d/1iii-cDNvnH0jUZ1BiB7pvYA4Alhwsnii/view?usp=drivesdk","drive.google.com","아니오","정상"
"捜","이미지 1","https://drive.google.com/file/d/1Cr_EknIPEYnECqPdoN7oFa1m95_ccENU/view?usp=drive_link","drive.google.com","아니오","정상"
"捜","획순 이미지","https://drive.google.com/file/d/16lvDifUPdNj0q-ps3JTe6dELKBh8qFLF/view?usp=drivesdk","drive.google.com","아니오","정상"
"愁","이미지 1","https://drive.google.com/file/d/1qqOkMUs_Ys6ivxahmvdoy3FiJqpx93Gn/view?usp=drive_link","drive.google.com","아니오","정상"
"愁","획순 이미지","https://drive.google.com/file/d/1pfgG3rbUUnGhDvPGIH_q8h1B3LCUMqOe/view?usp=drivesdk","drive.google.com","아니오","정상"
"睡","이미지 1","https://drive.google.com/file/d/1QEPbNhF-kmwnILvQ-IbpAPA1pXR3yQir/view?usp=drive_link","drive.google.com","아니오","정상"
"睡","획순 이미지","https://drive.google.com/file/d/1TtMAiWGBHRewnKbNy4k9_jkigsukUf5v/view?usp=drivesdk","drive.google.com","아니오","정상"
"酬","이미지 1","https://drive.google.com/file/d/1Q9Uc9q8l2Vi_BLxhxKpGAeCJokIaTf3w/view?usp=drive_link","drive.google.com","아니오","정상"
"酬","획순 이미지","https://drive.google.com/file/d/1iDutIciBqVZjkOdUMWWDtdpQRmyqjAFp/view?usp=drivesdk","drive.google.com","아니오","정상"
"袖","이미지 1","https://drive.google.com/file/d/1uK8NBnZeRjM28_wnwFjnHe1mi-eYgUhx/view?usp=drive_link","drive.google.com","아니오","정상"
"袖","획순 이미지","https://drive.google.com/file/d/1j6awLwnvxsT26A0CrnKBGMZh7tK69PAY/view?usp=drivesdk","drive.google.com","아니오","정상"
"羞","이미지 1","https://drive.google.com/file/d/1B7IhI6MdQETTIbUyGHJQwzgTolapbUVp/view?usp=drive_link","drive.google.com","아니오","정상"
"羞","획순 이미지","https://drive.google.com/file/d/1yzWqSfR_84XpP8bTTj1iaQusWbxrd3Fi/view?usp=drivesdk","drive.google.com","아니오","정상"
"痩","이미지 1","https://drive.google.com/file/d/1d0tEjyBnfIv7Gof8KnHRWvr2DKxKoUFR/view?usp=drive_link","drive.google.com","아니오","정상"
"痩","획순 이미지","https://drive.google.com/file/d/1E4keEEBrirJYNQ_O1rYpHpUGaOIPCDSf/view?usp=drivesdk","drive.google.com","아니오","정상"
"須","이미지 1","https://drive.google.com/file/d/1nFcS0JG_pEuba0HJrNslPrO1rTsRrT3U/view?usp=drive_link","drive.google.com","아니오","정상"
"須","획순 이미지","https://drive.google.com/file/d/1f40nIBDkbB5DBWGJM3p5hKFlScOcSjxY/view?usp=drivesdk","drive.google.com","아니오","정상"
"誰","이미지 1","https://drive.google.com/file/d/1eKtt7TXlu6KqzODbeKiwHcvYe-I_Noer/view?usp=drive_link","drive.google.com","아니오","정상"
"誰","획순 이미지","https://drive.google.com/file/d/1SGXCY2J--UDYq-iPt8L99n3Rjt0aNC24/view?usp=drivesdk","drive.google.com","아니오","정상"
"叔","이미지 1","https://drive.google.com/file/d/1TCmHVZbQrGOOtdnzGFSEJ1Of0Xcc_0o9/view?usp=drive_link","drive.google.com","아니오","정상"
"叔","획순 이미지","https://drive.google.com/file/d/12h_5lVT7AeQVmcbWpn9Wkpb7YkQfFiPM/view?usp=drivesdk","drive.google.com","아니오","정상"
"粛","이미지 1","https://drive.google.com/file/d/12I4mVdvG93IjaqUTNQ3Ite99AfjbRpFl/view?usp=drive_link","drive.google.com","아니오","정상"
"粛","획순 이미지","https://drive.google.com/file/d/1iPrm5bTpMxA7KBx9XTHpmeXjtGLgVz3e/view?usp=drivesdk","drive.google.com","아니오","정상"
"淑","이미지 1","https://drive.google.com/file/d/1h3gcFHFXagU2mcHBs9PFh4bAqhfq_csS/view?usp=drive_link","drive.google.com","아니오","정상"
"淑","획순 이미지","https://drive.google.com/file/d/1BE2r3c29LdqnCz7ofp-09vy-y_ldfh0-/view?usp=drivesdk","drive.google.com","아니오","정상"
"塾","이미지 1","https://drive.google.com/file/d/1tpek2wElvwiVW_Fa5E03LW0nUhEHgxHE/view?usp=drive_link","drive.google.com","아니오","정상"
"塾","획순 이미지","https://drive.google.com/file/d/1Jp-1HQTbrJZodlXa2RHFTV_aBIB6eN_h/view?usp=drivesdk","drive.google.com","아니오","정상"
"旬","이미지 1","https://drive.google.com/file/d/1Qx_Pd774PkxsrLP30YG-j5mBeDNH2gxn/view?usp=drive_link","drive.google.com","아니오","정상"
"旬","획순 이미지","https://drive.google.com/file/d/1zDS0f-wfKZ6rvXu4Uz2dIPqF2dxUw2P_/view?usp=drivesdk","drive.google.com","아니오","정상"
"巡","이미지 1","https://drive.google.com/file/d/1dyI-bGHiTyigGSpkaXTnGjwnmf-X__Ti/view?usp=drive_link","drive.google.com","아니오","정상"
"巡","획순 이미지","https://drive.google.com/file/d/1KrKSl8LAwNgvDthyyj0ODwvOaUTe2ylY/view?usp=drivesdk","drive.google.com","아니오","정상"
"盾","이미지 1","https://drive.google.com/file/d/1FXa9oaBZBbO2LoMcRCcTNVvaWHub-ml0/view?usp=drive_link","drive.google.com","아니오","정상"
"盾","획순 이미지","https://drive.google.com/file/d/1IpY2z5C2n3dpNktOkMK44c6B1sdS1cMX/view?usp=drivesdk","drive.google.com","아니오","정상"
"瞬","이미지 1","https://drive.google.com/file/d/1b4wcpFepTLav57fC00vqohEYIF1LRuMC/view?usp=drive_link","drive.google.com","아니오","정상"
"瞬","획순 이미지","https://drive.google.com/file/d/1XOwulZAx6M0w02DwM53s3mCDFrGIJ8MM/view?usp=drivesdk","drive.google.com","아니오","정상"
"唇","이미지 1","https://drive.google.com/file/d/1FanooTYS9pGmQ_cEYqHeXcNLJM92FplZ/view?usp=drive_link","drive.google.com","아니오","정상"
"唇","획순 이미지","https://drive.google.com/file/d/1Qd6ecnx4yROZvpF9oI9IRiw9ICsEKMgq/view?usp=drivesdk","drive.google.com","아니오","정상"
"殉","이미지 1","https://drive.google.com/file/d/1FHFXHuMnl-AClfEH5AaPDSVo_wPAN5K1/view?usp=drive_link","drive.google.com","아니오","정상"
"殉","획순 이미지","https://drive.google.com/file/d/1ABsN7GlAwpbiExWQMnnG45cobQvM7qQp/view?usp=drivesdk","drive.google.com","아니오","정상"
"循","이미지 1","https://drive.google.com/file/d/1sjsC_92MBbmOE78hBK6KtEPKBjz_fUW7/view?usp=drive_link","drive.google.com","아니오","정상"
"循","획순 이미지","https://drive.google.com/file/d/1ciZlwJQBtb92KrvIF5q5i1-8clFCBCVR/view?usp=drivesdk","drive.google.com","아니오","정상"
"崇","이미지 1","https://drive.google.com/file/d/1vt-a_ZT_LfMI10iG3b-4rNceb949QdEs/view?usp=drive_link","drive.google.com","아니오","정상"
"崇","획순 이미지","https://drive.google.com/file/d/1wfhsDwGA1cj7fTiFnW3i6LDF4XcsisQ0/view?usp=drivesdk","drive.google.com","아니오","정상"
"膝","이미지 1","https://drive.google.com/file/d/1l_Q6Fq2DAVKVfzShAGCEM0m-ATH0UiTX/view?usp=drive_link","drive.google.com","아니오","정상"
"膝","획순 이미지","https://drive.google.com/file/d/1F1pmsnxksdK-vclDLcFq9ZZQbiCEY_O2/view?usp=drivesdk","drive.google.com","아니오","정상"
"襲","이미지 1","https://drive.google.com/file/d/1q8fX0xWILaSGLbtKwfWpzZ0ZyIcbLNpq/view?usp=drive_link","drive.google.com","아니오","정상"
"襲","획순 이미지","https://drive.google.com/file/d/14spHBLO93TgrCgG4lIehjc_Arjl0XIdu/view?usp=drivesdk","drive.google.com","아니오","정상"
"湿","이미지 1","https://drive.google.com/file/d/1yFjoZnRvv1VVsdqaVzDYREXP1zQ5Igrt/view?usp=drive_link","drive.google.com","아니오","정상"
"湿","획순 이미지","https://drive.google.com/file/d/1oHgDqJJSBg3iYRadawkq4xbyP2hfzHPV/view?usp=drivesdk","drive.google.com","아니오","정상"
"僧","이미지 1","https://drive.google.com/file/d/1oUBiAG4t3wgTYBExprtLp7Hf5l6-3hNv/view?usp=drive_link","drive.google.com","아니오","정상"
"僧","획순 이미지","https://drive.google.com/file/d/1j2dqj8a4xMPDLynrzfDyjEbNN3_fjsG9/view?usp=drivesdk","drive.google.com","아니오","정상"
"昇","이미지 1","https://drive.google.com/file/d/18m12NZZSMO6BNZI6MShiRgH2qUWClckk/view?usp=drive_link","drive.google.com","아니오","정상"
"昇","획순 이미지","https://drive.google.com/file/d/12Gb7-U7Z8jxrY7nA-jVNfQ00oENSWycG/view?usp=drivesdk","drive.google.com","아니오","정상"
"升","이미지 1","https://drive.google.com/file/d/1Lx6oyugyO1RbF_XXfRpYZAb_UpUFK9IY/view?usp=drive_link","drive.google.com","아니오","정상"
"升","획순 이미지","https://drive.google.com/file/d/1lAnphSFJED2ERcSaxw0HgLDBh4KbtAfF/view?usp=drivesdk","drive.google.com","아니오","정상"
"是","이미지 1","https://drive.google.com/file/d/1UZAW1U9M9hGsO7WNwUI8i8mVkW8FCWOy/view?usp=drive_link","drive.google.com","아니오","정상"
"是","획순 이미지","https://drive.google.com/file/d/1tzTaEqQo2CsIUOK7jJBh8qqa1xLkjC-6/view?usp=drivesdk","drive.google.com","아니오","정상"
"侍","이미지 1","https://drive.google.com/file/d/1ALPJHC7PiQ9xBSM_x4Aq6B_T8k3KMH-K/view?usp=drive_link","drive.google.com","아니오","정상"
"侍","획순 이미지","https://drive.google.com/file/d/1TuEVGFachKt8yERhEm_2m-z-BcAA3VVY/view?usp=drivesdk","drive.google.com","아니오","정상"
"施","이미지 1","https://drive.google.com/file/d/1M2kEPmvO_za1nKadVhT7WC3V-qSwMeNI/view?usp=drive_link","drive.google.com","아니오","정상"
"施","획순 이미지","https://drive.google.com/file/d/1cBH0aoXAYIbGmHPR9ha-roJz9OZhR1O8/view?usp=drivesdk","drive.google.com","아니오","정상"
"柿","이미지 1","https://drive.google.com/file/d/1F-iSuukqA8uKJw9-le0TxGX2nrdhudUT/view?usp=drive_link","drive.google.com","아니오","정상"
"柿","획순 이미지","https://drive.google.com/file/d/1SnTBaIWaZ8rv2fZtZqcqyrYdLQBeZUNL/view?usp=drivesdk","drive.google.com","아니오","정상"
"殖","이미지 1","https://drive.google.com/file/d/1TfFCFvtSyXXsChIfNyI_or2-1Q2YePtd/view?usp=drive_link","drive.google.com","아니오","정상"
"殖","획순 이미지","https://drive.google.com/file/d/1qnQAiw2dRZ75a9AsZ7PUPd5epzozfYDl/view?usp=drivesdk","drive.google.com","아니오","정상"
"飾","이미지 1","https://drive.google.com/file/d/1px1MWEN7eKZPO-vwO8UckWybq66VZpRL/view?usp=drive_link","drive.google.com","아니오","정상"
"飾","획순 이미지","https://drive.google.com/file/d/1j8JtJFau5-7q5J7WvfIC0zYqHYYoxJZW/view?usp=drivesdk","drive.google.com","아니오","정상"
"拭","이미지 1","https://drive.google.com/file/d/1SBD0wrdOJjS3UBCXkeBXrCk2mn9Ac-Ec/view?usp=drive_link","drive.google.com","아니오","정상"
"拭","획순 이미지","https://drive.google.com/file/d/1351QEy3ZwZnmzTQ2MIN9AEr64EvfVvZJ/view?usp=drivesdk","drive.google.com","아니오","정상"
"慎","이미지 1","https://drive.google.com/file/d/1Kpc1DSq6uHoZk9nyUa9Q-pJ6uL48c6GX/view?usp=drive_link","drive.google.com","아니오","정상"
"慎","획순 이미지","https://drive.google.com/file/d/12fwswhRnrcyjXHbMZ-eaWPE9Jej12fu_/view?usp=drivesdk","drive.google.com","아니오","정상"
"薪","이미지 1","https://drive.google.com/file/d/1oKWDjOMPZuK7GCgG5RqSGX3q_Ew8hvCm/view?usp=drive_link","drive.google.com","아니오","정상"
"薪","획순 이미지","https://drive.google.com/file/d/18qLXOv-TsGQQfm_SoXCWIlqB6VRMWrKB/view?usp=drivesdk","drive.google.com","아니오","정상"
"伸","이미지 1","https://drive.google.com/file/d/1L5jozH_OTRbR3sYWZ0HWCfXTHhQwmc8L/view?usp=drive_link","drive.google.com","아니오","정상"
"伸","획순 이미지","https://drive.google.com/file/d/1s2CBqRiOT9YJy6OKCkBuZ3Tokwt_ojk-/view?usp=drivesdk","drive.google.com","아니오","정상"
"辛","이미지 1","https://drive.google.com/file/d/1DlqhLjzHDIUsT141vxpr2NFgFRiU5LBB/view?usp=share_link","drive.google.com","아니오","정상"
"辛","획순 이미지","https://drive.google.com/file/d/1dJhTBrJTFAPJ_1c7Z-9pa1yefxpugU50/view?usp=drivesdk","drive.google.com","아니오","정상"
"迅","이미지 1","https://drive.google.com/file/d/1sn3PbRHHttM5w7AvambO-rvEp74mjUgA/view?usp=share_link","drive.google.com","아니오","정상"
"迅","획순 이미지","https://drive.google.com/file/d/1DmQ-FYFPlRRu5Am6lbn_OF-t9i6do89n/view?usp=drivesdk","drive.google.com","아니오","정상"
"娠","이미지 1","https://drive.google.com/file/d/1kYHDgPnm8rGccgXxTrVFdsadpZwWda7R/view?usp=drive_link","drive.google.com","아니오","정상"
"娠","획순 이미지","https://drive.google.com/file/d/1ol49bza6jM11JdVJvwmbNTWjn_FytTA4/view?usp=drivesdk","drive.google.com","아니오","정상"
"紳","이미지 1","https://drive.google.com/file/d/1_6B2P7nC1J-07Wvw1V548X1m-tz32nTa/view?usp=drive_link","drive.google.com","아니오","정상"
"紳","획순 이미지","https://drive.google.com/file/d/19C3bnpK2XZSG5DEAvjwtXMgWXgZ4zVbj/view?usp=drivesdk","drive.google.com","아니오","정상"
"腎","이미지 1","https://drive.google.com/file/d/1ej_HPyxs88eTyx5HBEBk-T_eNQKMy6hS/view?usp=drive_link","drive.google.com","아니오","정상"
"腎","획순 이미지","https://drive.google.com/file/d/1yXyFj_Pue1l2d5Hs3ru9SViAV3VwpbsY/view?usp=drivesdk","drive.google.com","아니오","정상"
"尋","이미지 1","https://drive.google.com/file/d/1RvUHB_nXx-UJ6bNBDkBn8Zi4viELDyic/view?usp=drive_link","drive.google.com","아니오","정상"
"尋","획순 이미지","https://drive.google.com/file/d/1C6vsI1jsK16zaFZMOsb2-ffAPF5Rjjqw/view?usp=drivesdk","drive.google.com","아니오","정상"
"審","이미지 1","https://drive.google.com/file/d/1y1xWKFAR09js-bYYe6Zh6tVO8IpNrgVq/view?usp=drive_link","drive.google.com","아니오","정상"
"審","획순 이미지","https://drive.google.com/file/d/1HZipdqzhEbxQEboK6Meu6wKJCzvd53Y0/view?usp=drivesdk","drive.google.com","아니오","정상"
"甚","이미지 1","https://drive.google.com/file/d/15D2JkiE7SZEVxdiIA-kcE459Ki9f5Xhw/view?usp=drive_link","drive.google.com","아니오","정상"
"甚","획순 이미지","https://drive.google.com/file/d/1_KyHI7lgeY1JWSkBEedC_G6IwPQfTt8D/view?usp=drivesdk","drive.google.com","아니오","정상"
"芯","이미지 1","https://drive.google.com/file/d/1KM4MFFDzxQEFIxByYWkSXZ7mtTh0anaZ/view?usp=drive_link","drive.google.com","아니오","정상"
"芯","획순 이미지","https://drive.google.com/file/d/1ZZoouUeljUEm7gF2hNdYORAX3XT9JFyN/view?usp=drivesdk","drive.google.com","아니오","정상"
"双","이미지 1","https://drive.google.com/file/d/1K_aEYRQVhuKKlJ-zGIVQFqYkvPnpmWth/view?usp=drive_link","drive.google.com","아니오","정상"
"双","획순 이미지","https://drive.google.com/file/d/1wfy-gYFncsj19OwcnrFNpMHkx4v24ZXy/view?usp=drivesdk","drive.google.com","아니오","정상"
"雅","이미지 1","https://drive.google.com/file/d/1dwakO5oxedJXlGQl2IoBMpZThcHDZ3mY/view?usp=drive_link","drive.google.com","아니오","정상"
"雅","획순 이미지","https://drive.google.com/file/d/1uSWgKC_FQ-p3ml5YCGj2w2gd3dzBreKL/view?usp=drivesdk","drive.google.com","아니오","정상"
"餓","이미지 1","https://drive.google.com/file/d/19Bm1-inrRQwwdINviONujFvQlnIQfH59/view?usp=drive_link","drive.google.com","아니오","정상"
"餓","획순 이미지","https://drive.google.com/file/d/1fTKoAM0VKK2VvHLsyQMaE3bWzHNxfNIj/view?usp=drivesdk","drive.google.com","아니오","정상"
"亜","이미지 1","https://drive.google.com/file/d/1pza-hYy2YnFtZ5cKGP3Ql_6Owkfi-cEB/view?usp=drive_link","drive.google.com","아니오","정상"
"亜","획순 이미지","https://drive.google.com/file/d/13eqI-VsFRQ_LYIyB2C6OTX1Blfp_77CU/view?usp=drivesdk","drive.google.com","아니오","정상"
"牙","이미지 1","https://drive.google.com/file/d/1M2RvwkyoIzMBQUHUd8j5bz1z_Tk5uRq6/view?usp=drive_link","drive.google.com","아니오","정상"
"牙","획순 이미지","https://drive.google.com/file/d/1ksLn7FYceBp37s-K05gTkm7sHvpBdq8N/view?usp=drivesdk","drive.google.com","아니오","정상"
"握","이미지 1","https://drive.google.com/file/d/1l5XOrMbcpji3Hkde6deIkbdFXaJj7cxe/view?usp=drive_link","drive.google.com","아니오","정상"
"握","획순 이미지","https://drive.google.com/file/d/1hCJG6S_kQZThVCzIjvzz7wVtVb4Y9CBv/view?usp=drivesdk","drive.google.com","아니오","정상"
"岳","이미지 1","https://drive.google.com/file/d/1mH_uypo13o_y4UDOOvF4s0Qn4HN7Np5i/view?usp=sharing","drive.google.com","아니오","정상"
"岳","획순 이미지","https://drive.google.com/file/d/1v7CoJPaYhcWoQ-MEAai5ngdfqfHZdPQI/view?usp=drivesdk","drive.google.com","아니오","정상"
"顎","이미지 1","https://drive.google.com/file/d/1HAtYOsubLYeMTGb8zPzxwndcYFdTvKvC/view?usp=drive_link","drive.google.com","아니오","정상"
"顎","획순 이미지","https://drive.google.com/file/d/1EgtrP8mLUWW3jrzJUORUBjt9qg3uubhZ/view?usp=drivesdk","drive.google.com","아니오","정상"
"謁","이미지 1","https://drive.google.com/file/d/1EiNJsZ9ibye_e86eOFL2r6FE0QXJ0A7e/view?usp=drive_link","drive.google.com","아니오","정상"
"謁","획순 이미지","https://drive.google.com/file/d/1gw3fzj_usAGPGP8sLPuTGrI6VCgaBOLv/view?usp=drivesdk","drive.google.com","아니오","정상"
"闇","이미지 1","https://drive.google.com/file/d/1JO3DKZnCc_ZYEkvDcHbCOM_Q7aU6X11I/view?usp=drive_link","drive.google.com","아니오","정상"
"闇","획순 이미지","https://drive.google.com/file/d/16uOtc6SnkMHhuMlu4Gmtxql44NKiqHgN/view?usp=drivesdk","drive.google.com","아니오","정상"
"押","이미지 1","https://drive.google.com/file/d/1QmEBAfd1iSQYEn-jLcVK3iJ1Jb1mnat8/view?usp=drive_link","drive.google.com","아니오","정상"
"押","획순 이미지","https://drive.google.com/file/d/1Qg8BrqlAvNWBuxuS-EggaYw6MBaP3OPT/view?usp=drivesdk","drive.google.com","아니오","정상"
"仰","이미지 1","https://drive.google.com/file/d/1wn2vNRs4RPNamziBMjIywdUqRt3EwBx7/view?usp=drive_link","drive.google.com","아니오","정상"
"仰","획순 이미지","https://drive.google.com/file/d/1zOLjWyFoUrr0j1_Uu5UQYowqWGF8F1X1/view?usp=drivesdk","drive.google.com","아니오","정상"
"哀","이미지 1","https://drive.google.com/file/d/1CWirLSDnLyfm7IEdSE-LqmVoFrWgwZDh/view?usp=drive_link","drive.google.com","아니오","정상"
"哀","획순 이미지","https://drive.google.com/file/d/1rA8t-o0Y1CfgWg8mIFtcKBNcZRCMTBq_/view?usp=drivesdk","drive.google.com","아니오","정상"
"涯","이미지 1","https://drive.google.com/file/d/1J8flYO_pB8aFDVgoCltn76jmiPBR4ZYX/view?usp=drive_link","drive.google.com","아니오","정상"
"涯","획순 이미지","https://drive.google.com/file/d/1CChKvS8ROAirrvI3aQRgs_PLqD8ZinI5/view?usp=drivesdk","drive.google.com","아니오","정상"
"挨","이미지 1","https://drive.google.com/file/d/1FgY5AK46IUakFu5t44s49yu06XeVXFUV/view?usp=drive_link","drive.google.com","아니오","정상"
"挨","획순 이미지","https://drive.google.com/file/d/1U8-UMMQYpVlJVgyWRJeX6kpol7kuzYB8/view?usp=drivesdk","drive.google.com","아니오","정상"
"崖","이미지 1","https://drive.google.com/file/d/1h0Gk-tSexXl7CrL6CekqGP_DAdJSijn-/view?usp=drive_link","drive.google.com","아니오","정상"
"崖","획순 이미지","https://drive.google.com/file/d/1iYJTAUrFS65o8l_5t6iOO1MYilBkOKo1/view?usp=drivesdk","drive.google.com","아니오","정상"
"曖","이미지 1","https://drive.google.com/file/d/1tRTxFJNEdAzFLvwdjqfo_Wznayqgxb9_/view?usp=drive_link","drive.google.com","아니오","정상"
"曖","획순 이미지","https://drive.google.com/file/d/1pi9YJwZw3NAucU62P6FvdRYJNMevmQrf/view?usp=drivesdk","drive.google.com","아니오","정상"
"厄","이미지 1","https://drive.google.com/file/d/1Opi2mv9YQFzVJ47TOn7tQXYSnvN2FMUu/view?usp=drive_link","drive.google.com","아니오","정상"
"厄","획순 이미지","https://drive.google.com/file/d/1CFjb4kXIcCzL0kUKmwWHYTKpV_p6w4N3/view?usp=drivesdk","drive.google.com","아니오","정상"
"冶","이미지 1","https://drive.google.com/file/d/1bNMHMEgkByU5cGUcNjLLeNWfX7jefud7/view?usp=drive_link","drive.google.com","아니오","정상"
"冶","획순 이미지","https://drive.google.com/file/d/1pDUCceGXMfhp5QYlEihecImKNUGp87t1/view?usp=drivesdk","drive.google.com","아니오","정상"
"躍","이미지 1","https://drive.google.com/file/d/1ZVXwC99skzCP7W_hRCjA8mHCH3gino8A/view?usp=drive_link","drive.google.com","아니오","정상"
"躍","획순 이미지","https://drive.google.com/file/d/1isbIXEDwrYgagsCOzYxXMLAbrmGUMapW/view?usp=drivesdk","drive.google.com","아니오","정상"
"揚","이미지 1","https://drive.google.com/file/d/1c_izem_niJyy-oB2b_I76FNBBvUqkBw3/view?usp=drive_link","drive.google.com","아니오","정상"
"揚","획순 이미지","https://drive.google.com/file/d/175wz5orZE0AJ1fT9r5qYCEqPzc6ltScH/view?usp=drivesdk","drive.google.com","아니오","정상"
"嬢","이미지 1","https://drive.google.com/file/d/1zJ_1sbIVchgw5s4rcKYRioQK6JPKnnRA/view?usp=drive_link","drive.google.com","아니오","정상"
"嬢","획순 이미지","https://drive.google.com/file/d/1IzZdtWnWVrMdZmDJqkHGTEOFrFKstXo0/view?usp=drivesdk","drive.google.com","아니오","정상"
"譲","이미지 1","https://drive.google.com/file/d/1AmmsmJGOMTshZcBrjfzZ2B2bcy5SqqmG/view?usp=drive_link","drive.google.com","아니오","정상"
"譲","획순 이미지","https://drive.google.com/file/d/1maBaNKpPklD4M1snQK6_pfk37HtkIzN-/view?usp=drivesdk","drive.google.com","아니오","정상"
"壌","이미지 1","https://drive.google.com/file/d/1DzebRbf-R3pticUuJZeY_UMw253LWlNN/view?usp=drive_link","drive.google.com","아니오","정상"
"壌","획순 이미지","https://drive.google.com/file/d/1kpBIi8ZVb9z9iiXkGzbJZquszNLb05z8/view?usp=drivesdk","drive.google.com","아니오","정상"
"醸","이미지 1","https://drive.google.com/file/d/1aUzb-xf8kHpRp2WBGbVVZreX2y8XCxdH/view?usp=drive_link","drive.google.com","아니오","정상"
"醸","획순 이미지","https://drive.google.com/file/d/1M5vcGtJin9ZSrLs42O0pCDh9MSMWnybg/view?usp=drivesdk","drive.google.com","아니오","정상"
"瘍","이미지 1","https://drive.google.com/file/d/16MWDwmsY8aj7LwPBDK5p5aV5gdbUtWQ9/view?usp=drive_link","drive.google.com","아니오","정상"
"瘍","획순 이미지","https://drive.google.com/file/d/1iAkn6JZcvWgXbJzEbQJay0-nASKYhP9z/view?usp=drivesdk","drive.google.com","아니오","정상"
"御","이미지 1","https://drive.google.com/file/d/1OhUUSjwPu0XkPAXzJkBm8RYSwhipeZsR/view?usp=drive_link","drive.google.com","아니오","정상"
"御","획순 이미지","https://drive.google.com/file/d/1Rs26EE01mIsbOUEICew5kYMdsVxscbk7/view?usp=drivesdk","drive.google.com","아니오","정상"
"憶","이미지 1","https://drive.google.com/file/d/1R_Sn1YPJfR9qyzfPF_dq5X85zGU2vS8C/view?usp=drive_link","drive.google.com","아니오","정상"
"憶","획순 이미지","https://drive.google.com/file/d/1N5dSnpXuCDZbLkCSPFPGRi_A9c2mKD4P/view?usp=drivesdk","drive.google.com","아니오","정상"
"抑","이미지 1","https://drive.google.com/file/d/1HIuYc3RVvt4iS2rPiwNKURhGz8W8i0mD/view?usp=drive_link","drive.google.com","아니오","정상"
"抑","획순 이미지","https://drive.google.com/file/d/1_XErWt9s4uaT9oCRGJFzA3Hj4gEqnHA9/view?usp=drivesdk","drive.google.com","아니오","정상"
"臆","이미지 1","https://drive.google.com/file/d/1mOQJrQlDXJCLcWXDjP4zB5e1J7GLNTN5/view?usp=drive_link","drive.google.com","아니오","정상"
"臆","획순 이미지","https://drive.google.com/file/d/1YXROyslG4VPu3enCmeI20dkL-04tXvxn/view?usp=drivesdk","drive.google.com","아니오","정상"
"俺","이미지 1","https://drive.google.com/file/d/1VLSOIe9nACtzvQonkzUoDhyYqsSEl-d2/view?usp=drive_link","drive.google.com","아니오","정상"
"俺","획순 이미지","https://drive.google.com/file/d/1mdskZMhAY1NJ9W7bKVspzg2-OzTaxNQa/view?usp=drivesdk","drive.google.com","아니오","정상"
"与","이미지 1","https://drive.google.com/file/d/1QfBgJOIs1CzKn9ELBkFNqECjIZjJyIm4/view?usp=drive_link","drive.google.com","아니오","정상"
"与","획순 이미지","https://drive.google.com/file/d/11kVyfieq5M7COshu8g5ANei1hp6pv0jD/view?usp=drivesdk","drive.google.com","아니오","정상"
"如","이미지 1","https://drive.google.com/file/d/1r9CB0z0RAzoaUc-9BTX15Y-Ic-ZJ4eWx/view?usp=drive_link","drive.google.com","아니오","정상"
"如","획순 이미지","https://drive.google.com/file/d/1hGN5KL9ZOGzmLXUCW5aMdxGQxo9Kg38H/view?usp=drivesdk","drive.google.com","아니오","정상"
"疫","이미지 1","https://drive.google.com/file/d/1MUaXYmvmz-0Fp2OHndR7A0AIbxKMx_pj/view?usp=drive_link","drive.google.com","아니오","정상"
"疫","획순 이미지","https://drive.google.com/file/d/12I0uHp28TPe-79SXx7ztLG-S67X8MZhe/view?usp=drivesdk","drive.google.com","아니오","정상"
"鉛","이미지 1","https://drive.google.com/file/d/1n-lCiLsuWUE-_0khBob3HNO_REzwtXGv/view?usp=drive_link","drive.google.com","아니오","정상"
"鉛","획순 이미지","https://drive.google.com/file/d/15A3DYO9EpfYOMQ9cD8NWFBkQ0nDY6DiH/view?usp=drivesdk","drive.google.com","아니오","정상"
"煙","이미지 1","https://drive.google.com/file/d/1V8gtmEuiJa8Z7ryjM5uQ_ti7T8voXiU1/view?usp=drive_link","drive.google.com","아니오","정상"
"煙","획순 이미지","https://drive.google.com/file/d/17iwlWInSaXDCF4QP0URZdIKgzaNDfBRL/view?usp=drivesdk","drive.google.com","아니오","정상"
"縁","이미지 1","https://drive.google.com/file/d/16ymfFW7b95uL_oXZUb6u3Nzp3wvEG5yZ/view?usp=drive_link","drive.google.com","아니오","정상"
"縁","획순 이미지","https://drive.google.com/file/d/1KB4RlNsjJHkKLnuT1hXtwKl4MY_xcF9t/view?usp=drivesdk","drive.google.com","아니오","정상"
"宴","이미지 1","https://drive.google.com/file/d/1CtzASdR-bPOPHUr9z4OtIMolDEo-BHxd/view?usp=drive_link","drive.google.com","아니오","정상"
"宴","획순 이미지","https://drive.google.com/file/d/1C10J16e2kov3DXs3CznE4dxDU0C0OsDE/view?usp=drivesdk","drive.google.com","아니오","정상"
"軟","이미지 1","https://drive.google.com/file/d/1YUUnikGsjbRc_f-m3ED_fpfwYZ67i1Wn/view?usp=drive_link","drive.google.com","아니오","정상"
"軟","획순 이미지","https://drive.google.com/file/d/1TPgKLqTQCJUKxH6ZOpiV_60Bfa2hTvN4/view?usp=drivesdk","drive.google.com","아니오","정상"
"悦","이미지 1","https://drive.google.com/file/d/1tMVOA720_qilp1LfW6vNIP8lf9mUUrsS/view?usp=drive_link","drive.google.com","아니오","정상"
"悦","획순 이미지","https://drive.google.com/file/d/1P-2oELckiuAuwaG2vwjH4PbaYaHXB-w_/view?usp=drivesdk","drive.google.com","아니오","정상"
"閲","이미지 1","https://drive.google.com/file/d/1_BtvYWS8UtNPkuXrh8uejZzLgaLVIFes/view?usp=drive_link","drive.google.com","아니오","정상"
"閲","획순 이미지","https://drive.google.com/file/d/1XA_2U6b0asz0Rpeq3KraC2p-jMNj9Gp1/view?usp=drivesdk","drive.google.com","아니오","정상"
"炎","이미지 1","https://drive.google.com/file/d/19ufZTZp9NmLfQj4m7sihoxOGK5pyxX1A/view?usp=drive_link","drive.google.com","아니오","정상"
"炎","획순 이미지","https://drive.google.com/file/d/1vlL43WdYjTDs3ecvY-YGo-Bwuc4MCqHh/view?usp=drivesdk","drive.google.com","아니오","정상"
"艶","이미지 1","https://drive.google.com/file/d/1uzBWvBjJxKTkCWX4YPsdpniQebXLoRFQ/view?usp=drive_link","drive.google.com","아니오","정상"
"艶","획순 이미지","https://drive.google.com/file/d/1WNwWPQ1hfddZXSAwwpBSxthIHbETSZgh/view?usp=drivesdk","drive.google.com","아니오","정상"
"迎","이미지 1","https://drive.google.com/file/d/1HKxU7N4rOTZn1U9oJ_HdloReqeWm2N53/view?usp=drive_link","drive.google.com","아니오","정상"
"迎","획순 이미지","https://drive.google.com/file/d/1AiErgI0Vbf95t0yZ6oeLweftsRL63pTl/view?usp=drivesdk","drive.google.com","아니오","정상"
"影","이미지 1","https://drive.google.com/file/d/1eWq6UsgR8BTx7ZXjE9vtI0v3ZcxPBMod/view?usp=drive_link","drive.google.com","아니오","정상"
"影","획순 이미지","https://drive.google.com/file/d/1GVEFXwumTftgq9DMH3ZKSzWCKo1vKJWn/view?usp=drivesdk","drive.google.com","아니오","정상"
"詠","이미지 1","https://drive.google.com/file/d/1xh1pFe3f3UNj5Slj9dJJbgidANOO0Ig-/view?usp=drive_link","drive.google.com","아니오","정상"
"詠","획순 이미지","https://drive.google.com/file/d/1a9d011wkMjYGr8IWaQ0S22TYtEydxdr1/view?usp=drivesdk","drive.google.com","아니오","정상"
"刈","이미지 1","https://drive.google.com/file/d/1G8irD5beZ9WG7YQdX-fliVuOziQV7PCc/view?usp=drive_link","drive.google.com","아니오","정상"
"刈","획순 이미지","https://drive.google.com/file/d/1GH7lgucByaYapy-A5OwPC4NwFV1p7_p7/view?usp=drivesdk","drive.google.com","아니오","정상"
"誉","이미지 1","https://drive.google.com/file/d/1XIXzZDEjVLdJ5_Q7h2rB_Tnhsnnd1t4j/view?usp=drive_link","drive.google.com","아니오","정상"
"誉","획순 이미지","https://drive.google.com/file/d/1z20vyuuaJP3rbIqLAudwk7P_9ZUk_Tux/view?usp=drivesdk","drive.google.com","아니오","정상"
"鋭","이미지 1","https://drive.google.com/file/d/1B0H4St8YZJ9GH-B84BcCOERipBojv_od/view?usp=drive_link","drive.google.com","아니오","정상"
"鋭","획순 이미지","https://drive.google.com/file/d/1Yug9dswJ24_LUo9Y5wIQPVgi6FenMgkk/view?usp=drivesdk","drive.google.com","아니오","정상"
"詣","이미지 1","https://drive.google.com/file/d/1AwoSibGeOttM6rrURcA1QY4AlAqUxbQT/view?usp=drive_link","drive.google.com","아니오","정상"
"詣","획순 이미지","https://drive.google.com/file/d/1lC0JLXDB-YAqvle8sl5E7yA5q81_4zfY/view?usp=drivesdk","drive.google.com","아니오","정상"
"汚","이미지 1","https://drive.google.com/file/d/1TE8gYfeG1lBYmr6GZX7cWmfagpRq6jhV/view?usp=drive_link","drive.google.com","아니오","정상"
"汚","획순 이미지","https://drive.google.com/file/d/1gs70BZvMDH7uNkH7kLI4LtdLUafNvKVg/view?usp=drivesdk","drive.google.com","아니오","정상"
"奥","이미지 1","https://drive.google.com/file/d/1HEC_qcWTpZmyx9MrpzOkfT9zKde7AnYI/view?usp=drive_link","drive.google.com","아니오","정상"
"奥","획순 이미지","https://drive.google.com/file/d/1n6ekkcyLKgyEgANtanAW6VZ5Yt9TnL-y/view?usp=drivesdk","drive.google.com","아니오","정상"
"娯","이미지 1","https://drive.google.com/file/d/1WHL8grEH1luGAyNENQyuLo2-cNQtd6eG/view?usp=drive_link","drive.google.com","아니오","정상"
"娯","획순 이미지","https://drive.google.com/file/d/1aFi11n1hZRBW2RdQNOz8GnpucRs4YzzW/view?usp=drivesdk","drive.google.com","아니오","정상"
"悟","이미지 1","https://drive.google.com/file/d/1RNibDKHClWcT3VypNl9LeAh0j8RFosxK/view?usp=drive_link","drive.google.com","아니오","정상"
"悟","획순 이미지","https://drive.google.com/file/d/1q1zTPx1GGBbm9Xh3Iqha0aKG7aS51ctR/view?usp=drivesdk","drive.google.com","아니오","정상"
"呉","이미지 1","https://drive.google.com/file/d/1_oZW2Iz6xphv_9hJ7CZx9f4dpeAxBq9O/view?usp=drive_link","drive.google.com","아니오","정상"
"呉","획순 이미지","https://drive.google.com/file/d/18eaqZQNfuCbErhY4cZrIr5ImAyrE6y66/view?usp=drivesdk","drive.google.com","아니오","정상"
"傲","이미지 1","https://drive.google.com/file/d/17_TNDZcTjtQI42W3jpEvfDAtDUSKo_Y0/view?usp=drive_link","drive.google.com","아니오","정상"
"傲","획순 이미지","https://drive.google.com/file/d/1tP9F2w3ndMSf9ikTWUEc74ksEwJqWy98/view?usp=drivesdk","drive.google.com","아니오","정상"
"獄","이미지 1","https://drive.google.com/file/d/1oAIkU1hjKmvrH3DhlAkCA3HZ4wVWDpUe/view?usp=drive_link","drive.google.com","아니오","정상"
"獄","획순 이미지","https://drive.google.com/file/d/1eZn2rffsfCbbICfQbzewfSibiBiXtzbc/view?usp=drivesdk","drive.google.com","아니오","정상"
"沃","이미지 1","https://drive.google.com/file/d/1HaRiu2Hri2bWPKLLdYRL80kRao5gyYlZ/view?usp=drive_link","drive.google.com","아니오","정상"
"沃","획순 이미지","https://drive.google.com/file/d/1BuU2UWbfn4fAsRqoOM28eS2j-1VYXDjK/view?usp=drivesdk","drive.google.com","아니오","정상"
"穏","이미지 1","https://drive.google.com/file/d/1Pul7aVQmXtLoq7Q92QF-7VYq3B0PiPvI/view?usp=drive_link","drive.google.com","아니오","정상"
"穏","획순 이미지","https://drive.google.com/file/d/1XK7lnB5NxnQcXd2ZcBQ0MvP0wqJsuEQl/view?usp=drivesdk","drive.google.com","아니오","정상"
"擁","이미지 1","https://drive.google.com/file/d/11fckKnbjr8Fn9SwsKOksG6VMwD6q_LFx/view?usp=drive_link","drive.google.com","아니오","정상"
"擁","획순 이미지","https://drive.google.com/file/d/1B-MZZPuReC0qssLs1IUlqzXSdkiX995q/view?usp=drivesdk","drive.google.com","아니오","정상"
"翁","이미지 1","https://drive.google.com/file/d/15WefSM28DXg8N4U5DAf3SbxiwLUkBwD4/view?usp=drive_link","drive.google.com","아니오","정상"
"翁","획순 이미지","https://drive.google.com/file/d/17Fzb3ux9yfQwPz4uXP5FvzNe2QRpuTAA/view?usp=drivesdk","drive.google.com","아니오","정상"
"渦","이미지 1","https://drive.google.com/file/d/1rHmhZx59B-bCW_mcjZUe0lnbOz0SkVnL/view?usp=drive_link","drive.google.com","아니오","정상"
"渦","획순 이미지","https://drive.google.com/file/d/1_UwjUxhWE0W4enUKhtl5ovQcL85bSq6z/view?usp=drivesdk","drive.google.com","아니오","정상"
"瓦","이미지 1","https://drive.google.com/file/d/1nxkqybSJ0_jI7M2nMRMLbIthMf04cu69/view?usp=drive_link","drive.google.com","아니오","정상"
"瓦","획순 이미지","https://drive.google.com/file/d/1Pa-nlRM62lR_S-xu_zq2LNTJRRyeXHjP/view?usp=drivesdk","drive.google.com","아니오","정상"
"腕","이미지 1","https://drive.google.com/file/d/1p_5e6yv2AC91gyw3XJRjiJ8BnbA1raoK/view?usp=drive_link","drive.google.com","아니오","정상"
"腕","획순 이미지","https://drive.google.com/file/d/1vRfQhGtlanjqOYTbxaKc-QUB6uGaxR6J/view?usp=drivesdk","drive.google.com","아니오","정상"
"緩","이미지 1","https://drive.google.com/file/d/18C4Lyj2Vo_5lM-1Dlw46i4CbFdFJ-Z5a/view?usp=drive_link","drive.google.com","아니오","정상"
"緩","획순 이미지","https://drive.google.com/file/d/1TL4cIFW-tPawITBh_i9jK_BSI4ju4CKW/view?usp=drivesdk","drive.google.com","아니오","정상"
"頑","이미지 1","https://drive.google.com/file/d/1P3qlYMykHSIatYxjw9-IcGpjw64bwn67/view?usp=drive_link","drive.google.com","아니오","정상"
"頑","획순 이미지","https://drive.google.com/file/d/16mjG3HmY0ZwxnM-wCRihG9x-yVAbcpMw/view?usp=drivesdk","drive.google.com","아니오","정상"
"宛","이미지 1","https://drive.google.com/file/d/1t3KTqORG4rCI4yTdfwE2GTl_Z8Q6aUkE/view?usp=drive_link","drive.google.com","아니오","정상"
"宛","획순 이미지","https://drive.google.com/file/d/1-9kKVO1Ceeej7SWmzJZY3OSp22ML8ldD/view?usp=drivesdk","drive.google.com","아니오","정상"
"玩","이미지 1","https://drive.google.com/file/d/1iZJGN0EEY47P_Mnw0LwbULJjboeECmJR/view?usp=drive_link","drive.google.com","아니오","정상"
"玩","획순 이미지","https://drive.google.com/file/d/1sXvpsjZvrUPYV1xiO7WeFSNOgF3TU0Fs/view?usp=drivesdk","drive.google.com","아니오","정상"
"旺","이미지 1","https://drive.google.com/file/d/11fyL8R_QUUOcTDqkd8gRIPQulZZ_GP3z/view?usp=drive_link","drive.google.com","아니오","정상"
"旺","획순 이미지","https://drive.google.com/file/d/1mt8BCXhdI_Vlnm8lhN4UypkvgTz7iLOF/view?usp=drivesdk","drive.google.com","아니오","정상"
"畏","이미지 1","https://drive.google.com/file/d/1fc10tQkdN8BscU30Urt9RA6z-OkNSuCS/view?usp=drive_link","drive.google.com","아니오","정상"
"畏","획순 이미지","https://drive.google.com/file/d/1Mok46eACdcDjmXUxy4r0wcMhjJJ-0Mk-/view?usp=drivesdk","drive.google.com","아니오","정상"
"腰","이미지 1","https://drive.google.com/file/d/1BAQF6KzHBD9Z357mUcleV9eKhH97TJXN/view?usp=drive_link","drive.google.com","아니오","정상"
"腰","획순 이미지","https://drive.google.com/file/d/1RYspaV7_eonV5-J3b5maNgbUtqhG3dmD/view?usp=drivesdk","drive.google.com","아니오","정상"
"謡","이미지 1","https://drive.google.com/file/d/10NncMT-dvVVj1J91PNQaOHJZoRXo9-cW/view?usp=drive_link","drive.google.com","아니오","정상"
"謡","획순 이미지","https://drive.google.com/file/d/1KSNbbdK1L4zKmH-yLRNI4TGaVRIYg1Ep/view?usp=drivesdk","drive.google.com","아니오","정상"
"揺","이미지 1","https://drive.google.com/file/d/19KqSU-bOGvV23pjuQbFvIkcxn9FOQ-Ty/view?usp=drive_link","drive.google.com","아니오","정상"
"揺","획순 이미지","https://drive.google.com/file/d/147L6xgNLtcLxJUEqYIdV7RIaQ9aqfpjr/view?usp=drivesdk","drive.google.com","아니오","정상"
"凹","이미지 1","https://drive.google.com/file/d/1rkTd1xWCoPVRyekRp9opBg24Wc_CICPo/view?usp=drive_link","drive.google.com","아니오","정상"
"凹","획순 이미지","https://drive.google.com/file/d/1IHeGe7jLaDqATarv0P9CO-1fbbBHM6qZ/view?usp=drivesdk","drive.google.com","아니오","정상"
"窯","이미지 1","https://drive.google.com/file/d/1itbv9SwRs0ixRj9T_1EeRl2-6sq8EFwl/view?usp=drive_link","drive.google.com","아니오","정상"
"窯","획순 이미지","https://drive.google.com/file/d/1cthuySuggvjEtPtmASqmB5ej1BZ7Xwdy/view?usp=drivesdk","drive.google.com","아니오","정상"
"妖","이미지 1","https://drive.google.com/file/d/1PcXThtfoo3rSNGxfO315dr2Qv1LaDlhZ/view?usp=drive_link","drive.google.com","아니오","정상"
"妖","획순 이미지","https://drive.google.com/file/d/1MAZb-ri7jaUv7wWKYk_c92bGF7djX2-3/view?usp=drivesdk","drive.google.com","아니오","정상"
"辱","이미지 1","https://drive.google.com/file/d/1MYi0aw5dtF0d9TJzwFE-f2m2pCV4BYvs/view?usp=drive_link","drive.google.com","아니오","정상"
"辱","획순 이미지","https://drive.google.com/file/d/1l-Y-34lFblJaW0p_WCl9RFahLvIAoaT1/view?usp=drivesdk","drive.google.com","아니오","정상"
"溶","이미지 1","https://drive.google.com/file/d/1pGHVhkMvPDIfwE7ggEHBvEcfCDbKXsDP/view?usp=drive_link","drive.google.com","아니오","정상"
"溶","획순 이미지","https://drive.google.com/file/d/1uS4UuEoz0G7ZjswuhH2VZu4Ie8KByleg/view?usp=drivesdk","drive.google.com","아니오","정상"
"踊","이미지 1","https://drive.google.com/file/d/1ZVp38D0KCcroCq41OjKse8cGPZsw1iI5/view?usp=drive_link","drive.google.com","아니오","정상"
"踊","획순 이미지","https://drive.google.com/file/d/1uhv5HtG_q0qQ-OCwi58qgNGX1p__dPn9/view?usp=drivesdk","drive.google.com","아니오","정상"
"冗","이미지 1","https://drive.google.com/file/d/1Bvu_2JTXAVM-94DqiKfkT9C9gDVhmTT2/view?usp=drive_link","drive.google.com","아니오","정상"
"冗","획순 이미지","https://drive.google.com/file/d/1b37r8omu5491ETd7Y8lDFhRGGHChvhQ1/view?usp=drivesdk","drive.google.com","아니오","정상"
"庸","이미지 1","https://drive.google.com/file/d/17F526BhfbUaLZ0r_D06LzYDwyiDn9y4h/view?usp=share_link","drive.google.com","아니오","정상"
"庸","획순 이미지","https://drive.google.com/file/d/1ATyWFa89bUXcDzfUpDFJB_OZler7AYI9/view?usp=drivesdk","drive.google.com","아니오","정상"
"湧","이미지 1","https://drive.google.com/file/d/1v1u8IHct0iXByVYUGocn51bYTBaa9dzU/view?usp=drive_link","drive.google.com","아니오","정상"
"湧","획순 이미지","https://drive.google.com/file/d/1Qf421GVMiNJ0NiI5xqnAZ7TeOcoNjN7T/view?usp=drivesdk","drive.google.com","아니오","정상"
"芋","이미지 1","https://drive.google.com/file/d/1m96EJcqEkhry0nlFIER2NYRPcjXdgVtb/view?usp=drive_link","drive.google.com","아니오","정상"
"芋","획순 이미지","https://drive.google.com/file/d/12H4txPgEtSz6H9WtfxMGtX7QNrbqTyYI/view?usp=drivesdk","drive.google.com","아니오","정상"
"又","이미지 1","https://drive.google.com/file/d/1S5kdbh8NWBy9Fe-SB2xYEKZYB4Z-0OjJ/view?usp=share_link","drive.google.com","아니오","정상"
"又","획순 이미지","https://drive.google.com/file/d/1WTd9HiRdJ-JARddelmVRr7Xtt6jU-meo/view?usp=drivesdk","drive.google.com","아니오","정상"
"偶","이미지 1","https://drive.google.com/file/d/1rp4zs8lKtzaDbY--DbKDI0y_T3saEfDk/view?usp=drive_link","drive.google.com","아니오","정상"
"偶","획순 이미지","https://drive.google.com/file/d/1OlrCVxbWWdlVr2sHZJfJw5Ji__aJeBdX/view?usp=drivesdk","drive.google.com","아니오","정상"
"遇","이미지 1","https://drive.google.com/file/d/1jCXLnPvSQa0vY4dNU8GAtgeBfLmVz82A/view?usp=drive_link","drive.google.com","아니오","정상"
"遇","획순 이미지","https://drive.google.com/file/d/1sBBIZQAXuJIXY7IsEC53HFAI8o1fvpq3/view?usp=drivesdk","drive.google.com","아니오","정상"
"愚","이미지 1","https://drive.google.com/file/d/1JMgBqwVh1H4URd9KhG3AzA6_gCap3lMG/view?usp=drive_link","drive.google.com","아니오","정상"
"愚","획순 이미지","https://drive.google.com/file/d/1MisQ-_VoPNUFo1n23jP1BbaDJZQWGVaG/view?usp=drivesdk","drive.google.com","아니오","정상"
"憂","이미지 1","https://drive.google.com/file/d/12fgEq_icadp00eL8tTxKZTqj4lWAH9p8/view?usp=drive_link","drive.google.com","아니오","정상"
"憂","획순 이미지","https://drive.google.com/file/d/1Yw4owo8Q0lw9JM0NKr7fsbee7Mxat5Hh/view?usp=drivesdk","drive.google.com","아니오","정상"
"隅","이미지 1","https://drive.google.com/file/d/1d39CIvKNcmSNdP2VR_T7Oix1HYZbeLRL/view?usp=drive_link","drive.google.com","아니오","정상"
"隅","획순 이미지","https://drive.google.com/file/d/1RVh-po0IwkqkujUGkAVHK4wjCucK_PZn/view?usp=drivesdk","drive.google.com","아니오","정상"
"虞","이미지 1","https://drive.google.com/file/d/1t0E_A7MSkVfzxw6KyAMWwg2eFxJKieIO/view?usp=drive_link","drive.google.com","아니오","정상"
"虞","획순 이미지","https://drive.google.com/file/d/1lwM3M_21o4FjdoCW9ol9MN5UgnBScUde/view?usp=drivesdk","drive.google.com","아니오","정상"
"韻","이미지 1","https://drive.google.com/file/d/11q7DzruZJl_tQzFGfo8K734w14RjgUJq/view?usp=drive_link","drive.google.com","아니오","정상"
"韻","획순 이미지","https://drive.google.com/file/d/10gt4fJdElslxmhBzNHHo7HrbBFCg4eDq/view?usp=drivesdk","drive.google.com","아니오","정상"
"鬱","이미지 1","https://drive.google.com/file/d/1g5N8h2ztE1M3Z2GM4_lAdZ7LzNV5VxmM/view?usp=drive_link","drive.google.com","아니오","정상"
"鬱","획순 이미지","https://drive.google.com/file/d/1X_zZ4T-q1SQ5fHyNTv8VbVzzO-kbB1pM/view?usp=drivesdk","drive.google.com","아니오","정상"
"雄","이미지 1","https://drive.google.com/file/d/1En-5_aRfgkyFUYK7OfYCc2HnyDNbwX9g/view?usp=drive_link","drive.google.com","아니오","정상"
"雄","획순 이미지","https://drive.google.com/file/d/1L39sJQdKjUPYAczvbDeFb_u1H5VQr0V4/view?usp=drivesdk","drive.google.com","아니오","정상"
"援","이미지 1","https://drive.google.com/file/d/1d2t470JNDTSumXZFtfcMdTerEq3EY5XV/view?usp=drive_link","drive.google.com","아니오","정상"
"援","획순 이미지","https://drive.google.com/file/d/176cY0OufAR1XYdptwgek7WMXi09nveBA/view?usp=drivesdk","drive.google.com","아니오","정상"
"垣","이미지 1","https://drive.google.com/file/d/1gk1ZZdGmXTJBcFFf2baEJFQy_kCglMyW/view?usp=drive_link","drive.google.com","아니오","정상"
"垣","획순 이미지","https://drive.google.com/file/d/1ibV5cHY5Fj_f6jWRgcEBfuFgkedoWOCI/view?usp=drivesdk","drive.google.com","아니오","정상"
"猿","이미지 1","https://drive.google.com/file/d/1e-7mfMEFmp1pSfhBpZVJ44y8ubhZEhyl/view?usp=drive_link","drive.google.com","아니오","정상"
"猿","획순 이미지","https://drive.google.com/file/d/1aJdTceGuJYPJdhUBpsjFFGEJ1LYobwoM/view?usp=drivesdk","drive.google.com","아니오","정상"
"怨","이미지 1","https://drive.google.com/file/d/1jBZhTfClDkZZl3bTbZLTGvq0zq4o4Kqu/view?usp=drive_link","drive.google.com","아니오","정상"
"怨","획순 이미지","https://drive.google.com/file/d/1SsN9nlmUAiGF4tcBXjOqZsNuvCrZ4_y6/view?usp=drivesdk","drive.google.com","아니오","정상"
"越","이미지 1","https://drive.google.com/file/d/1HnSBHtIAlviod_b_XiZOgo-KqZeJqfHy/view?usp=drive_link","drive.google.com","아니오","정상"
"越","획순 이미지","https://drive.google.com/file/d/1Yjt8nGASbNlPKarXrNQld5-vEccgtcW7/view?usp=drivesdk","drive.google.com","아니오","정상"
"為","이미지 1","https://drive.google.com/file/d/1Ya6isX7X8YBFji3h_ysA2Hzh1a5GtKQY/view?usp=drive_link","drive.google.com","아니오","정상"
"為","획순 이미지","https://drive.google.com/file/d/1099h_fkAr56rmTVUjEtSHmKAhcCwKsnC/view?usp=drivesdk","drive.google.com","아니오","정상"
"威","이미지 1","https://drive.google.com/file/d/1rCa-xij1DRYvzI8NOONrpA7LhDmjJHhg/view?usp=drive_link","drive.google.com","아니오","정상"
"威","획순 이미지","https://drive.google.com/file/d/1r7iOWJiaAQv2Y_cMeTNb7niQYf6v8MLP/view?usp=drivesdk","drive.google.com","아니오","정상"
"偉","이미지 1","https://drive.google.com/file/d/1Bvpx9QrJMXLN_G7oGGYdeM2xK6YfUIDg/view?usp=drive_link","drive.google.com","아니오","정상"
"偉","획순 이미지","https://drive.google.com/file/d/1ehfc9iksTO89AmsfluPhIlly4qHTN65g/view?usp=drivesdk","drive.google.com","아니오","정상"
"違","이미지 1","https://drive.google.com/file/d/12OmYadlvl55Hse6NDdHtAjmoxHNxyCcN/view?usp=drive_link","drive.google.com","아니오","정상"
"違","획순 이미지","https://drive.google.com/file/d/1Sy1TqS3hTWlzgNTwyHvIebEL1yUKD7O6/view?usp=drivesdk","drive.google.com","아니오","정상"
"緯","이미지 1","https://drive.google.com/file/d/17xEPZXfXcZu9zjM9DJ8FXwr2_gAJob8C/view?usp=drive_link","drive.google.com","아니오","정상"
"緯","획순 이미지","https://drive.google.com/file/d/13Ana4knxVy4UfVaq4pjmGSwjbJbK6vDC/view?usp=drivesdk","drive.google.com","아니오","정상"
"慰","이미지 1","https://drive.google.com/file/d/1qN6UO9kiVQXssfnAr2OdigX9Fj7XX1_y/view?usp=drive_link","drive.google.com","아니오","정상"
"慰","획순 이미지","https://drive.google.com/file/d/1KOKYHiX1Ws8LcInFD-4Lb5PtRkY6HRLZ/view?usp=drivesdk","drive.google.com","아니오","정상"
"偽","이미지 1","https://drive.google.com/file/d/1A3QzABIbtOcpigrTbm8CbukEs5vTJKkT/view?usp=drive_link","drive.google.com","아니오","정상"
"偽","획순 이미지","https://drive.google.com/file/d/1t5WQXc5TiBlQ46KpT4KpoFEZ0XWxGv6h/view?usp=drivesdk","drive.google.com","아니오","정상"
"尉","이미지 1","https://drive.google.com/file/d/16Ntp8_-R3or5vZ2dr0S_y2rS-SHNF0Zb/view?usp=drive_link","drive.google.com","아니오","정상"
"尉","획순 이미지","https://drive.google.com/file/d/1RZhGPj-KOeKTA39C9fn0XPXselXNDxz0/view?usp=drivesdk","drive.google.com","아니오","정상"
"萎","이미지 1","https://drive.google.com/file/d/1WfnJYzcJ2UWxzVrJfSBxdIE474L1BOWd/view?usp=drive_link","drive.google.com","아니오","정상"
"萎","획순 이미지","https://drive.google.com/file/d/1WyjKgyNSQNyzpwpVbsSZyU4rAfJrIBvn/view?usp=drivesdk","drive.google.com","아니오","정상"
"柔","이미지 1","https://drive.google.com/file/d/11w4Xcm9swI7wPgl5qw-SKMtWR5B4CJ9u/view?usp=drive_link","drive.google.com","아니오","정상"
"柔","획순 이미지","https://drive.google.com/file/d/1EqPR_CSpHBAM5eCaDT8gn59bxcTLNapm/view?usp=drivesdk","drive.google.com","아니오","정상"
"維","이미지 1","https://drive.google.com/file/d/1hGifssIEOeNimXtY2D4HJLyNq4KDKwHG/view?usp=drive_link","drive.google.com","아니오","정상"
"維","획순 이미지","https://drive.google.com/file/d/1xV21uNKXAoC7I8zQA9IyAXZrI27E6uUs/view?usp=drivesdk","drive.google.com","아니오","정상"
"幽","이미지 1","https://drive.google.com/file/d/1Ww_aP31MIfZQDZNOt1L5VKzL68co-RBt/view?usp=drive_link","drive.google.com","아니오","정상"
"幽","획순 이미지","https://drive.google.com/file/d/1RXB-z5Rtq4MyWV7cQBguWfET1qbbloYB/view?usp=drivesdk","drive.google.com","아니오","정상"
"誘","이미지 1","https://drive.google.com/file/d/1d3tVcHm1-QerulMEb97JoIWyhE9Ra--7/view?usp=drive_link","drive.google.com","아니오","정상"
"誘","획순 이미지","https://drive.google.com/file/d/12cD7g7zMaBZculqYx_0GGP3jmmVLJz4E/view?usp=drivesdk","drive.google.com","아니오","정상"
"悠","이미지 1","https://drive.google.com/file/d/1rgx8XXvDNQ6RlR_TWzxlDR5kiqjoYRgx/view?usp=drive_link","drive.google.com","아니오","정상"
"悠","획순 이미지","https://drive.google.com/file/d/1OXxRc7kLu4h3Ht3JY926dUByVx9EtNvV/view?usp=drivesdk","drive.google.com","아니오","정상"
"唯","이미지 1","https://drive.google.com/file/d/10w_bvRL_qMormx2L-GPAz7T1YPU-bKtU/view?usp=drive_link","drive.google.com","아니오","정상"
"唯","획순 이미지","https://drive.google.com/file/d/1bU8rQY3XGVIMFbSQNTbOHEUaUVAPbVWl/view?usp=drivesdk","drive.google.com","아니오","정상"
"愉","이미지 1","https://drive.google.com/file/d/1-qlf_FZQbTZvWjPvbDI-oUyE26y1N6uH/view?usp=drive_link","drive.google.com","아니오","정상"
"愉","획순 이미지","https://drive.google.com/file/d/102vREgb8Ww-qD-DfpcEJc1DPkGvbf2VD/view?usp=drivesdk","drive.google.com","아니오","정상"
"猶","이미지 1","https://drive.google.com/file/d/1KYtn35c35_CzBw0jpiXYvg3D0W9QyGzw/view?usp=drive_link","drive.google.com","아니오","정상"
"猶","획순 이미지","https://drive.google.com/file/d/1FgPd6MuyjjH-rZSiPTVnkhZImG7MoLHS/view?usp=drivesdk","drive.google.com","아니오","정상"
"裕","이미지 1","https://drive.google.com/file/d/1f0DcO6LHHLq8Q5ch3MXIOeK95wNyC_9v/view?usp=drive_link","drive.google.com","아니오","정상"
"裕","획순 이미지","https://drive.google.com/file/d/1hkPri2NeiujUoVzMQBwcITcqtTSNbjtW/view?usp=drivesdk","drive.google.com","아니오","정상"
"諭","이미지 1","https://drive.google.com/file/d/16KSP1_y-WWBwxsS0ZBL6WjCA9fUnnr06/view?usp=drive_link","drive.google.com","아니오","정상"
"諭","획순 이미지","https://drive.google.com/file/d/1fJSYIDfXWLFlHJakLYSeoqX1rIdJXuNp/view?usp=drivesdk","drive.google.com","아니오","정상"
"儒","이미지 1","https://drive.google.com/file/d/1JWshuf0zgxRDKfykB1-nf7yTevO23gY6/view?usp=drive_link","drive.google.com","아니오","정상"
"儒","획순 이미지","https://drive.google.com/file/d/12oET0-dksyT8FEGfSe8fybHB5k7lmAub/view?usp=drivesdk","drive.google.com","아니오","정상"
"癒","이미지 1","https://drive.google.com/file/d/11bxoDQZmvPDV1YvXMqBHky-E88Phaf2K/view?usp=drive_link","drive.google.com","아니오","정상"
"癒","획순 이미지","https://drive.google.com/file/d/1YrhzJR5YQ0pP_j9TWbCQ9Nj09jZYeBLl/view?usp=drivesdk","drive.google.com","아니오","정상"
"喩","이미지 1","https://drive.google.com/file/d/1wXxQ3xUGCAvJaqkIvCN1vqya3b1jlAfq/view?usp=drive_link","drive.google.com","아니오","정상"
"喩","획순 이미지","https://drive.google.com/file/d/1VXY81lZS4X8LD5VryKBIZYHrTMIHkNra/view?usp=drivesdk","drive.google.com","아니오","정상"
"潤","이미지 1","https://drive.google.com/file/d/17ESeJ1FPWpOXFGUJqWrbtVNbAQkopeyU/view?usp=drive_link","drive.google.com","아니오","정상"
"潤","획순 이미지","https://drive.google.com/file/d/1G8tgXMVX98VRgKNt4NDHMLFpfoSgzav2/view?usp=drivesdk","drive.google.com","아니오","정상"
"融","이미지 1","https://drive.google.com/file/d/1KniJVZliQGLSAbOv20wre3punCEQBhVi/view?usp=drive_link","drive.google.com","아니오","정상"
"融","획순 이미지","https://drive.google.com/file/d/1OWi8rdPgqH-W6nM8kkYvxhPyhB6Dt2R3/view?usp=drivesdk","drive.google.com","아니오","정상"
"隠","이미지 1","https://drive.google.com/file/d/1bdSwEG9TijJpUYzQ3UhGldYDv8vntuM_/view?usp=drive_link","drive.google.com","아니오","정상"
"隠","획순 이미지","https://drive.google.com/file/d/1okSeB3qPOavpLlx_lu6zUjZ_UqSg4cIX/view?usp=drivesdk","drive.google.com","아니오","정상"
"乙","이미지 1","https://drive.google.com/file/d/1Wt5OHRW1t9WYMZEQqGUevjAoFnl6X6t1/view?usp=drive_link","drive.google.com","아니오","정상"
"乙","획순 이미지","https://drive.google.com/file/d/1mb5JsAEmb0xV0mL5hSIxeZwverq53meN/view?usp=drivesdk","drive.google.com","아니오","정상"
"陰","이미지 1","https://drive.google.com/file/d/1OZ5eKp1YWw4gQrMEaBF6oRDMPlmAu2Xa/view?usp=drive_link","drive.google.com","아니오","정상"
"陰","획순 이미지","https://drive.google.com/file/d/1WW8Dy_gxnNf0hM_SdcusV5xl3w6TrGPF/view?usp=drivesdk","drive.google.com","아니오","정상"
"吟","이미지 1","https://drive.google.com/file/d/11VuXYr76uuXelE6twuSnDcjqk8JCn5By/view?usp=drive_link","drive.google.com","아니오","정상"
"吟","획순 이미지","https://drive.google.com/file/d/1U39_Qy-gMKUokMUnxdQzog8O4N7bJBrZ/view?usp=drivesdk","drive.google.com","아니오","정상"
"淫","이미지 1","https://drive.google.com/file/d/1SqzJ5UJBpWQZjLQQI5xaaTHbUi_Ystp0/view?usp=drive_link","drive.google.com","아니오","정상"
"淫","획순 이미지","https://drive.google.com/file/d/1mTClpdNzYZ652vdw3ieg69samk9K5li2/view?usp=drivesdk","drive.google.com","아니오","정상"
"凝","이미지 1","https://drive.google.com/file/d/1IniE4H_S6WZ0f8daN9V0q0Q9KTKwc0am/view?usp=drive_link","drive.google.com","아니오","정상"
"凝","획순 이미지","https://drive.google.com/file/d/1dnEeC1QpDmeOT6ajK9n-78rURaaUYrXb/view?usp=drivesdk","drive.google.com","아니오","정상"
"依","이미지 1","https://drive.google.com/file/d/1iHwpeB-o7xIv_vCHjEjFya7A5g3TExDd/view?usp=drive_link","drive.google.com","아니오","정상"
"依","획순 이미지","https://drive.google.com/file/d/1yKYIcnSdj3qOPnKOrnwtBaOMwdJUOGTN/view?usp=drivesdk","drive.google.com","아니오","정상"
"儀","이미지 1","https://drive.google.com/file/d/1yIDARXTa1JMBt81cZAwYautaqkcnsAPv/view?usp=drive_link","drive.google.com","아니오","정상"
"儀","획순 이미지","https://drive.google.com/file/d/1lHTj8MOLjy8Wnd2pXqPrIS14vcDwqndw/view?usp=drivesdk","drive.google.com","아니오","정상"
"宜","이미지 1","https://drive.google.com/file/d/1mN5xsd50tC6Fv9tjGA2YF306TXIApPlj/view?usp=drive_link","drive.google.com","아니오","정상"
"宜","획순 이미지","https://drive.google.com/file/d/1TznQEvYLtixqMTD-NT8qFy4ZK6nK6sXE/view?usp=drivesdk","drive.google.com","아니오","정상"
"擬","이미지 1","https://drive.google.com/file/d/1YK4BFTITL7j6nSo_p7z9rwVHbqemX5A9/view?usp=drive_link","drive.google.com","아니오","정상"
"擬","획순 이미지","https://drive.google.com/file/d/10EdRtEoNHW0_opgkIa95NDVMo5qubz2-/view?usp=drivesdk","drive.google.com","아니오","정상"
"椅","이미지 1","https://drive.google.com/file/d/1rACUmp289xNGMeubot8e_yQi245oDZGM/view?usp=drive_link","drive.google.com","아니오","정상"
"椅","획순 이미지","https://drive.google.com/file/d/1jdCdDpTEysBD8c0RhdRd9c8kW6vldZ2l/view?usp=drivesdk","drive.google.com","아니오","정상"
"弐","이미지 1","https://drive.google.com/file/d/1U4MJ-VlP6HcddYeOnWRidLThtx5Dt3BX/view?usp=drive_link","drive.google.com","아니오","정상"
"弐","획순 이미지","https://drive.google.com/file/d/1bhew3VrltuNYlvFG1J_NfHuO_qBSC1ZK/view?usp=drivesdk","drive.google.com","아니오","정상"
"餌","이미지 1","https://drive.google.com/file/d/1ky5TC7pw8YYkfiHHtHf8PpmT7qzC12a6/view?usp=drive_link","drive.google.com","아니오","정상"
"餌","획순 이미지","https://drive.google.com/file/d/1-kZwtx8eyS8JZDKGZHuwqynWo1rNtkHV/view?usp=drivesdk","drive.google.com","아니오","정상"
"翼","이미지 1","https://drive.google.com/file/d/1bkwCVMvdkvIQw5Ojftw84fJ8L_e92fSU/view?usp=drive_link","drive.google.com","아니오","정상"
"翼","획순 이미지","https://drive.google.com/file/d/1LTPyS9kaEuQ6s10hgjeuNhRhMmjTqQTt/view?usp=drivesdk","drive.google.com","아니오","정상"
"刃","이미지 1","https://drive.google.com/file/d/160rIs-c_-cHulNQMyVx0oO4p5eslnZfQ/view?usp=drive_link","drive.google.com","아니오","정상"
"刃","획순 이미지","https://drive.google.com/file/d/1B7ObiOB0wl5ak66HI9b7E5l1cm4Fr6H6/view?usp=drivesdk","drive.google.com","아니오","정상"
"忍","이미지 1","https://drive.google.com/file/d/1tigTGCxbLImhEVvHh4Ok7_0vs9vacQI3/view?usp=drive_link","drive.google.com","아니오","정상"
"忍","획순 이미지","https://drive.google.com/file/d/1241AcUUgKnd3gCzLyeIRFxZoyWzL-w3S/view?usp=drivesdk","drive.google.com","아니오","정상"
"姻","이미지 1","https://drive.google.com/file/d/1TQWb5on-cQZBHl2CEr0jcY9Hck-ZLv66/view?usp=drive_link","drive.google.com","아니오","정상"
"姻","획순 이미지","https://drive.google.com/file/d/1H3wO15tam9tNwb_73XO38FNZE1o6yQF1/view?usp=drivesdk","drive.google.com","아니오","정상"
"咽","이미지 1","https://drive.google.com/file/d/1sbWZAfHv8O-AuP5MO9B0Y7CXVBBnm_bz/view?usp=drive_link","drive.google.com","아니오","정상"
"咽","획순 이미지","https://drive.google.com/file/d/1Fz4d-v-i8nlDw9wELbhPc-kveCnE8cZ2/view?usp=drivesdk","drive.google.com","아니오","정상"
"壱","이미지 1","https://drive.google.com/file/d/1KhS6178Jh0LdXTPYTzx6fn6g9R785eN-/view?usp=drive_link","drive.google.com","아니오","정상"
"壱","획순 이미지","https://drive.google.com/file/d/12wTbL-5-FQ7M8uLJR7VA1d3KXmsiDnJC/view?usp=drivesdk","drive.google.com","아니오","정상"
"逸","이미지 1","https://drive.google.com/file/d/1xY6_EeoGL2UjU7LJhObUT1bfufSgvkgu/view?usp=drive_link","drive.google.com","아니오","정상"
"逸","획순 이미지","https://drive.google.com/file/d/1H1JF2VjeejTfQW-VeOJsxGjDJveIZ07L/view?usp=drivesdk","drive.google.com","아니오","정상"
"妊","이미지 1","https://drive.google.com/file/d/1YOJk1pE3NysV1nFbOCKSEHthbuniq6CS/view?usp=drive_link","drive.google.com","아니오","정상"
"妊","획순 이미지","https://drive.google.com/file/d/1k_jvLluomuGe0HJHsvic0KPxdBuoE2g9/view?usp=drivesdk","drive.google.com","아니오","정상"
"込","이미지 1","https://drive.google.com/file/d/1W1lmYx3RdTC8OtKrRj8me_fh9Cjt0mK4/view?usp=drive_link","drive.google.com","아니오","정상"
"込","획순 이미지","https://drive.google.com/file/d/1iNS__yBcOG0ur5wGfVXF669r3a_iArBj/view?usp=drivesdk","drive.google.com","아니오","정상"
"剰","이미지 1","https://drive.google.com/file/d/1e5Xc9NA5pHGLY07h6RuS2VRz0YAjVt9A/view?usp=drive_link","drive.google.com","아니오","정상"
"剰","획순 이미지","https://drive.google.com/file/d/1-32AnzVsA848mxlSpkeyHJ8I5KDdnOU5/view?usp=drivesdk","drive.google.com","아니오","정상"
"刺","이미지 1","https://drive.google.com/file/d/1O3NzpiN1464M-3zk4k7CU1GiHze20yZA/view?usp=drive_link","drive.google.com","아니오","정상"
"刺","획순 이미지","https://drive.google.com/file/d/1w9SdC_mFP7vY4MU7EjIqQHM6AuOl-w9e/view?usp=drivesdk","drive.google.com","아니오","정상"
"煮","이미지 1","https://drive.google.com/file/d/1JNdyj1frRUgCn2cbECjSNU1FFifKXfsn/view?usp=drive_link","drive.google.com","아니오","정상"
"煮","획순 이미지","https://drive.google.com/file/d/1_osNUDms3zV9YW55VvnwI4597vVmubqG/view?usp=drivesdk","drive.google.com","아니오","정상"
"紫","이미지 1","https://drive.google.com/file/d/1V6E0vsW1NsNA-NbON0VmbIu7MU36tnu1/view?usp=drive_link","drive.google.com","아니오","정상"
"紫","획순 이미지","https://drive.google.com/file/d/1hSSAj7ZaqGpx4zxgm2GoOGYKWo5phdZu/view?usp=drivesdk","drive.google.com","아니오","정상"
"雌","이미지 1","https://drive.google.com/file/d/1AQfP775VQr5Il_10_FJY4B0p6ywoQZN9/view?usp=drive_link","drive.google.com","아니오","정상"
"雌","획순 이미지","https://drive.google.com/file/d/1oSkvpCVGir2eS7mcW-Zw2CprfMzodLpA/view?usp=drivesdk","drive.google.com","아니오","정상"
"慈","이미지 1","https://drive.google.com/file/d/11Gsq-5-yspTj9nGm30cH_EJ7QOAiDtgM/view?usp=drive_link","drive.google.com","아니오","정상"
"慈","획순 이미지","https://drive.google.com/file/d/15vqRbcIo2ZH-rFZfK-ltYIm_FS2DTnXP/view?usp=drivesdk","drive.google.com","아니오","정상"
"諮","이미지 1","https://drive.google.com/file/d/1CpbypRAq91myAoZlDecqAKfllBCU6ysW/view?usp=drive_link","drive.google.com","아니오","정상"
"諮","획순 이미지","https://drive.google.com/file/d/1c-7EDasi0CCyYxackywj9RFH6JNdgggS/view?usp=drivesdk","drive.google.com","아니오","정상"
"恣","이미지 1","https://drive.google.com/file/d/1eidYq83eAIW3zWNzjyKNQaWRQeNMfWt_/view?usp=drive_link","drive.google.com","아니오","정상"
"恣","획순 이미지","https://drive.google.com/file/d/1BnLKhmOODjJngvvLZNtzBmTxsGWPsqBk/view?usp=drivesdk","drive.google.com","아니오","정상"
"酌","이미지 1","https://drive.google.com/file/d/1Bm6iqqH17JoHoiO5-O3w7q3u46bsTIiu/view?usp=drive_link","drive.google.com","아니오","정상"
"酌","획순 이미지","https://drive.google.com/file/d/1OjL6k-bnV1MvRGJxIsiCpDkBgJbH4uU_/view?usp=drivesdk","drive.google.com","아니오","정상"
"爵","이미지 1","https://drive.google.com/file/d/1y_liWSjbxAq2Ryyfliyg1dFLQJg8-Bt_/view?usp=drive_link","drive.google.com","아니오","정상"
"爵","획순 이미지","https://drive.google.com/file/d/1dg3MOXCpA96zPCH23OR6Sz2RCi6VnDFv/view?usp=drivesdk","drive.google.com","아니오","정상"
"桟","이미지 1","https://drive.google.com/file/d/10tN7CCA5DsZXyfHk8SKuEMKYxlm-9K5a/view?usp=drive_link","drive.google.com","아니오","정상"
"桟","획순 이미지","https://drive.google.com/file/d/1fatvR1TpQZ-MZmBVKaa9y_hKZDOlWmbk/view?usp=drivesdk","drive.google.com","아니오","정상"
"潜","이미지 1","https://drive.google.com/file/d/19nAZmdSK-5pzTkllC2QtoKSglRUO4AFZ/view?usp=drive_link","drive.google.com","아니오","정상"
"潜","획순 이미지","https://drive.google.com/file/d/1o3Npi_n_7eSdnbTpXD9aVpkRv5WuE0aU/view?usp=drivesdk","drive.google.com","아니오","정상"
"暫","이미지 1","https://drive.google.com/file/d/1YfD-zzYjxyKa9osXSLM8XvHuVh08tgFE/view?usp=drive_link","drive.google.com","아니오","정상"
"暫","획순 이미지","https://drive.google.com/file/d/15a4SjMGxcpF7JvQhWEzsjeEsZF4vzCf2/view?usp=drivesdk","drive.google.com","아니오","정상"
"丈","이미지 1","https://drive.google.com/file/d/1M8hYcbkRGie7p0CJuIKaFhj7g8t2IP0g/view?usp=drive_link","drive.google.com","아니오","정상"
"丈","획순 이미지","https://drive.google.com/file/d/1JfH4D3GHqTeuxwzN8_A72UwyBRtT-U-9/view?usp=drivesdk","drive.google.com","아니오","정상"
"匠","이미지 1","https://drive.google.com/file/d/1H4POs1pmOY2iE_Mqw5W-oLhiOyL-JvuA/view?usp=drive_link","drive.google.com","아니오","정상"
"匠","획순 이미지","https://drive.google.com/file/d/1JR0BIEtCO3v2iuMwIxdceZoBW6tqrUuG/view?usp=drivesdk","drive.google.com","아니오","정상"
"葬","이미지 1","https://drive.google.com/file/d/195QiDAh-qn9egtX0CkRSCmG5THVrpFap/view?usp=drive_link","drive.google.com","아니오","정상"
"葬","획순 이미지","https://drive.google.com/file/d/1BiQWqCoMAFtQs7NVVrGGLRoGruBMZSsh/view?usp=drivesdk","drive.google.com","아니오","정상"
"掌","이미지 1","https://drive.google.com/file/d/1q3MpObBzEtDxyJ2BcGIPhuLQHCiAsQ_w/view?usp=drive_link","drive.google.com","아니오","정상"
"掌","획순 이미지","https://drive.google.com/file/d/1vI9MYoYBA5SobMbE3BHRQPfiJEtOtSnb/view?usp=drivesdk","drive.google.com","아니오","정상"
"壮","이미지 1","https://drive.google.com/file/d/1_o8J8XGA_wtq44HEL-ajnj77CWeLhaWR/view?usp=drive_link","drive.google.com","아니오","정상"
"壮","획순 이미지","https://drive.google.com/file/d/18xyom15wn_Vzc1zs8WTqNSDram8OAsh6/view?usp=drivesdk","drive.google.com","아니오","정상"
"荘","이미지 1","https://drive.google.com/file/d/1ohL3ok9IbbMNjTQ1BJt6rWmut_UDEhTm/view?usp=drive_link","drive.google.com","아니오","정상"
"荘","획순 이미지","https://drive.google.com/file/d/1WodUzY1fdcP3PqvZhQ3c0itdURScUyoQ/view?usp=drivesdk","drive.google.com","아니오","정상"
"粧","이미지 1","https://drive.google.com/file/d/1VPr8m6Zniuscf2dldPmrD0VSWAGqZDGl/view?usp=drive_link","drive.google.com","아니오","정상"
"粧","획순 이미지","https://drive.google.com/file/d/16Q980SDICMQcRYLxO8q-PB46_DXmnO-H/view?usp=drivesdk","drive.google.com","아니오","정상"
"奨","이미지 1","https://drive.google.com/file/d/1dQOT4xWQ9zlCZcIdp4Jbq3ARxpV84ElH/view?usp=drive_link","drive.google.com","아니오","정상"
"奨","획순 이미지","https://drive.google.com/file/d/1VTIcL7l6BWkUH1RTmLDiAl5eUCJBJUqL/view?usp=drivesdk","drive.google.com","아니오","정상"
"載","이미지 1","https://drive.google.com/file/d/1UeJhrvaoIRtoFp7nm4iWO93OZMJUz96n/view?usp=drive_link","drive.google.com","아니오","정상"
"載","획순 이미지","https://drive.google.com/file/d/1cCCmlCGLuKTGIUZoTkMTFMGwR9LwVdL0/view?usp=drivesdk","drive.google.com","아니오","정상"
"栽","이미지 1","https://drive.google.com/file/d/19iK3Jw_jwOZ6Zg87mamKWUKdqzj68pJA/view?usp=drive_link","drive.google.com","아니오","정상"
"栽","획순 이미지","https://drive.google.com/file/d/1HEc0jZZmGFcZlFqXUAK21VnrJKjvU33p/view?usp=drivesdk","drive.google.com","아니오","정상"
"宰","이미지 1","https://drive.google.com/file/d/1J6Z6cQcFU2E-mh6Z2lPagqjl0KWPfI4g/view?usp=drive_link","drive.google.com","아니오","정상"
"宰","획순 이미지","https://drive.google.com/file/d/14ymW0g-O1-ucoDS7bStfdg7V8Gx_OWXA/view?usp=drivesdk","drive.google.com","아니오","정상"
"斎","이미지 1","https://drive.google.com/file/d/1jTy0tJ5vDhIZv4M9N68KhhdXPVhKJF7i/view?usp=drive_link","drive.google.com","아니오","정상"
"斎","획순 이미지","https://drive.google.com/file/d/1_k85H7DnMRB1cgT7xf2km3DA90ikL2Ce/view?usp=drivesdk","drive.google.com","아니오","정상"
"抵","이미지 1","https://drive.google.com/file/d/1GU2q1RxJJw1TZlfbu7QbDJOXE_2StqFj/view?usp=drive_link","drive.google.com","아니오","정상"
"抵","획순 이미지","https://drive.google.com/file/d/1IFaFrXYR8fH_PoNbdDA91fSYXlqJLwQC/view?usp=drivesdk","drive.google.com","아니오","정상"
"邸","이미지 1","https://drive.google.com/file/d/1KDMuF5C6_QK-NvSZQ54vaL4oDIRIENLL/view?usp=drive_link","drive.google.com","아니오","정상"
"邸","획순 이미지","https://drive.google.com/file/d/1fuGN2NkADB1bK1P_9oFi36MKPvRlkE8p/view?usp=drivesdk","drive.google.com","아니오","정상"
"狙","이미지 1","https://drive.google.com/file/d/1ORK-ZNZJy7l3sWt_HKwspJQaouHLF6_b/view?usp=drive_link","drive.google.com","아니오","정상"
"狙","획순 이미지","https://drive.google.com/file/d/16M5jt8aGCrKiFRxpn3mnYjPzQzXJB2-O/view?usp=drivesdk","drive.google.com","아니오","정상"
"箸","이미지 1","https://drive.google.com/file/d/1emAqKkHsJx1pgNBc0Hw5e8kqQVt4jgzq/view?usp=drive_link","drive.google.com","아니오","정상"
"箸","획순 이미지","https://drive.google.com/file/d/15krtNg44O8mU3EwrrKYVmhMHMl3t6pnI/view?usp=drivesdk","drive.google.com","아니오","정상"
"寂","이미지 1","https://drive.google.com/file/d/1FZoStkD03ChkUmja6yqF7bqhLDMyq1t-/view?usp=drive_link","drive.google.com","아니오","정상"
"寂","획순 이미지","https://drive.google.com/file/d/1MYxGMJ5FyyWu_qyW9xHUMJgdhwuIr59r/view?usp=drivesdk","drive.google.com","아니오","정상"
"跡","이미지 1","https://drive.google.com/file/d/1VQZK87QM0hnghjzpp6DP5Ty3o83juYOc/view?usp=drive_link","drive.google.com","아니오","정상"
"跡","획순 이미지","https://drive.google.com/file/d/12dVd67OF_RD-_Snyix8MoE5iCtv9-dju/view?usp=drivesdk","drive.google.com","아니오","정상"
"摘","이미지 1","https://drive.google.com/file/d/1XCIFG1pWhrvYBhhpvoNejwAG-vmrQ4Dk/view?usp=drive_link","drive.google.com","아니오","정상"
"摘","획순 이미지","https://drive.google.com/file/d/1e4SEaT86FjWVAi21RcF8tE5C1GEJJrGR/view?usp=drivesdk","drive.google.com","아니오","정상"
"滴","이미지 1","https://drive.google.com/file/d/19VElVBZJ-mUnLliS0Ms-OX4MWd5FgS3c/view?usp=drive_link","drive.google.com","아니오","정상"
"滴","획순 이미지","https://drive.google.com/file/d/19_ZHqd7b3Ii_bfKuq9jYDrWtV1wrKkMt/view?usp=drivesdk","drive.google.com","아니오","정상"
"賊","이미지 1","https://drive.google.com/file/d/1fcTH58EU62v8RukmsgrnDKct1HvJGZtT/view?usp=drive_link","drive.google.com","아니오","정상"
"賊","획순 이미지","https://drive.google.com/file/d/1xqLuX9hDFzaxD3Zv5GJDcuSwDDMvjoSW/view?usp=drivesdk","drive.google.com","아니오","정상"
"籍","이미지 1","https://drive.google.com/file/d/1I3C1zvLQb5jkegBxYqFqJENsZvlcVgBY/view?usp=drive_link","drive.google.com","아니오","정상"
"籍","획순 이미지","https://drive.google.com/file/d/1zAoA-WXwXKoUCA9BB8kvjMQn_Hx239HM/view?usp=drivesdk","drive.google.com","아니오","정상"
"嫡","이미지 1","https://drive.google.com/file/d/1W-rGaO4fAYtKBIcHKdIuh7ubdwnQ3Cmh/view?usp=drive_link","drive.google.com","아니오","정상"
"嫡","획순 이미지","https://drive.google.com/file/d/1yQViU0SSYfn9ZNi_9odncWcExkkiuVrx/view?usp=drivesdk","drive.google.com","아니오","정상"
"殿","이미지 1","https://drive.google.com/file/d/18vIs3XjrK5qUzKFKqMYArgUcUd8QkhS-/view?usp=drive_link","drive.google.com","아니오","정상"
"殿","획순 이미지","https://drive.google.com/file/d/1tbOodB7ja_A8l60Mwsoox4e4lR2SqrVH/view?usp=drivesdk","drive.google.com","아니오","정상"
"栓","이미지 1","https://drive.google.com/file/d/1sT5JKZM08FHB7QHcAn_6kgipxuXvoH5q/view?usp=drive_link","drive.google.com","아니오","정상"
"栓","획순 이미지","https://drive.google.com/file/d/1PrJSRwFGfhObFeGByYhJMwqdLXs2nl4x/view?usp=drivesdk","drive.google.com","아니오","정상"
"詮","이미지 1","https://drive.google.com/file/d/1GhgiGvfk3xPET2Q6yg7mXctcpfR98XG9/view?usp=drive_link","drive.google.com","아니오","정상"
"詮","획순 이미지","https://drive.google.com/file/d/1M8zR3O_hElV9BDBdtpy6DMn84vmkGSVC/view?usp=drivesdk","drive.google.com","아니오","정상"
"煎","이미지 1","https://drive.google.com/file/d/1xlSZPGWlwkw6ixAGSlKHxzhlzjTpa6m8/view?usp=drive_link","drive.google.com","아니오","정상"
"煎","획순 이미지","https://drive.google.com/file/d/14FhQu-hm9An-vW9GlgxiyjSl9u-f1WKU/view?usp=drivesdk","drive.google.com","아니오","정상"
"塡","이미지 1","https://drive.google.com/file/d/1518Yb2BXAcZAGo9T0K0q8z5bypPgQnnj/view?usp=drive_link","drive.google.com","아니오","정상"
"塡","획순 이미지","https://drive.google.com/file/d/16Mda6k-rCpLwx-2tQQ6vKiRKU6efenfu/view?usp=drivesdk","drive.google.com","아니오","정상"
"箋","이미지 1","https://drive.google.com/file/d/150yn3oZHfKV1NXataYi_a4d8ThaWLRPA/view?usp=drive_link","drive.google.com","아니오","정상"
"箋","획순 이미지","https://drive.google.com/file/d/1dgxnZ1k3t13UtF6tkyhAb2bPy-T35KC4/view?usp=drivesdk","drive.google.com","아니오","정상"
"窃","이미지 1","https://drive.google.com/file/d/1d0_Pnm3h317ptzo30G3-Y_5ht9jra0XC/view?usp=drive_link","drive.google.com","아니오","정상"
"窃","획순 이미지","https://drive.google.com/file/d/1QIAnaPVl--QY_QPHDbHLfrl6w_fARAVE/view?usp=drivesdk","drive.google.com","아니오","정상"
"占","이미지 1","https://drive.google.com/file/d/1qLnQiZNdXB8_3WLhy7CJ4MAjViC6okKP/view?usp=drive_link","drive.google.com","아니오","정상"
"占","획순 이미지","https://drive.google.com/file/d/1efPL_aL_kZK3jLCeAc_Ct0OQroknfUwc/view?usp=drivesdk","drive.google.com","아니오","정상"
"粘","이미지 1","https://drive.google.com/file/d/1l7bJesLUtVwv1ZYJK-7kcXH4SqqJ2us8/view?usp=drive_link","drive.google.com","아니오","정상"
"粘","획순 이미지","https://drive.google.com/file/d/1DWxdwbqc2eB44W_W3_UMZw2ls6Ijdaya/view?usp=drivesdk","drive.google.com","아니오","정상"
"漸","이미지 1","https://drive.google.com/file/d/1lH1LrDqZMGQWGllJ1_6BgKeNxi0OcnVZ/view?usp=drive_link","drive.google.com","아니오","정상"
"漸","획순 이미지","https://drive.google.com/file/d/15SgBYXNHWXb03mTg-FFgybmTjKHXk8Qm/view?usp=drivesdk","drive.google.com","아니오","정상"
"征","이미지 1","https://drive.google.com/file/d/1-72-hmMKH1Z6pgcVw4xc593NHSng9NhL/view?usp=drive_link","drive.google.com","아니오","정상"
"征","획순 이미지","https://drive.google.com/file/d/1zV9preDq1lvdKefIFyYESXddoHt0udL1/view?usp=drivesdk","drive.google.com","아니오","정상"
"訂","이미지 1","https://drive.google.com/file/d/1q245ddhY7Nn3xSAAGrJd3jPuvUOFY22K/view?usp=drive_link","drive.google.com","아니오","정상"
"訂","획순 이미지","https://drive.google.com/file/d/1jGKMCMzUjFOOrehXmxi2naxGtKjnY8I1/view?usp=drivesdk","drive.google.com","아니오","정상"
"晶","이미지 1","https://drive.google.com/file/d/1WFpT9KXIEzCJQcqc1EsnHq1cxVh9j2Q-/view?usp=drive_link","drive.google.com","아니오","정상"
"晶","획순 이미지","https://drive.google.com/file/d/1OCn6HJg2VoRo-Bfdc1VoA4QOgJJikLr-/view?usp=drivesdk","drive.google.com","아니오","정상"
"錠","이미지 1","https://drive.google.com/file/d/1rhu_1SZROeAPismDmkGdjCS-3LvsA2p5/view?usp=drive_link","drive.google.com","아니오","정상"
"錠","획순 이미지","https://drive.google.com/file/d/1qI3Ao3cG7j5kGUuCzA28IMwy1dF-H0We/view?usp=drivesdk","drive.google.com","아니오","정상"
"呈","이미지 1","https://drive.google.com/file/d/1CNjlnn3heDsmSYaB4NPkHT3WfkZGpLBf/view?usp=drive_link","drive.google.com","아니오","정상"
"呈","획순 이미지","https://drive.google.com/file/d/1pZBZmC8nDj_qDPu0UUPfYxyE_Ow2yYWq/view?usp=drivesdk","drive.google.com","아니오","정상"
"廷","이미지 1","https://drive.google.com/file/d/1ZGRLe83K55B8ettuNoQ5yW7Sz3Tw4a9w/view?usp=drive_link","drive.google.com","아니오","정상"
"廷","획순 이미지","https://drive.google.com/file/d/1zsF1w3x8-d_lybpH0a6EuAp2l6C_UJiW/view?usp=drivesdk","drive.google.com","아니오","정상"
"浄","이미지 1","https://drive.google.com/file/d/1lUCI4nD-ND0e2mK9zB-Qp45fd7devLQZ/view?usp=drive_link","drive.google.com","아니오","정상"
"浄","획순 이미지","https://drive.google.com/file/d/1JxAscD4JInp31dXOE5hkpzzMQTivNr8m/view?usp=drivesdk","drive.google.com","아니오","정상"
"亭","이미지 1","https://drive.google.com/file/d/12hi2hOrmjCTkE9TtnWo3Y0LmiTcE8bSd/view?usp=drive_link","drive.google.com","아니오","정상"
"亭","획순 이미지","https://drive.google.com/file/d/1u5VMnU3umncnRdSd-ycRVMUzlm38k1I1/view?usp=drivesdk","drive.google.com","아니오","정상"
"貞","이미지 1","https://drive.google.com/file/d/1tHHWq3G_SubXU9XISrHx9OHpcsc194N7/view?usp=drive_link","drive.google.com","아니오","정상"
"貞","획순 이미지","https://drive.google.com/file/d/17uihAd62xZYZm-46J4O1145TUNBBTG2z/view?usp=drivesdk","drive.google.com","아니오","정상"
"偵","이미지 1","https://drive.google.com/file/d/1Vuye9rduH8Xiv8qSPpCe4Rjz--vecq1o/view?usp=drive_link","drive.google.com","아니오","정상"
"偵","획순 이미지","https://drive.google.com/file/d/1qu6SMEphhYJZFC-bTHl5lOICb5aHxrqt/view?usp=drivesdk","drive.google.com","아니오","정상"
"艇","이미지 1","https://drive.google.com/file/d/1j6Z6RiJ8CSbdqmybWcygHP4eknUN6_b-/view?usp=drive_link","drive.google.com","아니오","정상"
"艇","획순 이미지","https://drive.google.com/file/d/1xSHybeqEcDna5BODHKnTAdvvAQs2nheR/view?usp=drivesdk","drive.google.com","아니오","정상"
"丼","이미지 1","https://drive.google.com/file/d/1jcCnIBv0ZTK_6HrB0Xiy1LoIv0czzMbW/view?usp=drive_link","drive.google.com","아니오","정상"
"丼","획순 이미지","https://drive.google.com/file/d/13gU3Oov5aqlnE9QhVirXmBLClUJLFR_q/view?usp=drivesdk","drive.google.com","아니오","정상"
"剤","이미지 1","https://drive.google.com/file/d/1gwZ9LVz1i76TSkLrMoNFlebGwA4SdO-c/view?usp=drive_link","drive.google.com","아니오","정상"
"剤","획순 이미지","https://drive.google.com/file/d/16FlwUyaAlI_HTZe-KmHjd0ryxUlv4zi_/view?usp=drivesdk","drive.google.com","아니오","정상"
"堤","이미지 1","https://drive.google.com/file/d/1yyV9egVn8YfFRqLGi8vxQwSg4mvoxoJk/view?usp=drive_link","drive.google.com","아니오","정상"
"堤","획순 이미지","https://drive.google.com/file/d/1B761GAwbHrHLvAuJBUl1BUKiXbRn4m-i/view?usp=drivesdk","drive.google.com","아니오","정상"
"帝","이미지 1","https://drive.google.com/file/d/1vVDXcHZ4BAlUdoUoi6TBERRCsu2QdIcP/view?usp=drive_link","drive.google.com","아니오","정상"
"帝","획순 이미지","https://drive.google.com/file/d/1rLSleU1u1xs930eW9pDwis1fMwr_HXaF/view?usp=drivesdk","drive.google.com","아니오","정상"
"斉","이미지 1","https://drive.google.com/file/d/1lcQcD7lNwVlxaoOT-LZH0h9TQ1gpLXFb/view?usp=drive_link","drive.google.com","아니오","정상"
"斉","획순 이미지","https://drive.google.com/file/d/1gJttrTXPZyTWsfUe9M4bxuKuz7rM4SD9/view?usp=drivesdk","drive.google.com","아니오","정상"
"燥","이미지 1","https://drive.google.com/file/d/1NRT1eQF8WknxHML1VEKaE46wjzZvUlAz/view?usp=drive_link","drive.google.com","아니오","정상"
"燥","획순 이미지","https://drive.google.com/file/d/1ShneRux0F3PNQi9f4vnFwzdLtycnGDjz/view?usp=drivesdk","drive.google.com","아니오","정상"
"繰","이미지 1","https://drive.google.com/file/d/1cMt7qd_fwJxz2Y4O0NGAig1B1uM27ooy/view?usp=drive_link","drive.google.com","아니오","정상"
"繰","획순 이미지","https://drive.google.com/file/d/1VWrxe0Wnlz2rIDH82wha6X-FJncwMld6/view?usp=drivesdk","drive.google.com","아니오","정상"
"阻","이미지 1","https://drive.google.com/file/d/1241bFVadjK9-0BPTVFNGfBh9_RquPtby/view?usp=drive_link","drive.google.com","아니오","정상"
"阻","획순 이미지","https://drive.google.com/file/d/18ncopIgHK11XqDGQrP6LYEakkBT702wo/view?usp=drivesdk","drive.google.com","아니오","정상"
"彫","이미지 1","https://drive.google.com/file/d/1x9qbvSg7behjQLrBCm0zXqqi4C5d6pdR/view?usp=drive_link","drive.google.com","아니오","정상"
"彫","획순 이미지","https://drive.google.com/file/d/1t9lF6nA6J-lDPQcKBPMMh55xdbXdrqom/view?usp=drivesdk","drive.google.com","아니오","정상"
"措","이미지 1","https://drive.google.com/file/d/12Lg_0fbZVQnhl0Oc26OMiIXjkmjWwF8G/view?usp=drive_link","drive.google.com","아니오","정상"
"措","획순 이미지","https://drive.google.com/file/d/1RfQ1ZWU2HsL2rq7dlloG1dT33n99vwDS/view?usp=drivesdk","drive.google.com","아니오","정상"
"粗","이미지 1","https://drive.google.com/file/d/1gsmsM1ZgtsXYQnYbDOO0-kqlSylZmwzB/view?usp=drive_link","drive.google.com","아니오","정상"
"粗","획순 이미지","https://drive.google.com/file/d/12_2hH4Cz_lFejysS-m0FSGl37FieFtmo/view?usp=drivesdk","drive.google.com","아니오","정상"
"遭","이미지 1","https://drive.google.com/file/d/1h5gNRWKW6Ya_Y4wbCPDiByUQzzyePzfm/view?usp=drive_link","drive.google.com","아니오","정상"
"遭","획순 이미지","https://drive.google.com/file/d/1dkrp5WH_gWeAAgyG3znmX9TjXKYX61rU/view?usp=drivesdk","drive.google.com","아니오","정상"
"弔","이미지 1","https://drive.google.com/file/d/1d_kUiPlxECRdYX8QSrb3o8schGySA0dJ/view?usp=drive_link","drive.google.com","아니오","정상"
"弔","획순 이미지","https://drive.google.com/file/d/1m7iWPyxvTIH8-Wn6GEsuJP5ZPHmeNamh/view?usp=drivesdk","drive.google.com","아니오","정상"
"租","이미지 1","https://drive.google.com/file/d/1PbacxGGJvCqUV1-4ukdvrKe7Qpj--YEo/view?usp=drive_link","drive.google.com","아니오","정상"
"租","획순 이미지","https://drive.google.com/file/d/1-HIbf16xs3GeVAOUbc1BG27YEWQOIOU7/view?usp=drivesdk","drive.google.com","아니오","정상"
"釣","이미지 1","https://drive.google.com/file/d/1tnm3mt4xb0ceQyWg7QSxvDD204lDb6y_/view?usp=share_link","drive.google.com","아니오","정상"
"釣","획순 이미지","https://drive.google.com/file/d/16iQqpwKlCxvZNa5J0GwUkbChL0kjDaSg/view?usp=drivesdk","drive.google.com","아니오","정상"
"曹","이미지 1","https://drive.google.com/file/d/1-mQ-ByIxqHCZiQjvVHrJaCRst0F_WT3h/view?usp=drive_link","drive.google.com","아니오","정상"
"曹","획순 이미지","https://drive.google.com/file/d/12yq0Rypj8Csw9Q1VtUQgpiP70IE3LzKi/view?usp=drivesdk","drive.google.com","아니오","정상"
"眺","이미지 1","https://drive.google.com/file/d/1A3cZwa0act7oNVGbqAfgGO-mjcpPOY9v/view?usp=drive_link","drive.google.com","아니오","정상"
"眺","획순 이미지","https://drive.google.com/file/d/13rf0iNtxTK3pnkMhUUn3xzxRu1u1ocdW/view?usp=drivesdk","drive.google.com","아니오","정상"
"詔","이미지 1","https://drive.google.com/file/d/16AMIXKSSPMYLtb2zc6pQIYzDxtoFvEVi/view?usp=drive_link","drive.google.com","아니오","정상"
"詔","획순 이미지","https://drive.google.com/file/d/19SyDiTD8mOmq0C59fKVo_BW1JHmsBZLx/view?usp=drivesdk","drive.google.com","아니오","정상"
"槽","이미지 1","https://drive.google.com/file/d/1_v8sE5DjBNYYBJS97mmgt745wPVqYKaF/view?usp=drive_link","drive.google.com","아니오","정상"
"槽","획순 이미지","https://drive.google.com/file/d/1BOUNRVIu3GwBuvb7SoPOgqRQI_jEF19i/view?usp=drivesdk","drive.google.com","아니오","정상"
"藻","이미지 1","https://drive.google.com/file/d/1Dqbn6jQeaRGMCcbBcmfMwcljQHgozdKE/view?usp=drive_link","drive.google.com","아니오","정상"
"藻","획순 이미지","https://drive.google.com/file/d/1a7T-PPgO9_629HUNNUI0VxIRAhtoi_PB/view?usp=drivesdk","drive.google.com","아니오","정상"
"爪","이미지 1","https://drive.google.com/file/d/1BL0es0BKXIFp0pmKR_WDB7b_WUozD_Qp/view?usp=drive_link","drive.google.com","아니오","정상"
"爪","획순 이미지","https://drive.google.com/file/d/1VMCMPqU4HaEmMAepGYuhtThKPj4szWn1/view?usp=drivesdk","drive.google.com","아니오","정상"
"嘲","이미지 1","https://drive.google.com/file/d/1hayMWESU9vZcgJBphRPoDaBKbFSmlCzp/view?usp=drive_link","drive.google.com","아니오","정상"
"嘲","획순 이미지","https://drive.google.com/file/d/1Elcl-DhoS1dSlV2fPab9LxGIUSpio51D/view?usp=drivesdk","drive.google.com","아니오","정상"
"拙","이미지 1","https://drive.google.com/file/d/1pjeeDUJQER1H1_BUfc1a5D1Vpw-eU_kJ/view?usp=drive_link","drive.google.com","아니오","정상"
"拙","획순 이미지","https://drive.google.com/file/d/1XVI1MgVq4YJxKxd0dElQdAaiXZl8S8iB/view?usp=drivesdk","drive.google.com","아니오","정상"
"鐘","이미지 1","https://drive.google.com/file/d/1yNGT_oIAK7slP7O7JacBhOOQ5SVxmZ4t/view?usp=drive_link","drive.google.com","아니오","정상"
"鐘","획순 이미지","https://drive.google.com/file/d/1XrrhGyYOlRy0NjgFsZoX9SHVTK_bDEte/view?usp=drivesdk","drive.google.com","아니오","정상"
"腫","이미지 1","https://drive.google.com/file/d/1l8sO-HbaxdqpKpkCjMPYaK_FJg-0JWgw/view?usp=drive_link","drive.google.com","아니오","정상"
"腫","획순 이미지","https://drive.google.com/file/d/1zzelIxtgoT4wh58ZVS_9Kn25iGrOMRKZ/view?usp=drivesdk","drive.google.com","아니오","정상"
"踪","이미지 1","https://drive.google.com/file/d/1XxKIqco5qYL7UC7e2Q_1mlbJGxYZ1aPx/view?usp=drive_link","drive.google.com","아니오","정상"
"踪","획순 이미지","https://drive.google.com/file/d/1A-2Wkxph0IK31bDCec5TTdN9VLrI7PwL/view?usp=drivesdk","drive.google.com","아니오","정상"
"挫","이미지 1","https://drive.google.com/file/d/1KwUkFxyBFQZNyYMJ62wLi_2M3xjtplWM/view?usp=drive_link","drive.google.com","아니오","정상"
"挫","획순 이미지","https://drive.google.com/file/d/14DGJnMjh3kJfQYFTInm7nsEak9PEhW5p/view?usp=drivesdk","drive.google.com","아니오","정상"
"朱","이미지 1","https://drive.google.com/file/d/1T3ggJDwra6I3VlPFlkJeferKr-jsZga2/view?usp=drive_link","drive.google.com","아니오","정상"
"朱","획순 이미지","https://drive.google.com/file/d/19XL7R3OPrzuvRy2uzV49Xo5uDrfk2wyt/view?usp=drivesdk","drive.google.com","아니오","정상"
"舟","이미지 1","https://drive.google.com/file/d/1q-1U9rQgCg8jPn5NSN4XhIqbKWF-VYTZ/view?usp=drive_link","drive.google.com","아니오","정상"
"舟","획순 이미지","https://drive.google.com/file/d/16TqhyBXB_ZM2i79XVbDb0m4NDIbSyGMl/view?usp=drivesdk","drive.google.com","아니오","정상"
"鋳","이미지 1","https://drive.google.com/file/d/1VREaEaot2riawhTz1Sbn7q62HACqNwwM/view?usp=drive_link","drive.google.com","아니오","정상"
"鋳","획순 이미지","https://drive.google.com/file/d/1Uh4Kea5_6cb-mgibwD3jHEsBT6tcaU3B/view?usp=drivesdk","drive.google.com","아니오","정상"
"駐","이미지 1","https://drive.google.com/file/d/1pzzhR3QBfa6ol9jEpF-AmQ5PhytoQ7Y_/view?usp=drive_link","drive.google.com","아니오","정상"
"駐","획순 이미지","https://drive.google.com/file/d/1y5zDZXVHd_Coz4Xd5YnhFwNCGlrLCxZk/view?usp=drivesdk","drive.google.com","아니오","정상"
"珠","이미지 1","https://drive.google.com/file/d/1FpriYQ8xmAeS-OUl4CDlfELOf1KuqYe_/view?usp=drive_link","drive.google.com","아니오","정상"
"珠","획순 이미지","https://drive.google.com/file/d/1WE0ly_h8m7Do8d-9wnpE02T5mdtL08Yn/view?usp=drivesdk","drive.google.com","아니오","정상"
"肘","이미지 1","https://drive.google.com/file/d/1tXWfcpPQWsEsbwTEbAVBhBV-0kEGufUl/view?usp=drive_link","drive.google.com","아니오","정상"
"肘","획순 이미지","https://drive.google.com/file/d/1IJonmWoPOXuse8n1s54chSIbSSYX1fWc/view?usp=drivesdk","drive.google.com","아니오","정상"
"呪","이미지 1","https://drive.google.com/file/d/1xEpzJv9x3gOSmLN12FltlN8-dwJFu9qc/view?usp=drive_link","drive.google.com","아니오","정상"
"呪","획순 이미지","https://drive.google.com/file/d/1-v1V_SSvTNdakbzVxz7t2fY2obZ5dxyF/view?usp=drivesdk","drive.google.com","아니오","정상"
"酎","이미지 1","https://drive.google.com/file/d/1tS6Xw8s_znFI6yvHmA6gVC62irYafLdL/view?usp=drive_link","drive.google.com","아니오","정상"
"酎","획순 이미지","https://drive.google.com/file/d/1VaIoNUkKWiv0Q5tLkLMFcU0mBR3YA7sx/view?usp=drivesdk","drive.google.com","아니오","정상"
"遵","이미지 1","https://drive.google.com/file/d/1yG084s2xaKWZ3HL6HZR_kXAV1c10YQ0M/view?usp=drive_link","drive.google.com","아니오","정상"
"遵","획순 이미지","https://drive.google.com/file/d/1XsuY7NMZtgV3F6ukBBi4yjfmBwJWEkLi/view?usp=drivesdk","drive.google.com","아니오","정상"
"俊","이미지 1","https://drive.google.com/file/d/1RcQWcYUJZ3XpAW2LM50FgxKu8Pd1jedh/view?usp=drive_link","drive.google.com","아니오","정상"
"俊","획순 이미지","https://drive.google.com/file/d/15wTSxqORBE-1NzAljSqymtq0D-nLADID/view?usp=drivesdk","drive.google.com","아니오","정상"
"准","이미지 1","https://drive.google.com/file/d/1h9R1MBk1Au7JyD0d_er358sSza1E-I9v/view?usp=drive_link","drive.google.com","아니오","정상"
"准","획순 이미지","https://drive.google.com/file/d/19JQjsSex7YhhcjufVJkSZa3aSln-C7I0/view?usp=drivesdk","drive.google.com","아니오","정상"
"即","이미지 1","https://drive.google.com/file/d/1SKwYFSZgkd94l2fsVnFwP3XGWJyW_ljn/view?usp=drive_link","drive.google.com","아니오","정상"
"即","획순 이미지","https://drive.google.com/file/d/1DsEn8r_PB8dco4CyqD3C2cC0NDQWQRUM/view?usp=drivesdk","drive.google.com","아니오","정상"
"汁","이미지 1","https://drive.google.com/file/d/1mqHLkhCEjN343D_BZn54Y08jW4WK597m/view?usp=drive_link","drive.google.com","아니오","정상"
"汁","획순 이미지","https://drive.google.com/file/d/1szeMgZ16zSPmPwfXRdUmDCG75m1YOPhU/view?usp=drivesdk","drive.google.com","아니오","정상"
"贈","이미지 1","https://drive.google.com/file/d/10Ef3hYWrHcf9pi7MkCNXZISUYplJHdTo/view?usp=drive_link","drive.google.com","아니오","정상"
"贈","획순 이미지","https://drive.google.com/file/d/1rNGLgAkBnbicnoEUo1vFndjQRwWBlQ93/view?usp=drivesdk","drive.google.com","아니오","정상"
"憎","이미지 1","https://drive.google.com/file/d/1xC62N4jpGBJSaw-QWaKyDK-1vdBeg-mH/view?usp=drive_link","drive.google.com","아니오","정상"
"憎","획순 이미지","https://drive.google.com/file/d/1QQkmDx2CDzK9Yz9WFx0sO_IOp0YiHBeQ/view?usp=drivesdk","drive.google.com","아니오","정상"
"症","이미지 1","https://drive.google.com/file/d/15qJvgtsAZ9a3kQpGjfFutRBOLqV9Z-zx/view?usp=drive_link","drive.google.com","아니오","정상"
"症","획순 이미지","https://drive.google.com/file/d/1TBe9Cs1ZQh7nGjdyReVvTapI-GJQsujj/view?usp=drivesdk","drive.google.com","아니오","정상"
"曽","이미지 1","https://drive.google.com/file/d/1z6UzeT9whOsq1sxe4Dp8FrbWdrpZNR7j/view?usp=drive_link","drive.google.com","아니오","정상"
"曽","획순 이미지","https://drive.google.com/file/d/1cZFxaTZz1eh-VglOcN9d4sq0On1AKAbH/view?usp=drivesdk","drive.google.com","아니오","정상"
"芝","이미지 1","https://drive.google.com/file/d/1w7MbiTYBgnGSp-n2iRMVS9m00QwQkrzH/view?usp=drive_link","drive.google.com","아니오","정상"
"芝","획순 이미지","https://drive.google.com/file/d/1Vw5NKzn3Q1JzLcQSSFwzB4TTIVRh9SxX/view?usp=drivesdk","drive.google.com","아니오","정상"
"旨","이미지 1","https://drive.google.com/file/d/1RBLqrwOAUDyf7AvoqBTK5AZXM2-33A7_/view?usp=drive_link","drive.google.com","아니오","정상"
"旨","획순 이미지","https://drive.google.com/file/d/1zOxKI9anMuGWKibGIz42mlqcBWWWHlXk/view?usp=drivesdk","drive.google.com","아니오","정상"
"脂","이미지 1","https://drive.google.com/file/d/12thD2jZ4PaAuuqz9d0LDp6lOYD0U6kHK/view?usp=drive_link","drive.google.com","아니오","정상"
"脂","획순 이미지","https://drive.google.com/file/d/1ILxyaPLb8ZEozXWY4MfZx4ltqOmkAj5j/view?usp=drivesdk","drive.google.com","아니오","정상"
"遅","이미지 1","https://drive.google.com/file/d/1xPy-AuovPotFn2GfJeMQbHju68ecTckK/view?usp=drive_link","drive.google.com","아니오","정상"
"遅","획순 이미지","https://drive.google.com/file/d/1GAN8gnciLTMGEtjd9ppK82OfL61V2fiP/view?usp=drivesdk","drive.google.com","아니오","정상"
"祉","이미지 1","https://drive.google.com/file/d/1KVYN0XyLA1KRQvw4IiZvoL-nmGUqyyqk/view?usp=drive_link","drive.google.com","아니오","정상"
"祉","획순 이미지","https://drive.google.com/file/d/19FQzoYNSuTahkHSiAhRSpi0jck2ekzxf/view?usp=drivesdk","drive.google.com","아니오","정상"
"肢","이미지 1","https://drive.google.com/file/d/1XDiIR0Tu4tqYbJ6Eh4RYJ35FAVH-iXz2/view?usp=drive_link","drive.google.com","아니오","정상"
"肢","획순 이미지","https://drive.google.com/file/d/1YxygWb3045scAyG7qs3WuU7CAr4PZd5_/view?usp=drivesdk","drive.google.com","아니오","정상"
"漬","이미지 1","https://drive.google.com/file/d/1n4rMF2q8_edZ1RaLXTC5jr00JnsH1oks/view?usp=drive_link","drive.google.com","아니오","정상"
"漬","획순 이미지","https://drive.google.com/file/d/1LKf4c2kdmXOKcUx-9Mb-v9brTeJGuTms/view?usp=drivesdk","drive.google.com","아니오","정상"
"摯","이미지 1","https://drive.google.com/file/d/1qem1ZEpxwDTXHmM9mUWpuxVmBJwFyD1c/view?usp=drive_link","drive.google.com","아니오","정상"
"摯","획순 이미지","https://drive.google.com/file/d/1H2hoExRyZ63C6ZWPsNy6ESwHING3dLrX/view?usp=drivesdk","drive.google.com","아니오","정상"
"尽","이미지 1","https://drive.google.com/file/d/1C3iGeVKhHKXZuFQneqyCoUl1LzPjoh9U/view?usp=drive_link","drive.google.com","아니오","정상"
"尽","획순 이미지","https://drive.google.com/file/d/1c1tB-5c8T0W5EIXR70GmaMtiSgigrWr3/view?usp=drivesdk","drive.google.com","아니오","정상"
"珍","이미지 1","https://drive.google.com/file/d/1qZ3HrMf8AlV4tTlhsl75wNDL6rW9cgut/view?usp=drive_link","drive.google.com","아니오","정상"
"珍","획순 이미지","https://drive.google.com/file/d/1StBhlTaQUGiBUW3idMxgNDyEM18JXIjn/view?usp=drivesdk","drive.google.com","아니오","정상"
"陣","이미지 1","https://drive.google.com/file/d/1jLx9IlFk2Mvd0PCRV0vL7ieReOG8EMSg/view?usp=drive_link","drive.google.com","아니오","정상"
"陣","획순 이미지","https://drive.google.com/file/d/1Zk3qeMLlOsQ6o4ziD_FN7GiNbZvENpfo/view?usp=drivesdk","drive.google.com","아니오","정상"
"振","이미지 1","https://drive.google.com/file/d/1d7AuR2kz1llp7_c-XYUaaCJMTt_eutTK/view?usp=drive_link","drive.google.com","아니오","정상"
"振","획순 이미지","https://drive.google.com/file/d/1xlqPgySTGdmP19k3GBs4IB7NPsHDaCLT/view?usp=drivesdk","drive.google.com","아니오","정상"
"震","이미지 1","https://drive.google.com/file/d/1MgEbSgySqLKyAjdk6UWsZH77AIkeyEWP/view?usp=drive_link","drive.google.com","아니오","정상"
"震","획순 이미지","https://drive.google.com/file/d/11iAlSGcM_eLc5TXINUSLtktioFLG-1Fz/view?usp=drivesdk","drive.google.com","아니오","정상"
"陳","이미지 1","https://drive.google.com/file/d/1xTBTMkhrjswhg-mq9fn_orGD5B7x4Qvc/view?usp=drive_link","drive.google.com","아니오","정상"
"陳","획순 이미지","https://drive.google.com/file/d/1TYz81Om8Rt2558SQ3dwoqCUrvonsup7m/view?usp=drivesdk","drive.google.com","아니오","정상"
"鎮","이미지 1","https://drive.google.com/file/d/1EZ1hTBWw_Bk_Usbpx_1CK7NQ9M-umuUc/view?usp=drive_link","drive.google.com","아니오","정상"
"鎮","획순 이미지","https://drive.google.com/file/d/1DGY6XZTa01K0o8qev1vE5PdaO_SdmBX3/view?usp=drivesdk","drive.google.com","아니오","정상"
"津","이미지 1","https://drive.google.com/file/d/1RnKTo8EihWbUhszDJrby9qrr4jRcisbT/view?usp=drive_link","drive.google.com","아니오","정상"
"津","획순 이미지","https://drive.google.com/file/d/1FsCLjeMRCi98u2V9Iq1cF1ToX6_sv6QY/view?usp=drivesdk","drive.google.com","아니오","정상"
"診","이미지 1","https://drive.google.com/file/d/113ZhnIJNF9JXEe6c1JuBJfPQ5xJz8UQO/view?usp=drive_link","drive.google.com","아니오","정상"
"診","획순 이미지","https://drive.google.com/file/d/19YCmnKajPVyzUwoJDBYO54B8aoLqmZ2x/view?usp=drivesdk","drive.google.com","아니오","정상"
"疾","이미지 1","https://drive.google.com/file/d/10JQWfAK39Wvfmf__obUi1NmblN_LUGGz/view?usp=drive_link","drive.google.com","아니오","정상"
"疾","획순 이미지","https://drive.google.com/file/d/1abBrv4x_VAntBmID6OIc-J8j4VtibFPt/view?usp=drivesdk","drive.google.com","아니오","정상"
"窒","이미지 1","https://drive.google.com/file/d/1f3E7-w-BCbIWDuFpP6rbl3kxsQrNxkdB/view?usp=drive_link","drive.google.com","아니오","정상"
"窒","획순 이미지","https://drive.google.com/file/d/1qPFx4nvJO-LcUQWWr4iMEp625A2xPaoj/view?usp=drivesdk","drive.google.com","아니오","정상"
"迭","이미지 1","https://drive.google.com/file/d/1LTRabO434wkMn0mx5OCJNph8cPRYKi6P/view?usp=drive_link","drive.google.com","아니오","정상"
"迭","획순 이미지","https://drive.google.com/file/d/1ABRbKCUFqxCFq2cvlV4Ry8KqmzaaXunc/view?usp=drivesdk","drive.google.com","아니오","정상"
"秩","이미지 1","https://drive.google.com/file/d/1i5W7ucJUTvKvICkBC3m63LN-MSxtIMf2/view?usp=drive_link","drive.google.com","아니오","정상"
"秩","획순 이미지","https://drive.google.com/file/d/1qMi27kj-W1Pf7_GITAjKfKywOmNIzHcZ/view?usp=drivesdk","drive.google.com","아니오","정상"
"叱","이미지 1","https://drive.google.com/file/d/1QsesC35XHv3nZMkADN5u7uL9TxdOeAV_/view?usp=drive_link","drive.google.com","아니오","정상"
"叱","획순 이미지","https://drive.google.com/file/d/13LfPzz8Tpbcn-8HN0ylbgtD01Ov9U3tK/view?usp=drivesdk","drive.google.com","아니오","정상"
"嫉","이미지 1","https://drive.google.com/file/d/13YbR-_wH1nyWGap8z0EdKJM5-D9FpYT_/view?usp=drive_link","drive.google.com","아니오","정상"
"嫉","획순 이미지","https://drive.google.com/file/d/1jbpJ-b2-QsoT9fUmJgvE4Fsbvp-dtWHt/view?usp=drivesdk","drive.google.com","아니오","정상"
"朕","이미지 1","https://drive.google.com/file/d/1h0Kq73fEUXIUyEfoFrJnVydwkShf025H/view?usp=drive_link","drive.google.com","아니오","정상"
"朕","획순 이미지","https://drive.google.com/file/d/11zhfMQmbtciX90cmn603NnSXUhCxtHjo/view?usp=drivesdk","drive.google.com","아니오","정상"
"執","이미지 1","https://drive.google.com/file/d/1OgzX9ZTvPldogWGJe3Lvrvsuad9BK12P/view?usp=drive_link","drive.google.com","아니오","정상"
"執","획순 이미지","https://drive.google.com/file/d/1gsYt7Gr8oCYlQvFiu0MFOlZF-4-g1PXQ/view?usp=drivesdk","drive.google.com","아니오","정상"
"徴","이미지 1","https://drive.google.com/file/d/1Ky5Pe5eat-op5BIXRh_O_CcLvtPBkssT/view?usp=drive_link","drive.google.com","아니오","정상"
"徴","획순 이미지","https://drive.google.com/file/d/1KFVJnwNIfhMiKIsAcL6TLkU_3TCjB9YK/view?usp=drivesdk","drive.google.com","아니오","정상"
"澄","이미지 1","https://drive.google.com/file/d/1PSZ4Wq-5JcLWd-E6CRES-aNeSB35zOvi/view?usp=drive_link","drive.google.com","아니오","정상"
"澄","획순 이미지","https://drive.google.com/file/d/1TaUin9u-8xbySxWMBaO6Q_-uxTOsTIxC/view?usp=drivesdk","drive.google.com","아니오","정상"
"懲","이미지 1","https://drive.google.com/file/d/1J6SwguAF-IgjA1go1kDqEBm31QJO7q3y/view?usp=drive_link","drive.google.com","아니오","정상"
"懲","획순 이미지","https://drive.google.com/file/d/1UHb31lf1nrnzNaNs5SFmj5MsHUU4Sbpo/view?usp=drivesdk","drive.google.com","아니오","정상"
"且","이미지 1","https://drive.google.com/file/d/1jewIh8qzAj49Bm8HYifEZyN8ZISksPjD/view?usp=drive_link","drive.google.com","아니오","정상"
"且","획순 이미지","https://drive.google.com/file/d/1vAg-4grYOflr3mSlzqmub8e-ZEFeNk9L/view?usp=drivesdk","drive.google.com","아니오","정상"
"遮","이미지 1","https://drive.google.com/file/d/1eFBXkty9HlkWvopb7w3jxxyKsFL7cTb4/view?usp=drive_link","drive.google.com","아니오","정상"
"遮","획순 이미지","https://drive.google.com/file/d/1iG7zw9jPIgBxdKcw_5-c5z1RghcSXfaX/view?usp=drivesdk","drive.google.com","아니오","정상"
"搾","이미지 1","https://drive.google.com/file/d/1B_EpQkMNu82DUc1wOLdrJ5hgYTYqTZ5v/view?usp=drive_link","drive.google.com","아니오","정상"
"搾","획순 이미지","https://drive.google.com/file/d/1vgz8fUSe4koZRkWqDLUV07i6m9eYTgxa/view?usp=drivesdk","drive.google.com","아니오","정상"
"錯","이미지 1","https://drive.google.com/file/d/17oWXjr-sxldf8KFHawLT6Vo4ad_V0Q15/view?usp=drive_link","drive.google.com","아니오","정상"
"錯","획순 이미지","https://drive.google.com/file/d/1Xk1jsMBlANobqIRJbnAyFvZ1RZ2TMUfC/view?usp=drivesdk","drive.google.com","아니오","정상"
"捉","이미지 1","https://drive.google.com/file/d/1hK8Su-qYqUqmS4XehMn7QKoDYFSd2Tqi/view?usp=drive_link","drive.google.com","아니오","정상"
"捉","획순 이미지","https://drive.google.com/file/d/1z2XwwEEjzwjuaM4Gffq9cShkwaSztuKM/view?usp=drivesdk","drive.google.com","아니오","정상"
"擦","이미지 1","https://drive.google.com/file/d/1vCK9j8Vf0o0jbD9T38TAX9Uk-FyCGgZQ/view?usp=drive_link","drive.google.com","아니오","정상"
"擦","획순 이미지","https://drive.google.com/file/d/1GDM9TMEfh1O3Ym-xhjLqNoN6HX7lcAN0/view?usp=drivesdk","drive.google.com","아니오","정상"
"刹","이미지 1","https://drive.google.com/file/d/1CTaaM2bXMRkzjTNdJZrMNTtWexQYZqxU/view?usp=drive_link","drive.google.com","아니오","정상"
"刹","획순 이미지","https://drive.google.com/file/d/1KMa-cFLF9ACp4cevGdIGq24VMQC0iXye/view?usp=drivesdk","drive.google.com","아니오","정상"
"拶","이미지 1","https://drive.google.com/file/d/1wBRdupUn-F7iNDi7Mr8rtSs39FJ2kXCe/view?usp=drive_link","drive.google.com","아니오","정상"
"拶","획순 이미지","https://drive.google.com/file/d/164Wd9DWburYHZsOwaONjPqOsoXbYaJog/view?usp=drivesdk","drive.google.com","아니오","정상"
"惨","이미지 1","https://drive.google.com/file/d/1bI_6npl6WpMaLhgPVyAgdHnSOBb9iXLu/view?usp=drive_link","drive.google.com","아니오","정상"
"惨","획순 이미지","https://drive.google.com/file/d/1YqUfPeb-tVFGrVdCu8cTqjzynS7Pn3_M/view?usp=drivesdk","drive.google.com","아니오","정상"
"斬","이미지 1","https://drive.google.com/file/d/1DMzhVZ2jfZ95JcbUY2wCUlG3iq4vX2G1/view?usp=drive_link","drive.google.com","아니오","정상"
"斬","획순 이미지","https://drive.google.com/file/d/1zQsCCNUXtEem4anmgVhLi76f6QnYyMzB/view?usp=drivesdk","drive.google.com","아니오","정상"
"彰","이미지 1","https://drive.google.com/file/d/1NNsRPWQyOHcLBsGWxGBRv1OXzpUTd6yp/view?usp=drive_link","drive.google.com","아니오","정상"
"彰","획순 이미지","https://drive.google.com/file/d/1f60rMrngF72wQEphvLD2rUfxJAAWmT4s/view?usp=drivesdk","drive.google.com","아니오","정상"
"彩","이미지 1","https://drive.google.com/file/d/1ViCs0VE0Bvcg3uJ9iRAfVS3FvvKBYHjU/view?usp=drive_link","drive.google.com","아니오","정상"
"彩","획순 이미지","https://drive.google.com/file/d/1ZR00XpI_eQt0uxUFgMTY6K4ZClK2zxqb/view?usp=drivesdk","drive.google.com","아니오","정상"
"債","이미지 1","https://drive.google.com/file/d/1TXMOQkOUNBXWJ3kQkRTvAMkHAe2bgZhO/view?usp=drive_link","drive.google.com","아니오","정상"
"債","획순 이미지","https://drive.google.com/file/d/18dhBf_gtjEKOhDwcIItEIQpZ1WnozMOE/view?usp=drivesdk","drive.google.com","아니오","정상"
"采","이미지 1","https://drive.google.com/file/d/1Kivd3F_JS4ysSR58I2Y1iFjdojurDB41/view?usp=drive_link","drive.google.com","아니오","정상"
"采","획순 이미지","https://drive.google.com/file/d/11Y928yQxBlWcACvk2zU2QpZHA73MtS8k/view?usp=drivesdk","drive.google.com","아니오","정상"
"柵","이미지 1","https://drive.google.com/file/d/1KtEb_5uLLnNOMLGKXCYKVCkFXAx3GDss/view?usp=drive_link","drive.google.com","아니오","정상"
"柵","획순 이미지","https://drive.google.com/file/d/1_Nusyq3_xpjKRXJrdEVQ4Ks6l2Kx0xzw/view?usp=drivesdk","drive.google.com","아니오","정상"
"凄","이미지 1","https://drive.google.com/file/d/1babD7gKtSnKu37jsLAssyaeNRcUpDTQI/view?usp=drive_link","drive.google.com","아니오","정상"
"凄","획순 이미지","https://drive.google.com/file/d/1YiUx96Fxv4VkAXkzxQZA2dMbpc2FUm0y/view?usp=drivesdk","drive.google.com","아니오","정상"
"拓","이미지 1","https://drive.google.com/file/d/1cyncB9Vt_KWb4t6GCqzxGmATOP81FsL1/view?usp=drive_link","drive.google.com","아니오","정상"
"拓","획순 이미지","https://drive.google.com/file/d/1-U_wRs-lOKlwrd358TDTsnZmhKfYyru0/view?usp=drivesdk","drive.google.com","아니오","정상"
"斥","이미지 1","https://drive.google.com/file/d/1WSGe0hxMwHrgaiC2-NYCjni2FgdU-6nf/view?usp=drive_link","drive.google.com","아니오","정상"
"斥","획순 이미지","https://drive.google.com/file/d/1ivomr0EnFwBcBLGs95uZcoCybLiTQiUh/view?usp=drivesdk","drive.google.com","아니오","정상"
"隻","이미지 1","https://drive.google.com/file/d/1miIbpyJUOu-SZxNHcB8FHZ4PeIKZEPp4/view?usp=drive_link","drive.google.com","아니오","정상"
"隻","획순 이미지","https://drive.google.com/file/d/15lJeqVO0uWgS7v785edMWQCnuhBSePhR/view?usp=drivesdk","drive.google.com","아니오","정상"
"捗","이미지 1","https://drive.google.com/file/d/1ewwlzwGCU2r38n-ykwmwbxcOS3L2haIq/view?usp=drive_link","drive.google.com","아니오","정상"
"捗","획순 이미지","https://drive.google.com/file/d/1mXrMcXj3fH6ns5bCLheV434WM1Xenj7A/view?usp=drivesdk","drive.google.com","아니오","정상"
"脊","이미지 1","https://drive.google.com/file/d/1eq00pkR1lIyVdRgOtv1ssf4yXd3mm_OQ/view?usp=drive_link","drive.google.com","아니오","정상"
"脊","획순 이미지","https://drive.google.com/file/d/11SsD7dSc2mNkIUI182k57lx4wM5Fymr0/view?usp=drivesdk","drive.google.com","아니오","정상"
"戚","이미지 1","https://drive.google.com/file/d/1QIjyMTormdFsA3JUBfRN6x13_k-y6_Gk/view?usp=drive_link","drive.google.com","아니오","정상"
"戚","획순 이미지","https://drive.google.com/file/d/1HysYXkG-4JkIvyjmY9ndHDQTPX5i8zXl/view?usp=drivesdk","drive.google.com","아니오","정상"
"践","이미지 1","https://drive.google.com/file/d/1OzZVQGM_vltuVGt8g24NVFDo4jagDrr0/view?usp=drive_link","drive.google.com","아니오","정상"
"践","획순 이미지","https://drive.google.com/file/d/1q_FQfTT-B6AszczmKrZhIDwu6sl2HN6V/view?usp=drivesdk","drive.google.com","아니오","정상"
"遷","이미지 1","https://drive.google.com/file/d/1r51wkHzq0286euIB-BZFXIqGY9qMMnUO/view?usp=drive_link","drive.google.com","아니오","정상"
"遷","획순 이미지","https://drive.google.com/file/d/13thvuHVWXOEiOpVi_37SD-eBvhfrXNGS/view?usp=drivesdk","drive.google.com","아니오","정상"
"薦","이미지 1","https://drive.google.com/file/d/1WsOAK1K8DhmhJw07_Tj0G2f_2sas41R9/view?usp=drive_link","drive.google.com","아니오","정상"
"薦","획순 이미지","https://drive.google.com/file/d/1tCXY816ffIciuV8Wkini6nZ27J1yUH0G/view?usp=drivesdk","drive.google.com","아니오","정상"
"哲","이미지 1","https://drive.google.com/file/d/1kiFNJ1coyvqN7cCCVLYyo08-tqcboPX4/view?usp=drive_link","drive.google.com","아니오","정상"
"哲","획순 이미지","https://drive.google.com/file/d/1hD4tVfT9DvT0EkY6VPfbTMns71hEOcvd/view?usp=drivesdk","drive.google.com","아니오","정상"
"凸","이미지 1","https://drive.google.com/file/d/1_wY_GaHoP_zY4x6VVcpTQXwoyINer6qV/view?usp=drive_link","drive.google.com","아니오","정상"
"凸","획순 이미지","https://drive.google.com/file/d/1aNzci4v6RmtpmCv2fWSmlOy2CY5LBFvb/view?usp=drivesdk","drive.google.com","아니오","정상"
"徹","이미지 1","https://drive.google.com/file/d/1bz1aTweGxLpgyG3lMQQv9y5V2xONb87T/view?usp=drive_link","drive.google.com","아니오","정상"
"徹","획순 이미지","https://drive.google.com/file/d/1FqxAmSqA2VYWF-_oOaD2X1enLjmXAr0z/view?usp=drivesdk","drive.google.com","아니오","정상"
"撤","이미지 1","https://drive.google.com/file/d/1KfznCH0KCCQ1L-tHy2xV67e1y30e3jbY/view?usp=drive_link","drive.google.com","아니오","정상"
"撤","획순 이미지","https://drive.google.com/file/d/1CoEwCSgov0qiHGSL5uAp1Stvyb0nthMy/view?usp=drivesdk","drive.google.com","아니오","정상"
"添","이미지 1","https://drive.google.com/file/d/1ClLqPzb_iphmVlyHtqVmA58y8FlefW8S/view?usp=drive_link","drive.google.com","아니오","정상"
"添","획순 이미지","https://drive.google.com/file/d/1i4Vl14XZgPFJ4mwtBBOgFbpEY5KGy3Nh/view?usp=drivesdk","drive.google.com","아니오","정상"
"畳","이미지 1","https://drive.google.com/file/d/107FdCERS6YN2KknL09lHroP8-BUH8uko/view?usp=drive_link","drive.google.com","아니오","정상"
"畳","획순 이미지","https://drive.google.com/file/d/1JjHTFEHhZ8uKGkh4klTJ_1NDx14IR-y2/view?usp=drivesdk","drive.google.com","아니오","정상"
"貼","이미지 1","https://drive.google.com/file/d/1cQIEsWLcNOIkFFEWjY8buYwyJ68TftYs/view?usp=drive_link","drive.google.com","아니오","정상"
"貼","획순 이미지","https://drive.google.com/file/d/1hZd_Bt-uZJkTylRHaKH0nfr2Dx56ka11/view?usp=drivesdk","drive.google.com","아니오","정상"
"請","이미지 1","https://drive.google.com/file/d/1VN67yyCI7jZa3UTD_N54LRfwXuijWvW2/view?usp=drive_link","drive.google.com","아니오","정상"
"請","획순 이미지","https://drive.google.com/file/d/13LBfW66OGvBEAaxYyXCLHEM8WD2M3HjI/view?usp=drivesdk","drive.google.com","아니오","정상"
"聴","이미지 1","https://drive.google.com/file/d/13jH4PbfIFca-12yUlmVrFXfBSBTH-GZv/view?usp=drive_link","drive.google.com","아니오","정상"
"聴","획순 이미지","https://drive.google.com/file/d/1xSkYCj4-HDqAFHm1uQofQiJ5JqSUWA--/view?usp=drivesdk","drive.google.com","아니오","정상"
"替","이미지 1","https://drive.google.com/file/d/1u3VXrrgwoPRLD5k9its_9_Q6UGAfqkL_/view?usp=drive_link","drive.google.com","아니오","정상"
"替","획순 이미지","https://drive.google.com/file/d/1rJXw9YLGSqP_G9B9GImrxIvjiFCLoN8X/view?usp=drivesdk","drive.google.com","아니오","정상"
"逮","이미지 1","https://drive.google.com/file/d/18nQ9C6VaPZ3tiE-uziilW_UtwWeObtOk/view?usp=drive_link","drive.google.com","아니오","정상"
"逮","획순 이미지","https://drive.google.com/file/d/1XhWBG0FBrTQ-7Txl7GsFkhtzzV_XePzU/view?usp=drivesdk","drive.google.com","아니오","정상"
"滞","이미지 1","https://drive.google.com/file/d/1oCTFnk53G9d6hVRZq802I5iaLOPfCLCu/view?usp=drive_link","drive.google.com","아니오","정상"
"滞","획순 이미지","https://drive.google.com/file/d/1v3QoZ8m20w9BDWi2mEwXeSDMaI7Ikmzt/view?usp=drivesdk","drive.google.com","아니오","정상"
"締","이미지 1","https://drive.google.com/file/d/1RuZZjv2_yxqfy_7SWJSZ4NR8LfiGbNMM/view?usp=drive_link","drive.google.com","아니오","정상"
"締","획순 이미지","https://drive.google.com/file/d/1Y9q2hXWvo6pI23vPRs-EZiBiLtiZ8nfO/view?usp=drivesdk","drive.google.com","아니오","정상"
"逓","이미지 1","https://drive.google.com/file/d/1VKY9vLFmTMJWRmW19mrV0wc7YVgb2-rM/view?usp=drive_link","drive.google.com","아니오","정상"
"逓","획순 이미지","https://drive.google.com/file/d/1hFlouc6N8OMEo2gb8KxgMmLpsS6p7XqY/view?usp=drivesdk","drive.google.com","아니오","정상"
"諦","이미지 1","https://drive.google.com/file/d/1zIJaAd7In7oiNopbWbEUjOhIxWlzCsIC/view?usp=drive_link","drive.google.com","아니오","정상"
"諦","획순 이미지","https://drive.google.com/file/d/1OI4L6PxS56FFMDsfZ9r2hTUj-9SFUWwn/view?usp=drivesdk","drive.google.com","아니오","정상"
"超","이미지 1","https://drive.google.com/file/d/10GjiVQoQwmaO4s0MFoMVUJGyGeEh24Kx/view?usp=drive_link","drive.google.com","아니오","정상"
"超","획순 이미지","https://drive.google.com/file/d/17X39KfHfQDSx7BnQCRA-5YBo_TBOnVcj/view?usp=drivesdk","drive.google.com","아니오","정상"
"焦","이미지 1","https://drive.google.com/file/d/1DtuKBVj7IxmgI63B7km-gCwPGYak5p7M/view?usp=drive_link","drive.google.com","아니오","정상"
"焦","획순 이미지","https://drive.google.com/file/d/1IvPCyytvE7pwR47wDye8uYJEwjLoUmrC/view?usp=drivesdk","drive.google.com","아니오","정상"
"礎","이미지 1","https://drive.google.com/file/d/1hBJRxZ8nRwSGWj3VO65NV8bckLZKRf3q/view?usp=drive_link","drive.google.com","아니오","정상"
"礎","획순 이미지","https://drive.google.com/file/d/1-x1987gu6IkZmEcTKmk3vD_Smz919wpb/view?usp=drivesdk","drive.google.com","아니오","정상"
"肖","이미지 1","https://drive.google.com/file/d/1o5KpnMFpyIGh95Eqle5gS1JF1lcnGWC7/view?usp=drive_link","drive.google.com","아니오","정상"
"肖","획순 이미지","https://drive.google.com/file/d/1kYVBdkgA2y6Piw2Gj-sp3IPRMf5N61hm/view?usp=drivesdk","drive.google.com","아니오","정상"
"抄","이미지 1","https://drive.google.com/file/d/1dm89zFBB5SzCj-azfQTB1fQxsDt8s_J4/view?usp=drive_link","drive.google.com","아니오","정상"
"抄","획순 이미지","https://drive.google.com/file/d/1-0miqjFA634AgD1QMvP45TkSP24AXjb9/view?usp=drivesdk","drive.google.com","아니오","정상"
"硝","이미지 1","https://drive.google.com/file/d/1UJai984itb9-2yv66yeFKFhr-wLP1k_q/view?usp=drive_link","drive.google.com","아니오","정상"
"硝","획순 이미지","https://drive.google.com/file/d/1xkNu40F4oZP7IrSayAQWFX3eiLkdsySr/view?usp=drivesdk","drive.google.com","아니오","정상"
"酢","이미지 1","https://drive.google.com/file/d/1mSrrskUx0O5t68QTp0H6_kD_KNlguhp6/view?usp=drive_link","drive.google.com","아니오","정상"
"酢","획순 이미지","https://drive.google.com/file/d/1QZ1nV6inLxJ_fy51bPpEWtoFqf5drcXr/view?usp=drivesdk","drive.google.com","아니오","정상"
"礁","이미지 1","https://drive.google.com/file/d/1ZHbaRIsJETdca90ckS8lB6PeRcCzp404/view?usp=drive_link","drive.google.com","아니오","정상"
"礁","획순 이미지","https://drive.google.com/file/d/1IWBlJShFkRdXnMZaJsDpJUPy5E6rjoKL/view?usp=drivesdk","drive.google.com","아니오","정상"
"触","이미지 1","https://drive.google.com/file/d/1hSB39UelUKojqNcEbMFbxRXmTP0HI7de/view?usp=drive_link","drive.google.com","아니오","정상"
"触","획순 이미지","https://drive.google.com/file/d/1_PdCOlZuGuOTcYyftvlBFf0-HpaBuG7j/view?usp=drivesdk","drive.google.com","아니오","정상"
"促","이미지 1","https://drive.google.com/file/d/1XgssEfhXGjWMVNUUvDRES4fUkJz0nqoo/view?usp=drive_link","drive.google.com","아니오","정상"
"促","획순 이미지","https://drive.google.com/file/d/1MBzvReW71pAtAwNzhlbf22rJJ-I3h8Xu/view?usp=drivesdk","drive.google.com","아니오","정상"
"嘱","이미지 1","https://drive.google.com/file/d/1MfHUM_oXJa_WqNxrcdZMa9636Ir34vAv/view?usp=drive_link","drive.google.com","아니오","정상"
"嘱","획순 이미지","https://drive.google.com/file/d/15YUhuHc8rOFyL8cnminEFdXTLF8VYoh-/view?usp=drivesdk","drive.google.com","아니오","정상"
"塚","이미지 1","https://drive.google.com/file/d/1A2RXKXuHONnPc116Mex6jwLAVs_wXfsB/view?usp=drive_link","drive.google.com","아니오","정상"
"塚","획순 이미지","https://drive.google.com/file/d/1uj8DFzG-EU4ZZ_i7JV6N9IWa6Qcp0Nql/view?usp=drivesdk","drive.google.com","아니오","정상"
"銃","이미지 1","https://drive.google.com/file/d/1Oiu9J_b7zLTgvLOtF6S9yPNlT9yjaNSv/view?usp=drive_link","drive.google.com","아니오","정상"
"銃","획순 이미지","https://drive.google.com/file/d/1qJXb7TpM7iXK-WmgSV_3SRggXYrgMEmY/view?usp=drivesdk","drive.google.com","아니오","정상"
"撮","이미지 1","https://drive.google.com/file/d/1o4GDbMDAfmUrUkeKUX_zf1dAwNG3BKec/view?usp=drive_link","drive.google.com","아니오","정상"
"撮","획순 이미지","https://drive.google.com/file/d/11kPDmy2dmNeEkqLmk_iaoU2Km-DF4JCw/view?usp=drivesdk","drive.google.com","아니오","정상"
"催","이미지 1","https://drive.google.com/file/d/1rIfYaFJzJGDE4BzGw3GZ8GBPtSjPs-Es/view?usp=drive_link","drive.google.com","아니오","정상"
"催","획순 이미지","https://drive.google.com/file/d/1U3JdQb9Zh60-EFyQvyszDY90dazmVLQx/view?usp=drivesdk","drive.google.com","아니오","정상"
"抽","이미지 1","https://drive.google.com/file/d/1y0PebRVtLQimJ6nfMjGdVFnIIwim7MZr/view?usp=drive_link","drive.google.com","아니오","정상"
"抽","획순 이미지","https://drive.google.com/file/d/1ivTeTSD_TuusLFJjfhlBd36J7A5QygE-/view?usp=drivesdk","drive.google.com","아니오","정상"
"墜","이미지 1","https://drive.google.com/file/d/1oSIOZUclBAjG4BaURreFxTE-Kjf9kVRH/view?usp=drive_link","drive.google.com","아니오","정상"
"墜","획순 이미지","https://drive.google.com/file/d/1E92sfo1p0a1LAReKGuPwA8l5f0XR_MIH/view?usp=drivesdk","drive.google.com","아니오","정상"
"枢","이미지 1","https://drive.google.com/file/d/1oN_6iFVa3p0DrjqAmtrCyL9BffGMLHkz/view?usp=drive_link","drive.google.com","아니오","정상"
"枢","획순 이미지","https://drive.google.com/file/d/1ar0WRx-Lp4ruHI8DbU-Syoj5G6PGNXgt/view?usp=drivesdk","drive.google.com","아니오","정상"
"醜","이미지 1","https://drive.google.com/file/d/1AbUorYoNhMZeRUQwqOCmnAYfOnuSU-L8/view?usp=drive_link","drive.google.com","아니오","정상"
"醜","획순 이미지","https://drive.google.com/file/d/1iOkOb5oWVHuJB66i9cTdu-vF_h7638DX/view?usp=drivesdk","drive.google.com","아니오","정상"
"椎","이미지 1","https://drive.google.com/file/d/1GWebZtloCmP-sYC6Xyhcq0xXsIiC4FVk/view?usp=drive_link","drive.google.com","아니오","정상"
"椎","획순 이미지","https://drive.google.com/file/d/1R04mQGX1GH2VPnUwozWUnX8FOh72WN3w/view?usp=drivesdk","drive.google.com","아니오","정상"
"蓄","이미지 1","https://drive.google.com/file/d/1mrikbZeDU8QI7SlZhSlj8Ddkv8GUgzLy/view?usp=drive_link","drive.google.com","아니오","정상"
"蓄","획순 이미지","https://drive.google.com/file/d/1lXE-ZAen4W1tunZ3o_A7SlE66Xf6nRdl/view?usp=drivesdk","drive.google.com","아니오","정상"
"畜","이미지 1","https://drive.google.com/file/d/19SFc9VSW6z9YRxwgWyp6Coph8cijnFMV/view?usp=drive_link","drive.google.com","아니오","정상"
"畜","획순 이미지","https://drive.google.com/file/d/1jIfUSk6gbm2bZKKjpaRJeSc95HQMMSwZ/view?usp=drivesdk","drive.google.com","아니오","정상"
"軸","이미지 1","https://drive.google.com/file/d/1VDttX9H6Ct1b14KNdFIqwbr6ROCxEv9h/view?usp=drive_link","drive.google.com","아니오","정상"
"軸","획순 이미지","https://drive.google.com/file/d/1X_1wfSI1K-Xjbzci-ZqPZ7vfEW00ILf3/view?usp=drivesdk","drive.google.com","아니오","정상"
"逐","이미지 1","https://drive.google.com/file/d/1kZ_drCi5F-YjkMqX8tHjUArQm7Hf66sc/view?usp=drive_link","drive.google.com","아니오","정상"
"逐","획순 이미지","https://drive.google.com/file/d/1SNJQ4xOiVqEEHqgMaMU577x1W6UHysxI/view?usp=drivesdk","drive.google.com","아니오","정상"
"蹴","이미지 1","https://drive.google.com/file/d/1TdHf8uIAFi7auUl6IqUNRyHZ8Ns0lSzd/view?usp=drive_link","drive.google.com","아니오","정상"
"蹴","획순 이미지","https://drive.google.com/file/d/1xJ2FeEOOmd4xCAivzOzkHcjm3QobXkpw/view?usp=drivesdk","drive.google.com","아니오","정상"
"衝","이미지 1","https://drive.google.com/file/d/15tTToB0movQ2B2KbaIf0qazWcP2oC1vZ/view?usp=drive_link","drive.google.com","아니오","정상"
"衝","획순 이미지","https://drive.google.com/file/d/15g-t1HU9UeI0z5KLEvqyAz-AyhsbHrNl/view?usp=drivesdk","drive.google.com","아니오","정상"
"充","이미지 1","https://drive.google.com/file/d/1vmQPzAI9ZIJqZnQ-7sIN-t7tk6cUeupY/view?usp=drive_link","drive.google.com","아니오","정상"
"充","획순 이미지","https://drive.google.com/file/d/1zlf9p1FCCvi6aoDOdLFLP8cYY7r-r9p6/view?usp=drivesdk","drive.google.com","아니오","정상"
"衷","이미지 1","https://drive.google.com/file/d/1Z6ZZQgAxnVeYJFdwuyfIAxZBfDsaLpiV/view?usp=drive_link","drive.google.com","아니오","정상"
"衷","획순 이미지","https://drive.google.com/file/d/1UvimOP1jwM3972G5w_4xjCkMyXQrT9nf/view?usp=drivesdk","drive.google.com","아니오","정상"
"吹","이미지 1","https://drive.google.com/file/d/1bzyYGk7V0XFfcjmtONhO5VfozajVeOPB/view?usp=drive_link","drive.google.com","아니오","정상"
"吹","획순 이미지","https://drive.google.com/file/d/10Vd1J6R4GUx-9kGTFPbbSRPX31NZwA1P/view?usp=drivesdk","drive.google.com","아니오","정상"
"趣","이미지 1","https://drive.google.com/file/d/1LrK63gIbOV5KtLObXO4JnvXZ0-Fgbmu1/view?usp=drive_link","drive.google.com","아니오","정상"
"趣","획순 이미지","https://drive.google.com/file/d/1Yn4VU43dTUjkplBvoNQxJ-_0sM6eZFAS/view?usp=drivesdk","drive.google.com","아니오","정상"
"炊","이미지 1","https://drive.google.com/file/d/18u9p0RGyP0ImduhPi1tpPcGcg7zxj5Fe/view?usp=drive_link","drive.google.com","아니오","정상"
"炊","획순 이미지","https://drive.google.com/file/d/1jZXgkcEn-lpGOiTmLx_U27snI-qdtATo/view?usp=drivesdk","drive.google.com","아니오","정상"
"酔","이미지 1","https://drive.google.com/file/d/1fI4BPevUYxWFKVDwnz1cCCeYmU5Rrna4/view?usp=drive_link","drive.google.com","아니오","정상"
"酔","획순 이미지","https://drive.google.com/file/d/1elj6K3YS5at0vjvPzDgEkEReLYM_MYXw/view?usp=drivesdk","drive.google.com","아니오","정상"
"臭","이미지 1","https://drive.google.com/file/d/1v0fJ1oTKwYHYy9RKH356W_3nb7IxLpxG/view?usp=drive_link","drive.google.com","아니오","정상"
"臭","획순 이미지","https://drive.google.com/file/d/1PFY_ZF5C4dfxX4JCCLzLanHYuSr-0fHE/view?usp=drivesdk","drive.google.com","아니오","정상"
"致","이미지 1","https://drive.google.com/file/d/1Yy3YIzHtQfmkRAgxnSWyvEUxQcRgo8iN/view?usp=drive_link","drive.google.com","아니오","정상"
"致","획순 이미지","https://drive.google.com/file/d/1_DUsJV9gP87YeTEF28TwCPhFx4o36mwz/view?usp=drivesdk","drive.google.com","아니오","정상"
"恥","이미지 1","https://drive.google.com/file/d/1s4fi9-7XSzH_g30izf2bKRBnN3EYRo3M/view?usp=drive_link","drive.google.com","아니오","정상"
"恥","획순 이미지","https://drive.google.com/file/d/1qPqnEIz4I7WetEdZzVhO_RVQiWRoy_Ig/view?usp=drivesdk","drive.google.com","아니오","정상"
"稚","이미지 1","https://drive.google.com/file/d/1rks00Tlq27YG3hjVYBHXc7zDBm1_4GXV/view?usp=drive_link","drive.google.com","아니오","정상"
"稚","획순 이미지","https://drive.google.com/file/d/1jlutgvGsPo0-b9PASbJB8aNIv-J5cqyZ/view?usp=drivesdk","drive.google.com","아니오","정상"
"痴","이미지 1","https://drive.google.com/file/d/1qU3YM6uR3kCjWbcDjes3i4_YVvUyngPb/view?usp=drive_link","drive.google.com","아니오","정상"
"痴","획순 이미지","https://drive.google.com/file/d/1dLAi15iLIKsp7ZcITm-r_uu-DaiavgN8/view?usp=drivesdk","drive.google.com","아니오","정상"
"緻","이미지 1","https://drive.google.com/file/d/1WbhQFenNgrr4Qm-QaxwXp12lecyzQ1HE/view?usp=drive_link","drive.google.com","아니오","정상"
"緻","획순 이미지","https://drive.google.com/file/d/1hxZEY2uHAeaN1hITv9vV20nUqBmEIHor/view?usp=drivesdk","drive.google.com","아니오","정상"
"勅","이미지 1","https://drive.google.com/file/d/1Y6bQfs0eq-zWofjFXgJcb6K6buGE30dd/view?usp=drive_link","drive.google.com","아니오","정상"
"勅","획순 이미지","https://drive.google.com/file/d/1OsnMdpTge70VqQa4e8sKTJ6P1Vl8Grdw/view?usp=drivesdk","drive.google.com","아니오","정상"
"漆","이미지 1","https://drive.google.com/file/d/1HOZMe0B8AktpsMGDvs18I2yYczCGdIru/view?usp=drive_link","drive.google.com","아니오","정상"
"漆","획순 이미지","https://drive.google.com/file/d/16Ciiu2pGAtvJzkBYr8MgnjbOfwD-0e1T/view?usp=drivesdk","drive.google.com","아니오","정상"
"沈","이미지 1","https://drive.google.com/file/d/1IuSGSjt7gA6jGIv2MDgRCnusZY0E3Gvy/view?usp=drive_link","drive.google.com","아니오","정상"
"沈","획순 이미지","https://drive.google.com/file/d/1nl5kpNya0Q1az7yaxxxdLBqDnVZ57UTJ/view?usp=drivesdk","drive.google.com","아니오","정상"
"侵","이미지 1","https://drive.google.com/file/d/1oScoLZ9hfhJge53mdIdzX0bThavUX2mW/view?usp=drive_link","drive.google.com","아니오","정상"
"侵","획순 이미지","https://drive.google.com/file/d/1zQG4RhfCrGogEO8iiPP_CbTHF4XTew5q/view?usp=drivesdk","drive.google.com","아니오","정상"
"浸","이미지 1","https://drive.google.com/file/d/1s-piPmzNKWdCd_Uh747VpmF76Nee0gPq/view?usp=drive_link","drive.google.com","아니오","정상"
"浸","획순 이미지","https://drive.google.com/file/d/1RftoE5pBO4UkjXWWOMAPH-yQWZKuSlho/view?usp=drivesdk","drive.google.com","아니오","정상"
"寝","이미지 1","https://drive.google.com/file/d/13wV-NprevCHHrWN6TmoRbg0Uec4NV6Dx/view?usp=drive_link","drive.google.com","아니오","정상"
"寝","획순 이미지","https://drive.google.com/file/d/1YYyZBWx6qdwXJA1iPOvOVhn3XKYqm5g4/view?usp=drivesdk","drive.google.com","아니오","정상"
"枕","이미지 1","https://drive.google.com/file/d/1vqR5i6q4dfH0sD_prBdD9ZshQiNQ5Fdf/view?usp=drive_link","drive.google.com","아니오","정상"
"枕","획순 이미지","https://drive.google.com/file/d/1jtF5PVGx5kCJpDuSzyl9g6dHlwXa6BKk/view?usp=drivesdk","drive.google.com","아니오","정상"
"称","이미지 1","https://drive.google.com/file/d/1YmgzDebybW8eeQ6ilts_x56mMU1WDF0Z/view?usp=drive_link","drive.google.com","아니오","정상"
"称","획순 이미지","https://drive.google.com/file/d/1J60vGn8L4gVm_ajv5mRnvEznknVwimwq/view?usp=drivesdk","drive.google.com","아니오","정상"
"妥","이미지 1","https://drive.google.com/file/d/1qaMY_-meEkOQVln2bhOnXXb_H4WVS3NR/view?usp=drive_link","drive.google.com","아니오","정상"
"妥","획순 이미지","https://drive.google.com/file/d/1GFpBGKoWVlsCnzFqlrucnDMK_YT5CnO1/view?usp=drivesdk","drive.google.com","아니오","정상"
"堕","이미지 1","https://drive.google.com/file/d/1c2qrAH4jzQXWOGKPkvIXap3Kc_AtgtQ8/view?usp=drive_link","drive.google.com","아니오","정상"
"堕","획순 이미지","https://drive.google.com/file/d/1-l__X8rqiYH2MKK_OyrkRFuiPYmHGwYJ/view?usp=drivesdk","drive.google.com","아니오","정상"
"惰","이미지 1","https://drive.google.com/file/d/1QI4UDp8FX_d9Mfhz7IJiYXSmpebaWGW1/view?usp=drive_link","drive.google.com","아니오","정상"
"惰","획순 이미지","https://drive.google.com/file/d/1ZkWR3RnRpTfJjbx3ZvCw2fbU28ISxzcs/view?usp=drivesdk","drive.google.com","아니오","정상"
"駄","이미지 1","https://drive.google.com/file/d/1d3OJH0jR-NZo0FNvzv7DLTHHCDxU3mPY/view?usp=drive_link","drive.google.com","아니오","정상"
"駄","획순 이미지","https://drive.google.com/file/d/1PIWfySvWvdFLAATNa6J3_LxcUkKuuyiL/view?usp=drivesdk","drive.google.com","아니오","정상"
"唾","이미지 1","https://drive.google.com/file/d/1xpjNT72V9T_8FxGUEF1V9ABAXx-B0_ob/view?usp=drive_link","drive.google.com","아니오","정상"
"唾","획순 이미지","https://drive.google.com/file/d/1Pxlmrd-rSth1Br9PQhkroOYPPkibjHzb/view?usp=drivesdk","drive.google.com","아니오","정상"
"濁","이미지 1","https://drive.google.com/file/d/1Limz_bvOgpQtSRZ0ywe-GedtcRFg4j60/view?usp=drive_link","drive.google.com","아니오","정상"
"濁","획순 이미지","https://drive.google.com/file/d/1hIw8OgMbzh3N8LXjUc6e2j9spIrw2G5P/view?usp=drivesdk","drive.google.com","아니오","정상"
"卓","이미지 1","https://drive.google.com/file/d/1S0PWxYwGer-IztaKKRdZPhmyo1Kqiu-n/view?usp=drive_link","drive.google.com","아니오","정상"
"卓","획순 이미지","https://drive.google.com/file/d/1d5XP7h5ijlx-2CqBpoy8QstPjeqtP7NC/view?usp=drivesdk","drive.google.com","아니오","정상"
"託","이미지 1","https://drive.google.com/file/d/1OXUXfJkpyTBE1ZP4UgZ9x4TjyP2uuJZ5/view?usp=drive_link","drive.google.com","아니오","정상"
"託","획순 이미지","https://drive.google.com/file/d/19O1aGtTL34NrsFpBVU5R48nT8JO51GAM/view?usp=drivesdk","drive.google.com","아니오","정상"
"濯","이미지 1","https://drive.google.com/file/d/1M0vh5Ez66sssZ-SijhXnbeD-M89xZ0fL/view?usp=drive_link","drive.google.com","아니오","정상"
"濯","획순 이미지","https://drive.google.com/file/d/1STYfAq24rgUXCPItv9SrbahJYFu45nK8/view?usp=drivesdk","drive.google.com","아니오","정상"
"弾","이미지 1","https://drive.google.com/file/d/14CS3I4wMdINF3vqgOrpiGSBHCo50qpna/view?usp=drive_link","drive.google.com","아니오","정상"
"弾","획순 이미지","https://drive.google.com/file/d/1gFRDnDa7nkorGgc064aiu8uFS-bVzj8C/view?usp=drivesdk","drive.google.com","아니오","정상"
"嘆","이미지 1","https://drive.google.com/file/d/1cbiTNDf7VIFKLef4I-IaJxkpdj4xmgf9/view?usp=drive_link","drive.google.com","아니오","정상"
"嘆","획순 이미지","https://drive.google.com/file/d/1wkM1tQb3pDjdEGMdTdNMGkjYilfBx4ik/view?usp=drivesdk","drive.google.com","아니오","정상"
"綻","이미지 1","https://drive.google.com/file/d/1mOY-XOkH4P8AzwIlMGyvoC8oARcdzZbq/view?usp=drive_link","drive.google.com","아니오","정상"
"綻","획순 이미지","https://drive.google.com/file/d/1a23nPLsV26P8DUx9OmlJ2E8LKYvZYNla/view?usp=drivesdk","drive.google.com","아니오","정상"
"脱","이미지 1","https://drive.google.com/file/d/1bVnSPOFo8ifhAXIoqazwfNn_x9nVVi5K/view?usp=drive_link","drive.google.com","아니오","정상"
"脱","획순 이미지","https://drive.google.com/file/d/1IcKo_DvNGhO4v7yEN104ssr3JSbaGOc_/view?usp=drivesdk","drive.google.com","아니오","정상"
"奪","이미지 1","https://drive.google.com/file/d/1wDFXWyZXdXMOQmKl9hiprweom05pr7ao/view?usp=drive_link","drive.google.com","아니오","정상"
"奪","획순 이미지","https://drive.google.com/file/d/1XVi_Ryj5dWvp44BNEJDU93nkCZNzhgCg/view?usp=drivesdk","drive.google.com","아니오","정상"
"貪","이미지 1","https://drive.google.com/file/d/1Inm7A4FGR20nULpXsZqRh9Ju35UpVC0k/view?usp=drive_link","drive.google.com","아니오","정상"
"貪","획순 이미지","https://drive.google.com/file/d/17eencQ5ynF8yCepBhYgSqGjKE1XtJEYL/view?usp=drivesdk","drive.google.com","아니오","정상"
"塔","이미지 1","https://drive.google.com/file/d/1MXs958ePvJN9GeJR8ZXxa9pUCA6AtVO0/view?usp=drive_link","drive.google.com","아니오","정상"
"塔","획순 이미지","https://drive.google.com/file/d/1gYEeDAK2UG_6CIaEK9v7s2_YEhDuJxwI/view?usp=drivesdk","drive.google.com","아니오","정상"
"搭","이미지 1","https://drive.google.com/file/d/1wcwRItWc1OdujFGQB5PRzsjMEib8qVKc/view?usp=drive_link","drive.google.com","아니오","정상"
"搭","획순 이미지","https://drive.google.com/file/d/1piggqQ5a2iLE1yHVKzIkv9iYfF9scvuP/view?usp=drivesdk","drive.google.com","아니오","정상"
"怠","이미지 1","https://drive.google.com/file/d/1y5iff3Mo3ehLN_t40nKI-MDrPe2yY-F1/view?usp=share_link","drive.google.com","아니오","정상"
"怠","획순 이미지","https://drive.google.com/file/d/1fdfFfC3eTF3GwCaYLmX2bVGxtoPO45Ga/view?usp=drivesdk","drive.google.com","아니오","정상"
"胎","이미지 1","https://drive.google.com/file/d/1uX_iSP13teudMHyAYmfW8vukrBL3WyVh/view?usp=drive_link","drive.google.com","아니오","정상"
"胎","획순 이미지","https://drive.google.com/file/d/1_eiCscHETmoBiY4s3DPvuxd4ppp_lPvc/view?usp=drivesdk","drive.google.com","아니오","정상"
"泰","이미지 1","https://drive.google.com/file/d/17JFPA30zaAYI-kBca4Eq42yHlIEO22o1/view?usp=drive_link","drive.google.com","아니오","정상"
"泰","획순 이미지","https://drive.google.com/file/d/1rWoV0qgOOb5BLeyru6OJ5HICsYyxRC0k/view?usp=drivesdk","drive.google.com","아니오","정상"
"汰","이미지 1","https://drive.google.com/file/d/1Gj3weaFYWqBkK96Kd3sc8llPOC9dVOUR/view?usp=drive_link","drive.google.com","아니오","정상"
"汰","획순 이미지","https://drive.google.com/file/d/1l19ldChD3rkPYmc90FcnhBCQXe3q0KXU/view?usp=drivesdk","drive.google.com","아니오","정상"
"沢","이미지 1","https://drive.google.com/file/d/1ROEuTDa_40aWAZ5LIfpk2WUX5RgBsd4g/view?usp=drive_link","drive.google.com","아니오","정상"
"沢","획순 이미지","https://drive.google.com/file/d/1GuyjKc7800LMW9PJBocn29CPyVr6C1Mv/view?usp=drivesdk","drive.google.com","아니오","정상"
"択","이미지 1","https://drive.google.com/file/d/1KfmqpWDui2-fqUd52IsMrBPiJUbYIAXl/view?usp=drive_link","drive.google.com","아니오","정상"
"択","획순 이미지","https://drive.google.com/file/d/1Q3u91kcQlqFY67_9Vq1LDc6_USVgL2WA/view?usp=drivesdk","drive.google.com","아니오","정상"
"吐","이미지 1","https://drive.google.com/file/d/145DWVTNj13D2vrMWJoaH6YJg6QpiQ6Dw/view?usp=drive_link","drive.google.com","아니오","정상"
"吐","획순 이미지","https://drive.google.com/file/d/1pVVhOymajRECSY7fnUI4Q-QdFgdnCURQ/view?usp=drivesdk","drive.google.com","아니오","정상"
"筒","이미지 1","https://drive.google.com/file/d/1wd2RY9-HvST8uWtVwdVVUqa-LMZGJ7Pb/view?usp=drive_link","drive.google.com","아니오","정상"
"筒","획순 이미지","https://drive.google.com/file/d/1quTfuTfocKisJ1VH2YE8AIkyoBIOsc1j/view?usp=drivesdk","drive.google.com","아니오","정상"
"堆","이미지 1","https://drive.google.com/file/d/1IYJ2k4MhAdSIo3fIVQ7f4AzYEge-TlTf/view?usp=drive_link","drive.google.com","아니오","정상"
"堆","획순 이미지","https://drive.google.com/file/d/1dfEZy1iz9snFLvdmOEPcz5mmBUOOny3h/view?usp=drivesdk","drive.google.com","아니오","정상"
"透","이미지 1","https://drive.google.com/file/d/157lU34LrFXGiElA0yq3gaI7PbWBbq1lR/view?usp=drive_link","drive.google.com","아니오","정상"
"透","획순 이미지","https://drive.google.com/file/d/1Y59z2Vwg-UPWT_I9RepnOOPVblnvyKsX/view?usp=drivesdk","drive.google.com","아니오","정상"
"闘","이미지 1","https://drive.google.com/file/d/1hnFqexxPMsL5kWEQ-ZrJDvwU6hFUOqMX/view?usp=drive_link","drive.google.com","아니오","정상"
"闘","획순 이미지","https://drive.google.com/file/d/10jWRetCoEa-GJkEIzKhf4AkFsohSe4Pm/view?usp=drivesdk","drive.google.com","아니오","정상"
"妬","이미지 1","https://drive.google.com/file/d/1v-e_kkIqlZG9zsjnEMuJx0psRZVfFDux/view?usp=drive_link","drive.google.com","아니오","정상"
"妬","획순 이미지","https://drive.google.com/file/d/140DegLFBaovHcwES2OIF2fCMqjqkJ-ov/view?usp=drivesdk","drive.google.com","아니오","정상"
"婆","이미지 1","https://drive.google.com/file/d/1_IJHx1vYxMezmpVSx5vfL9FVNTDRU3sY/view?usp=drive_link","drive.google.com","아니오","정상"
"婆","획순 이미지","https://drive.google.com/file/d/1rwlXvf41Wbw05UZK-gY4BD5v47tffl_A/view?usp=drivesdk","drive.google.com","아니오","정상"
"把","이미지 1","https://drive.google.com/file/d/1wUmQRQwjg5C0LF9jLPp9idOKoAzQO345/view?usp=drive_link","drive.google.com","아니오","정상"
"把","획순 이미지","https://drive.google.com/file/d/1uy8DBetfUfdEJE6lz7p_ow4i_NrUlT4P/view?usp=drivesdk","drive.google.com","아니오","정상"
"罷","이미지 1","https://drive.google.com/file/d/1UrN7oL3MGDLFPuHIi3WMVYhZ7HKXHNXb/view?usp=drive_link","drive.google.com","아니오","정상"
"罷","획순 이미지","https://drive.google.com/file/d/1RJij8bxq8C98OwHP9LhOTPiFvtmbw-mI/view?usp=drivesdk","drive.google.com","아니오","정상"
"販","이미지 1","https://drive.google.com/file/d/1QT-CE9srccPEC32eSO3iaSYWaMUkX-w-/view?usp=drive_link","drive.google.com","아니오","정상"
"販","획순 이미지","https://drive.google.com/file/d/1YnCE8WngJ_IQIh_XG9Wabk1eojdvGtP5/view?usp=drivesdk","drive.google.com","아니오","정상"
"覇","이미지 1","https://drive.google.com/file/d/1xj06oiHWB4beitiLU4Lb_s7uQ2Xts9yx/view?usp=drive_link","drive.google.com","아니오","정상"
"覇","획순 이미지","https://drive.google.com/file/d/1DmLF49EZgoEP_t4e6VwlDY_7YYlcXk3W/view?usp=drivesdk","drive.google.com","아니오","정상"
"唄","이미지 1","https://drive.google.com/file/d/1689LSPAl_d5z5hKoibauIuUpxwMUvJE6/view?usp=drive_link","drive.google.com","아니오","정상"
"唄","획순 이미지","https://drive.google.com/file/d/1YBpe8JaM6Db_6sWcMdx42X__cThpjqM4/view?usp=drivesdk","drive.google.com","아니오","정상"
"膨","이미지 1","https://drive.google.com/file/d/1oKaX7_mUoBZVZaRRXj_FMUlEzfyb9gr2/view?usp=drive_link","drive.google.com","아니오","정상"
"膨","획순 이미지","https://drive.google.com/file/d/1rQKFgxfriHka41hKh1is-OsKDhe-UugU/view?usp=drivesdk","drive.google.com","아니오","정상"
"偏","이미지 1","https://drive.google.com/file/d/15xVYMGOcg3b57Kk-6J6VhkcP6sKWzRMH/view?usp=drive_link","drive.google.com","아니오","정상"
"偏","획순 이미지","https://drive.google.com/file/d/1Kiin4dx-L89fRERDZMR-bqxKhT9wQyKi/view?usp=drivesdk","drive.google.com","아니오","정상"
"遍","이미지 1","https://drive.google.com/file/d/1Q1-GojL-t-DmI6L35n3dtFJefyEKLwpr/view?usp=drive_link","drive.google.com","아니오","정상"
"遍","획순 이미지","https://drive.google.com/file/d/1JJCyM2zdgwH0kru_wJZHlDg4oOB5YGH7/view?usp=drivesdk","drive.google.com","아니오","정상"
"坪","이미지 1","https://drive.google.com/file/d/1kjdlipYpOI4EggUNyTNQW-aCiq_DVuBE/view?usp=drive_link","drive.google.com","아니오","정상"
"坪","획순 이미지","https://drive.google.com/file/d/1b21qHdAod2erLdgDWAOnXOhgZ3J33q0F/view?usp=drivesdk","drive.google.com","아니오","정상"
"廃","이미지 1","https://drive.google.com/file/d/12-hQMwsf1UOS6plQ9XzQOxhlvXKy83IK/view?usp=drive_link","drive.google.com","아니오","정상"
"廃","획순 이미지","https://drive.google.com/file/d/180JgOBnM4jQqMMcPqonrw2cDS58ShlsG/view?usp=drivesdk","drive.google.com","아니오","정상"
"幣","이미지 1","https://drive.google.com/file/d/1SKdhvXM3CfDipAlz01U0P4I_RRxkARYR/view?usp=drive_link","drive.google.com","아니오","정상"
"幣","획순 이미지","https://drive.google.com/file/d/1VvaGg9fokAFcD8mFFtsSVGZ2r_YDwCkG/view?usp=drivesdk","drive.google.com","아니오","정상"
"弊","이미지 1","https://drive.google.com/file/d/16e0rQsuesY-dfOuDcksF0njCyNX9LToB/view?usp=drive_link","drive.google.com","아니오","정상"
"弊","획순 이미지","https://drive.google.com/file/d/1e_EGqyP-78GJx7balsXDaIxSiaAViBJs/view?usp=drivesdk","drive.google.com","아니오","정상"
"蔽","이미지 1","https://drive.google.com/file/d/1imrTC4PrWBG2C-_32DsT8sx81bqke3Zq/view?usp=drive_link","drive.google.com","아니오","정상"
"蔽","획순 이미지","https://drive.google.com/file/d/12Ze0mbJK6-uJfZL0F_qiGtj2ojvnTdNt/view?usp=drivesdk","drive.google.com","아니오","정상"
"抱","이미지 1","https://drive.google.com/file/d/1IpzD3My-6JZaXd9dv3hhsfvYlffhqcId/view?usp=drive_link","drive.google.com","아니오","정상"
"抱","획순 이미지","https://drive.google.com/file/d/18BbmRUl1THvO4JH0fs7WjgBea3QSJZpY/view?usp=drivesdk","drive.google.com","아니오","정상"
"怖","이미지 1","https://drive.google.com/file/d/1VvC_oI1aw0khE2m_ysCy2fnLy7DdTkcn/view?usp=drive_link","drive.google.com","아니오","정상"
"怖","획순 이미지","https://drive.google.com/file/d/1FnPGOGrzpFCytFcSvjIdLF5k66gCbjxG/view?usp=drivesdk","drive.google.com","아니오","정상"
"砲","이미지 1","https://drive.google.com/file/d/1oO8vtjk3MacKMcYH0clLaCsTJVuzbk7j/view?usp=drive_link","drive.google.com","아니오","정상"
"砲","획순 이미지","https://drive.google.com/file/d/1PIYoT99wOVSEZn1iESezUuAKd_NkdDnL/view?usp=drivesdk","drive.google.com","아니오","정상"
"捕","이미지 1","https://drive.google.com/file/d/10zs7B266gGxrIyZV9ihtbAatFNnZxTzn/view?usp=drive_link","drive.google.com","아니오","정상"
"捕","획순 이미지","https://drive.google.com/file/d/1M3IuhCX37cykucmmhEVczzxpaT531Sup/view?usp=drivesdk","drive.google.com","아니오","정상"
"舗","이미지 1","https://drive.google.com/file/d/1vgMkDvFC7wduUAwmwdBb9a9AVkFvjxhH/view?usp=drive_link","drive.google.com","아니오","정상"
"舗","획순 이미지","https://drive.google.com/file/d/1yi3nVC8lbVxsh3zScLton-P_fvXcekAi/view?usp=drivesdk","drive.google.com","아니오","정상"
"胞","이미지 1","https://drive.google.com/file/d/1dPSr4vK_6CNnlRNsl0aM2GGROihPiGAk/view?usp=drive_link","drive.google.com","아니오","정상"
"胞","획순 이미지","https://drive.google.com/file/d/1ef_m_0EYws83xyDa2s9LIRQHglehJp0R/view?usp=drivesdk","drive.google.com","아니오","정상"
"飽","이미지 1","https://drive.google.com/file/d/1_jYYOQzF06dkOZwIxml8-PvyBwGR3l3N/view?usp=drive_link","drive.google.com","아니오","정상"
"飽","획순 이미지","https://drive.google.com/file/d/1oJyEiyUyGDn7HRHiXtzxQh6Rd2VeAvEz/view?usp=drivesdk","drive.google.com","아니오","정상"
"泡","이미지 1","https://drive.google.com/file/d/1YdQ0r9Cir3sh9G0weHipu8TeOzFbDDl_/view?usp=drive_link","drive.google.com","아니오","정상"
"泡","획순 이미지","https://drive.google.com/file/d/1IzBZMfpdr5TjK4qivYFAl-_ARuYfujuY/view?usp=drivesdk","drive.google.com","아니오","정상"
"浦","이미지 1","https://drive.google.com/file/d/1oWRgIkpmah0d17YlGehqvSYa-1Lvs2JJ/view?usp=drive_link","drive.google.com","아니오","정상"
"浦","획순 이미지","https://drive.google.com/file/d/1DOhwlUWwRxwGgqY-DZkhtqyaC58AvcVp/view?usp=drivesdk","drive.google.com","아니오","정상"
"褒","이미지 1","https://drive.google.com/file/d/19yQl0NixTOYeFmVSI0vPYfY_sbYjcved/view?usp=drive_link","drive.google.com","아니오","정상"
"褒","획순 이미지","https://drive.google.com/file/d/1yI9_kRSC9IiwkcZnu1_G-A_TQhl4OlqF/view?usp=drivesdk","drive.google.com","아니오","정상"
"哺","이미지 1","https://drive.google.com/file/d/1jWKVWuNtL5WQcbepF0K-vzllGajA53Ls/view?usp=drive_link","drive.google.com","아니오","정상"
"哺","획순 이미지","https://drive.google.com/file/d/1ueXVKyq4tqex55INzR2ZzPo7PtPtbcmm/view?usp=drivesdk","drive.google.com","아니오","정상"
"幅","이미지 1","https://drive.google.com/file/d/1pXk5lFkSuezTOLRaLgvGh_aC-GgB4Rg_/view?usp=drive_link","drive.google.com","아니오","정상"
"幅","획순 이미지","https://drive.google.com/file/d/1ykQXOHXPP_AIFqOkvgQYCfeqjLoy618j/view?usp=drivesdk","drive.google.com","아니오","정상"
"爆","이미지 1","https://drive.google.com/file/d/1wtUtitYNgukEZ3WpZ-AL8ZT7ZNhRwDxe/view?usp=drive_link","drive.google.com","아니오","정상"
"爆","획순 이미지","https://drive.google.com/file/d/1XBOQM_-vcqAigsPxK3Es1VF69VlGji45/view?usp=drivesdk","drive.google.com","아니오","정상"
"漂","이미지 1","https://drive.google.com/file/d/1krNRMMuMxnpyMo0gAe6jZyaUXuvc8Gxw/view?usp=drive_link","drive.google.com","아니오","정상"
"漂","획순 이미지","https://drive.google.com/file/d/1xPg6f-C-oHBXOdUS1oROpnUoy1-Ml6Da/view?usp=drivesdk","drive.google.com","아니오","정상"
"彼","이미지 1","https://drive.google.com/file/d/1dv6hdau-hdnN1PiGKceuOo5vMFO-qPqd/view?usp=drive_link","drive.google.com","아니오","정상"
"彼","획순 이미지","https://drive.google.com/file/d/1OiP-JtCgXcXXL2snouoQEZchm6vzDzPj/view?usp=drivesdk","drive.google.com","아니오","정상"
"疲","이미지 1","https://drive.google.com/file/d/19kkAqzOWJ_mllt7A4N20Ak3HMNNPGdkI/view?usp=drive_link","drive.google.com","아니오","정상"
"疲","획순 이미지","https://drive.google.com/file/d/1NcKkTjCPOWCnjPQ84cKvK8eLHnfyndXm/view?usp=drivesdk","drive.google.com","아니오","정상"
"被","이미지 1","https://drive.google.com/file/d/1VCrPtKUpYit7SbhvaGq-KvzpRThASnnU/view?usp=drive_link","drive.google.com","아니오","정상"
"被","획순 이미지","https://drive.google.com/file/d/1ab2pbqntr5mVLbJvucl7CaNRHuQh2B0n/view?usp=drivesdk","drive.google.com","아니오","정상"
"避","이미지 1","https://drive.google.com/file/d/1qljuCIEv-QjZtIqHbioVl13Cmiq7wcpc/view?usp=drive_link","drive.google.com","아니오","정상"
"避","획순 이미지","https://drive.google.com/file/d/15JTsudT5AwJEwirIcrJHGyjfaFXbuK9I/view?usp=drivesdk","drive.google.com","아니오","정상"
"披","이미지 1","https://drive.google.com/file/d/1bqSLIApLVtk4bh-fWrR-WQUa1kceWf11/view?usp=drive_link","drive.google.com","아니오","정상"
"披","획순 이미지","https://drive.google.com/file/d/1tUA1EOy-JMOQDWS3_f0Ux7hJY_0lSnxr/view?usp=drivesdk","drive.google.com","아니오","정상"
"匹","이미지 1","https://drive.google.com/file/d/1miaTs3KJBuy1IebRB0gX55bkMeDDw0Um/view?usp=drive_link","drive.google.com","아니오","정상"
"匹","획순 이미지","https://drive.google.com/file/d/1we3_UMAaQVF5yvhL2KGAu5ydbvxyDlbI/view?usp=drivesdk","drive.google.com","아니오","정상"
"乏","이미지 1","https://drive.google.com/file/d/1yI4l_kbhKkBJwosgBBqn0YieCZwSze5F/view?usp=drive_link","drive.google.com","아니오","정상"
"乏","획순 이미지","https://drive.google.com/file/d/1ZenWCN-ebT_v8YTWI1beiGnp5tGhCzvV/view?usp=drivesdk","drive.google.com","아니오","정상"
"虐","이미지 1","https://drive.google.com/file/d/14xhdDYoQCDk9ZR5AH_AbSkR59SvQmhd7/view?usp=drive_link","drive.google.com","아니오","정상"
"虐","획순 이미지","https://drive.google.com/file/d/1bKevQNdLZKmf0RPHQlvSgK9KJwUqHa0e/view?usp=drivesdk","drive.google.com","아니오","정상"
"鶴","이미지 1","https://drive.google.com/file/d/1STEvEmSSXLIc7k957HYSYiXEirOjqhOF/view?usp=drive_link","drive.google.com","아니오","정상"
"鶴","획순 이미지","https://drive.google.com/file/d/1VusMrDbd4j3f8c9M6mR_KET2no4U4CSg/view?usp=drivesdk","drive.google.com","아니오","정상"
"汗","이미지 1","https://drive.google.com/file/d/1S2QiwWL_wcYg5pC7OpK3dGFOxpgJmjdT/view?usp=drive_link","drive.google.com","아니오","정상"
"汗","획순 이미지","https://drive.google.com/file/d/1bqaUzj0nqSQq3rvj6AHYaCCrWQeipekv/view?usp=drivesdk","drive.google.com","아니오","정상"
"恨","이미지 1","https://drive.google.com/file/d/113LnjcZFFtQHacFgHd9N6phrxGZPaSSe/view?usp=drive_link","drive.google.com","아니오","정상"
"恨","획순 이미지","https://drive.google.com/file/d/1uTuVOMjkLDBHKcD_3oGmSaBt7MZHcYVP/view?usp=drivesdk","drive.google.com","아니오","정상"
"閑","이미지 1","https://drive.google.com/file/d/1EvV4_EBdJ9UYE09lLy_F2OgnBnonooZb/view?usp=drive_link","drive.google.com","아니오","정상"
"閑","획순 이미지","https://drive.google.com/file/d/135PnC-1kd98wKMFiF3EjOsRcJ0zZ5F9G/view?usp=drivesdk","drive.google.com","아니오","정상"
"韓","이미지 1","https://drive.google.com/file/d/1qZNqUQzRSZsGGEL1Pb32T3ueBFar48RQ/view?usp=drive_link","drive.google.com","아니오","정상"
"韓","획순 이미지","https://drive.google.com/file/d/13-QTOB4IbYBFWZ5BtZFfHcofAMaEyvkx/view?usp=drivesdk","drive.google.com","아니오","정상"
"轄","이미지 1","https://drive.google.com/file/d/1v6bEvtnXXU1meppvOdNbzNlrMvAtNpjH/view?usp=drive_link","drive.google.com","아니오","정상"
"轄","획순 이미지","https://drive.google.com/file/d/1jScVxyXlV2vOMrhagqsBe1qZNF5W3p4E/view?usp=drivesdk","drive.google.com","아니오","정상"
"含","이미지 1","https://drive.google.com/file/d/1D48ogPi-Ra_x0Rn9vNZbYkNuSc8Jox0B/view?usp=drive_link","drive.google.com","아니오","정상"
"含","획순 이미지","https://drive.google.com/file/d/1-LA4xXu9z03E2s5auuT0zIEEOBjoZF5F/view?usp=drivesdk","drive.google.com","아니오","정상"
"陥","이미지 1","https://drive.google.com/file/d/1-mxEyn20dM_4Gmlf3VF-EgCwMXoyjli_/view?usp=drive_link","drive.google.com","아니오","정상"
"陥","획순 이미지","https://drive.google.com/file/d/10boRAs7oDFB9iTXTOMYW36g7dGs4mEd6/view?usp=drivesdk","drive.google.com","아니오","정상"
"艦","이미지 1","https://drive.google.com/file/d/1bMM37NxhpJ3ET8NI1JNtFUcH7P0NFLbq/view?usp=drive_link","drive.google.com","아니오","정상"
"艦","획순 이미지","https://drive.google.com/file/d/170ohy6CfxGWFakKIuU-KHuZvd2EPX1xH/view?usp=drivesdk","drive.google.com","아니오","정상"
"抗","이미지 1","https://drive.google.com/file/d/1JZEjlVzOxshzyuHcjQP7rAVaZcggCvcM/view?usp=drive_link","drive.google.com","아니오","정상"
"抗","획순 이미지","https://drive.google.com/file/d/1B077b0RP4XCuwGhUkLNwEa7bnSQWA99y/view?usp=drivesdk","drive.google.com","아니오","정상"
"恒","이미지 1","https://drive.google.com/file/d/1hjx6VL7EHin1cYbvQckeV46InMqaZOGE/view?usp=drive_link","drive.google.com","아니오","정상"
"恒","획순 이미지","https://drive.google.com/file/d/17wWTAl0nD7_FokRtdP_j6Ek1z5xXrpmo/view?usp=drivesdk","drive.google.com","아니오","정상"
"項","이미지 1","https://drive.google.com/file/d/1L_lFU77RfU2VPiUHdqQ_yaK7oOuHlVJi/view?usp=drive_link","drive.google.com","아니오","정상"
"項","획순 이미지","https://drive.google.com/file/d/1CsT_OemnbNv7XGVFTk9Js07JoHkO8GS9/view?usp=drivesdk","drive.google.com","아니오","정상"
"桁","이미지 1","https://drive.google.com/file/d/14TSk0Zo7QWM_sMp___A7u0-0zAmu-VOq/view?usp=drive_link","drive.google.com","아니오","정상"
"桁","획순 이미지","https://drive.google.com/file/d/1ewJ6nWZNdNCV9rloShjIou8ccnf9ALfS/view?usp=drivesdk","drive.google.com","아니오","정상"
"該","이미지 1","https://drive.google.com/file/d/13XEXp8pnvSeBaRxGpgHNmR0e_aXkQbBs/view?usp=drive_link","drive.google.com","아니오","정상"
"該","획순 이미지","https://drive.google.com/file/d/1D6-dYK7QMFncoktLUV6KvhAV9Y4z1wsN/view?usp=drivesdk","drive.google.com","아니오","정상"
"楷","이미지 1","https://drive.google.com/file/d/1vu7WKPULqOPRlYNSHm6HTY8Ul-JgEFus/view?usp=drive_link","drive.google.com","아니오","정상"
"楷","획순 이미지","https://drive.google.com/file/d/1OCFB189ao1r2r2vDK3WlOHogA9LCZNJB/view?usp=drivesdk","drive.google.com","아니오","정상"
"諧","이미지 1","https://drive.google.com/file/d/1dh8lvWCnvtlnXvfgEsfYNsb5BY1NYX9M/view?usp=drive_link","drive.google.com","아니오","정상"
"諧","획순 이미지","https://drive.google.com/file/d/1eshURL0WFcL5FlE0yoGyRPH89kwAtVt9/view?usp=drivesdk","drive.google.com","아니오","정상"
"骸","이미지 1","https://drive.google.com/file/d/13FvJ8Xe1gvi_5zOLJM6VOuW9g-dTo3QP/view?usp=drive_link","drive.google.com","아니오","정상"
"骸","획순 이미지","https://drive.google.com/file/d/1uHvdsBX-3p_ue7xRkxJ8gfpHfPBJgUb4/view?usp=drivesdk","drive.google.com","아니오","정상"
"劾","이미지 1","https://drive.google.com/file/d/1qf4f9MDWWhUcknTb90qom1kLWO3hc1PV/view?usp=drive_link","drive.google.com","아니오","정상"
"劾","획순 이미지","https://drive.google.com/file/d/15iKMWTTjaO5SVR4UUUslfZVyG6fNpL-u/view?usp=drivesdk","drive.google.com","아니오","정상"
"核","이미지 1","https://drive.google.com/file/d/1ubfGqfQZ8VDpZO5JGbo8UNx4JVXmMm8w/view?usp=drive_link","drive.google.com","아니오","정상"
"核","획순 이미지","https://drive.google.com/file/d/1d6b80EaYfen_TRg38q3oVSqSoATELDlQ/view?usp=drivesdk","drive.google.com","아니오","정상"
"響","이미지 1","https://drive.google.com/file/d/1iWEwnmfZnoE1inLqza52_iYiWNLe9edd/view?usp=drive_link","drive.google.com","아니오","정상"
"響","획순 이미지","https://drive.google.com/file/d/1gzyarSpN80I2ua3gutKdbFJVgzUBc5EZ/view?usp=drivesdk","drive.google.com","아니오","정상"
"享","이미지 1","https://drive.google.com/file/d/1DW1M1DH5LUSd_DUxYhjF15vIoKPUlJex/view?usp=drive_link","drive.google.com","아니오","정상"
"享","획순 이미지","https://drive.google.com/file/d/1V7Wj4wlzE8LwxmeLEkXXgwwpc4rFnD-1/view?usp=drivesdk","drive.google.com","아니오","정상"
"虚","이미지 1","https://drive.google.com/file/d/1owH0YO5G3Uve_0ua367gKVN7dm0xvS5N/view?usp=drive_link","drive.google.com","아니오","정상"
"虚","획순 이미지","https://drive.google.com/file/d/1tRp9G_7TAtnrDYVgvs_YA2Rb4lp0fUYM/view?usp=drivesdk","drive.google.com","아니오","정상"
"軒","이미지 1","https://drive.google.com/file/d/1nheQHDeVQNP7KLMFVB35nQhgmkCicDy6/view?usp=drive_link","drive.google.com","아니오","정상"
"軒","획순 이미지","https://drive.google.com/file/d/1MLbRU4Mg3i6LP6n1jc0_xLJdFxim1cra/view?usp=drivesdk","drive.google.com","아니오","정상"
"献","이미지 1","https://drive.google.com/file/d/1ETGcbrwUGRFgYxqibyNvFP9Ovr55tnvT/view?usp=drive_link","drive.google.com","아니오","정상"
"献","획순 이미지","https://drive.google.com/file/d/1DcLgLUUeB58Df_ewRIljHxGw1YWstOHL/view?usp=drivesdk","drive.google.com","아니오","정상"
"嚇","이미지 1","https://drive.google.com/file/d/1-osfunTHQ0cS8Fc9dbyVjhoGFZedBkM_/view?usp=drive_link","drive.google.com","아니오","정상"
"嚇","획순 이미지","https://drive.google.com/file/d/1ZsfmS6RBhnBL6POOVYUVtRuBxyTb4Jkp/view?usp=drivesdk","drive.google.com","아니오","정상"
"玄","이미지 1","https://drive.google.com/file/d/1CmCV8hA0m7nCE1LjvZDV4GHg8e2AGXBT/view?usp=drive_link","drive.google.com","아니오","정상"
"玄","획순 이미지","https://drive.google.com/file/d/1CAiQJ5XfljOJcSQpeooJEGlpe-SAjEM2/view?usp=drivesdk","drive.google.com","아니오","정상"
"賢","이미지 1","https://drive.google.com/file/d/1jpSwYk9GdIqsu_cE8i8NJnylx0aVUk4D/view?usp=drive_link","drive.google.com","아니오","정상"
"賢","획순 이미지","https://drive.google.com/file/d/1Wv-hMnYZ1Jn53SaYCNy97yJjWDOZ9ZxS/view?usp=drivesdk","drive.google.com","아니오","정상"
"弦","이미지 1","https://drive.google.com/file/d/1E0FYrCqrbknn59fTNYKPqUIn_2zetk2q/view?usp=drive_link","drive.google.com","아니오","정상"
"弦","획순 이미지","https://drive.google.com/file/d/1W1ST04LU9wOEUsVNk1_pzck5drlvCtTQ/view?usp=drivesdk","drive.google.com","아니오","정상"
"顕","이미지 1","https://drive.google.com/file/d/1sx0_qFUjQ2Vt1MzjynXaW8Iwoo0arYHI/view?usp=drive_link","drive.google.com","아니오","정상"
"顕","획순 이미지","https://drive.google.com/file/d/1kGJ39b8cIbPvj0sNILASJ-GCIOUlk7FT/view?usp=drivesdk","drive.google.com","아니오","정상"
"懸","이미지 1","https://drive.google.com/file/d/1i7P3tG6RR3c13EkFZp-w4fS2D4eelyZ6/view?usp=drive_link","drive.google.com","아니오","정상"
"懸","획순 이미지","https://drive.google.com/file/d/14TtaaRt-NVnUBMQ23p0zj8zuomIi1Qhl/view?usp=drivesdk","drive.google.com","아니오","정상"
"舷","이미지 1","https://drive.google.com/file/d/1jYJoJ675t3GdzJFx6lyNFeZ6HNBmHC4H/view?usp=drive_link","drive.google.com","아니오","정상"
"舷","획순 이미지","https://drive.google.com/file/d/1-zcGIQcf2c9OIneButXLu3Co2GWotuj2/view?usp=drivesdk","drive.google.com","아니오","정상"
"嫌","이미지 1","https://drive.google.com/file/d/1-vcTG1nsyj2lzoejkrNpMUMXfHthpQqH/view?usp=drive_link","drive.google.com","아니오","정상"
"嫌","획순 이미지","https://drive.google.com/file/d/1Sk5-F1qGlc5RyYnsUUqvYy_IWHurPGD6/view?usp=drivesdk","drive.google.com","아니오","정상"
"狭","이미지 1","https://drive.google.com/file/d/1UQL-xEm5oYlsy3RQUE-PGYWBtfuxpV1m/view?usp=drive_link","drive.google.com","아니오","정상"
"狭","획순 이미지","https://drive.google.com/file/d/1mFdr65vP1JFUzMDpkroQseYzXmsNWIFd/view?usp=drivesdk","drive.google.com","아니오","정상"
"峡","이미지 1","https://drive.google.com/file/d/1mOc-4F3T5fvM6ym_kV8OmVglQBzvSua8/view?usp=drive_link","drive.google.com","아니오","정상"
"峡","획순 이미지","https://drive.google.com/file/d/1Vd6RcOW_PG1rGQ4OKHsfhY0JhREfbDEq/view?usp=drivesdk","drive.google.com","아니오","정상"
"脅","이미지 1","https://drive.google.com/file/d/1ZIxMdSGmfmfLB_tD4w4PxFi8GoILzZPi/view?usp=drive_link","drive.google.com","아니오","정상"
"脅","획순 이미지","https://drive.google.com/file/d/1Zo16JQNMS2r4vAUYfuUHtCs6d8dPlJCy/view?usp=drivesdk","drive.google.com","아니오","정상"
"挟","이미지 1","https://drive.google.com/file/d/1OBaMz0kHa5EBf9a7V_2awgW9Jc-_qnhU/view?usp=drive_link","drive.google.com","아니오","정상"
"挟","획순 이미지","https://drive.google.com/file/d/1CibrqTxlsmoewhuV5x_xpOWWqS19NJGk/view?usp=drivesdk","drive.google.com","아니오","정상"
"脇","이미지 1","https://drive.google.com/file/d/1_7AlnBFB11vAJS5UCb0ffOkwTRo-RKXj/view?usp=drive_link","drive.google.com","아니오","정상"
"脇","획순 이미지","https://drive.google.com/file/d/1etNU7XRpteXyr8UsH9Tfqz6HJa6CYK5v/view?usp=drivesdk","drive.google.com","아니오","정상"
"頬","이미지 1","https://drive.google.com/file/d/1ZPriKffbNHYa-OJ818XnCJeZQmsE5DRw/view?usp=drive_link","drive.google.com","아니오","정상"
"頬","획순 이미지","https://drive.google.com/file/d/1hK28zuRP4JOe7bbsr5orKzB0A7rlDpu1/view?usp=drivesdk","drive.google.com","아니오","정상"
"刑","이미지 1","https://drive.google.com/file/d/1PgSvRyu5kpaFSf96xHMXebELM0mBpq7F/view?usp=drive_link","drive.google.com","아니오","정상"
"刑","획순 이미지","https://drive.google.com/file/d/1pKd0Dp8jo-F5jEdFRxcIVRe1guddo14Z/view?usp=drivesdk","drive.google.com","아니오","정상"
"蛍","이미지 1","https://drive.google.com/file/d/1MmF1-yV0yTKh8W0idEgiVPybiRNzRwjT/view?usp=drive_link","drive.google.com","아니오","정상"
"蛍","획순 이미지","https://drive.google.com/file/d/1AQdK6q7h2hqLkexd5DYpPBHGG1tohmM9/view?usp=drivesdk","drive.google.com","아니오","정상"
"衡","이미지 1","https://drive.google.com/file/d/17Pz_1KTcAx5El-bYu2ShaQX7Fcc7OeBh/view?usp=drive_link","drive.google.com","아니오","정상"
"衡","획순 이미지","https://drive.google.com/file/d/1uYEzSUrhFPlccJqdq_qlSAoWwRnTXCsM/view?usp=drivesdk","drive.google.com","아니오","정상"
"恵","이미지 1","https://drive.google.com/file/d/1iDo4MjMLfo4edUfCbHvLBBASPq_fcIkQ/view?usp=drive_link","drive.google.com","아니오","정상"
"恵","획순 이미지","https://drive.google.com/file/d/1r3GKRagm3v5tHt8xLpA4_UOiguhPM-t2/view?usp=drivesdk","drive.google.com","아니오","정상"
"互","이미지 1","https://drive.google.com/file/d/1kxxBK4Ih2CyZ8kAIEiRgSZOalMfsGWMx/view?usp=drive_link","drive.google.com","아니오","정상"
"互","획순 이미지","https://drive.google.com/file/d/11CNYmtC7nEFtbhwAHU9_gGRYcNET2Yf6/view?usp=drivesdk","drive.google.com","아니오","정상"
"豪","이미지 1","https://drive.google.com/file/d/1YxAp6yr2IHuUDOwq1lnSCvGiNo6UQwmm/view?usp=drive_link","drive.google.com","아니오","정상"
"豪","획순 이미지","https://drive.google.com/file/d/1ePP83F56bSc_F7HQiyaDQWzlXqkKJkmT/view?usp=drivesdk","drive.google.com","아니오","정상"
"弧","이미지 1","https://drive.google.com/file/d/15B0FdC2MUZL02kN3WwUXaWbBkUxEW6lD/view?usp=drive_link","drive.google.com","아니오","정상"
"弧","획순 이미지","https://drive.google.com/file/d/1g6VVWBhFvd7OunnvPsejMFJ_8sVvsV3Y/view?usp=drivesdk","drive.google.com","아니오","정상"
"虎","이미지 1","https://drive.google.com/file/d/1yAphehCFROBLT-W6C0Z7DOjT0HviPlPC/view?usp=drive_link","drive.google.com","아니오","정상"
"虎","획순 이미지","https://drive.google.com/file/d/1GFOs3_U7EXM7WIWRwJBi4jxdMKkLtOR7/view?usp=drivesdk","drive.google.com","아니오","정상"
"惑","이미지 1","https://drive.google.com/file/d/10_9i5yB1ODNh4SNuB67Q0ROMkFmvaYHt/view?usp=drive_link","drive.google.com","아니오","정상"
"惑","획순 이미지","https://drive.google.com/file/d/11Z-gh-pSs6rqpDNgD9njrNrFdrYuet0s/view?usp=drivesdk","drive.google.com","아니오","정상"
"酷","이미지 1","https://drive.google.com/file/d/1BbpjqdM7rLgrLNW_ZJVld5CWOjoUd-Mq/view?usp=drive_link","drive.google.com","아니오","정상"
"酷","획순 이미지","https://drive.google.com/file/d/1QY5X41-FmBFnuOA8ob7u5IPZrY8y2ZaG/view?usp=drivesdk","drive.google.com","아니오","정상"
"婚","이미지 1","https://drive.google.com/file/d/1ZaJybx42YcEvLIcAIe_lWoHrY6uCQ64L/view?usp=drive_link","drive.google.com","아니오","정상"
"婚","획순 이미지","https://drive.google.com/file/d/16gh4N_WgZtDF8RoJMV7Op0h76XK-PhG0/view?usp=drivesdk","drive.google.com","아니오","정상"
"魂","이미지 1","https://drive.google.com/file/d/1f__zhhIt8AaryBBbkj1-IgQqtogk3gwq/view?usp=drive_link","drive.google.com","아니오","정상"
"魂","획순 이미지","https://drive.google.com/file/d/1a7Mcp0o4WQtUHb5qjR8gFamO2Dfd59PC/view?usp=drivesdk","drive.google.com","아니오","정상"
"洪","이미지 1","https://drive.google.com/file/d/17Vkmy2NSxbc5PaRd9M1z0zxeYXEx2m9M/view?usp=drive_link","drive.google.com","아니오","정상"
"洪","획순 이미지","https://drive.google.com/file/d/1a0QHZ_haFuXnnmbiLIlngIlit_4Ez6nH/view?usp=drivesdk","drive.google.com","아니오","정상"
"虹","이미지 1","https://drive.google.com/file/d/1-98UI3C7O7v1cUf4hQq2whW5VuzpN-2M/view?usp=drive_link","drive.google.com","아니오","정상"
"虹","획순 이미지","https://drive.google.com/file/d/1C88bJiOIUe1dHIZ_-V1onquvAXMEhYJA/view?usp=drivesdk","drive.google.com","아니오","정상"
"華","이미지 1","https://drive.google.com/file/d/1s-J0B9LRXIRqxVb0MQt9JXc-5zbBruZv/view?usp=drive_link","drive.google.com","아니오","정상"
"華","획순 이미지","https://drive.google.com/file/d/1UhFXSOK5YA6wiRN5Og-DNuWnvLYmfd9k/view?usp=drivesdk","drive.google.com","아니오","정상"
"枠","이미지 1","https://drive.google.com/file/d/1nKllXx_ddp1VMAapuBNfTNfoad9FlT9_/view?usp=drive_link","drive.google.com","아니오","정상"
"枠","획순 이미지","https://drive.google.com/file/d/1SHw-l1a7lV5UN2K1eINnMwWEvVk4Ndp-/view?usp=drivesdk","drive.google.com","아니오","정상"
"禍","이미지 1","https://drive.google.com/file/d/1q2BdTF5BtqX3snDNy_VMVUWOTqg246V9/view?usp=drive_link","drive.google.com","아니오","정상"
"禍","획순 이미지","https://drive.google.com/file/d/10_vvsnB7_JhjAIfdhuvREVkc-60sxF5f/view?usp=drivesdk","drive.google.com","아니오","정상"
"靴","이미지 1","https://drive.google.com/file/d/1L684qAv2sKuS7K0bfAmFXdJt9VsC1kb1/view?usp=drive_link","drive.google.com","아니오","정상"
"靴","획순 이미지","https://drive.google.com/file/d/11r-0gCmSMuy8RQZO1Nmn1JZnrHnIqGSW/view?usp=drivesdk","drive.google.com","아니오","정상"
"穫","이미지 1","https://drive.google.com/file/d/1DfSab43HixrJT_nrRka6qdFcS0rvqUdt/view?usp=drive_link","drive.google.com","아니오","정상"
"穫","획순 이미지","https://drive.google.com/file/d/1EHSKi29UYy1S0czs6sYme-nSMEjruHis/view?usp=drivesdk","drive.google.com","아니오","정상"
"歓","이미지 1","https://drive.google.com/file/d/1kEpNhovhGDWyVuEqmDpyvRykP_oejHtr/view?usp=drive_link","drive.google.com","아니오","정상"
"歓","획순 이미지","https://drive.google.com/file/d/1ypEC7ymz3w-oPLJsqbHkIbO106CaATtb/view?usp=drivesdk","drive.google.com","아니오","정상"
"環","이미지 1","https://drive.google.com/file/d/15G-Bp50dUirGTjMuhIqouuDvkDI8pRLy/view?usp=drive_link","drive.google.com","아니오","정상"
"環","획순 이미지","https://drive.google.com/file/d/1_g_XEVq8DSl0fv2r7xyawMNbOUOLoF6E/view?usp=drivesdk","drive.google.com","아니오","정상"
"幻","이미지 1","https://drive.google.com/file/d/1-p2x5QJ3P2t-xwfIt7AEgu1TPZGyfrZW/view?usp=drive_link","drive.google.com","아니오","정상"
"幻","획순 이미지","https://drive.google.com/file/d/1M_kt6gMQODYq6EhVALNBIhwSRth2VYx3/view?usp=drivesdk","drive.google.com","아니오","정상"
"換","이미지 1","https://drive.google.com/file/d/18AIaKobzYVnSQ9oaxWHY2-OVuHOOSeA-/view?usp=drive_link","drive.google.com","아니오","정상"
"換","획순 이미지","https://drive.google.com/file/d/1uF6SRI5y1x2kZWftJQz8s7miqsnU4IjE/view?usp=drivesdk","drive.google.com","아니오","정상"
"喚","이미지 1","https://drive.google.com/file/d/15BbgBE0u6EYbl93a_8lXzN_CkJdpEE_U/view?usp=drive_link","drive.google.com","아니오","정상"
"喚","획순 이미지","https://drive.google.com/file/d/1HmTJ6tfgQPsm79d0F4acQc52ZAMlCx5C/view?usp=drivesdk","drive.google.com","아니오","정상"
"患","이미지 1","https://drive.google.com/file/d/11L34HJYNv9pDUqw577IpZDgj25Y1oeNR/view?usp=drive_link","drive.google.com","아니오","정상"
"患","획순 이미지","https://drive.google.com/file/d/1CIm0F3rpS2nfNeCHeD5jN0d189fSxjYA/view?usp=drivesdk","drive.google.com","아니오","정상"
"還","이미지 1","https://drive.google.com/file/d/18XeKJmvWwbL6O_iLVTm21T5uJwEFv-Dt/view?usp=drive_link","drive.google.com","아니오","정상"
"還","획순 이미지","https://drive.google.com/file/d/1AkcVVRh_RJQMwczBqu6tDty8ac7mvuy-/view?usp=drivesdk","drive.google.com","아니오","정상"
"滑","이미지 1","https://drive.google.com/file/d/14dmu_EJD4MK7KpY3CMju9keJWGoZmUeJ/view?usp=drive_link","drive.google.com","아니오","정상"
"滑","획순 이미지","https://drive.google.com/file/d/1gJbZVO-iNkNODC4HDAYH-qYYoOqnpGK_/view?usp=drivesdk","drive.google.com","아니오","정상"
"況","이미지 1","https://drive.google.com/file/d/1GtxGayD5WWU2t7H5_cXNOg86EfDqyQHm/view?usp=drive_link","drive.google.com","아니오","정상"
"況","획순 이미지","https://drive.google.com/file/d/1jfpNY7Nn86MrZzdqV6y8dq69G2ogKANJ/view?usp=drivesdk","drive.google.com","아니오","정상"
"荒","이미지 1","https://drive.google.com/file/d/1F_FFNlyDNHDMlWXDuRNAvvWZhPoWEDHY/view?usp=drive_link","drive.google.com","아니오","정상"
"荒","획순 이미지","https://drive.google.com/file/d/1dhIOKdEurIaRVNfQUlmUma3i0sy_AwbQ/view?usp=drivesdk","drive.google.com","아니오","정상"
"慌","이미지 1","https://drive.google.com/file/d/1kWdR9a8bLrVAH7JX2_NMEbgsLv73UhF6/view?usp=drive_link","drive.google.com","아니오","정상"
"慌","획순 이미지","https://drive.google.com/file/d/1HWiYX5aTzXk3C6qDGIgasr1euxAeZ6xZ/view?usp=drivesdk","drive.google.com","아니오","정상"
"悔","이미지 1","https://drive.google.com/file/d/1Ip2w8DYVgS8gYD09Leh8LyrT9fuBm7Qd/view?usp=drive_link","drive.google.com","아니오","정상"
"悔","획순 이미지","https://drive.google.com/file/d/1hjaAqVR7bcAYLy_xU7HcIoAoGbxUR--l/view?usp=drivesdk","drive.google.com","아니오","정상"
"賄","이미지 1","https://drive.google.com/file/d/1wI3Ab4lV85jKqcNh592zr0AezfgPNW6g/view?usp=drive_link","drive.google.com","아니오","정상"
"賄","획순 이미지","https://drive.google.com/file/d/1Ulu_jypg9nVsdLiIVm_4jh5zodYZh_qf/view?usp=drivesdk","drive.google.com","아니오","정상"
"懐","이미지 1","https://drive.google.com/file/d/1aQLJrhZGMl65r3klvE_AgdsP4dGGk1xo/view?usp=drive_link","drive.google.com","아니오","정상"
"懐","획순 이미지","https://drive.google.com/file/d/1rLawD5b0IgKi3zJQKkDCJe-Lm_3JtVm6/view?usp=drivesdk","drive.google.com","아니오","정상"
"獲","이미지 1","https://drive.google.com/file/d/13ssvovLaVEeXYti9xmzOtqDLvdWRoi8S/view?usp=drive_link","drive.google.com","아니오","정상"
"獲","획순 이미지","https://drive.google.com/file/d/1-yg8C5WJztSrv2XpIlkGbnh06L24WgUd/view?usp=drivesdk","drive.google.com","아니오","정상"
"酵","이미지 1","https://drive.google.com/file/d/11Ngx-H6U3zKxS1uEqBL3fQsAVUo7H_Ar/view?usp=drive_link","drive.google.com","아니오","정상"
"酵","획순 이미지","https://drive.google.com/file/d/1KiuKa2WW7B6x0uyfTApT3TXmERfaytBT/view?usp=drivesdk","drive.google.com","아니오","정상"
"暁","이미지 1","https://drive.google.com/file/d/190yyfNs42ejr2md-rl7mHr65IVcxTwL-/view?usp=drive_link","drive.google.com","아니오","정상"
"暁","획순 이미지","https://drive.google.com/file/d/1IB4XdjoDisT9LBWu4d8d4kOdJGjPoLTh/view?usp=drivesdk","drive.google.com","아니오","정상"
"朽","이미지 1","https://drive.google.com/file/d/1KcTryCNPlk_RSNEh55UzKMV0958XsW-T/view?usp=drive_link","drive.google.com","아니오","정상"
"朽","획순 이미지","https://drive.google.com/file/d/1JpRb0A-cwkYWrnrlHwVQuiEZ0oCvl0id/view?usp=drivesdk","drive.google.com","아니오","정상"
"侯","이미지 1","https://drive.google.com/file/d/1NbVbYlMIHs5RU15BmA_yNbfhEguEqsDN/view?usp=drive_link","drive.google.com","아니오","정상"
"侯","획순 이미지","https://drive.google.com/file/d/1kRRkyku_1fGDR4ffwNVYf3vvp-J0Gxau/view?usp=drivesdk","drive.google.com","아니오","정상"
"喉","이미지 1","https://drive.google.com/file/d/1C3wpj_v_D-Fl3hI8DT7G_USsBEBMm-7v/view?usp=drive_link","drive.google.com","아니오","정상"
"喉","획순 이미지","https://drive.google.com/file/d/1cmnRu7AWfYVcBGr1w0YVvocBxLhfAwsR/view?usp=drivesdk","drive.google.com","아니오","정상"
"嗅","이미지 1","https://drive.google.com/file/d/16KlzrYpq3ItJkqSR-bmO7qvefs182RRq/view?usp=drive_link","drive.google.com","아니오","정상"
"嗅","획순 이미지","https://drive.google.com/file/d/1_4fVXFRT7p6JPyYk3zMpyQqab5BCYqgQ/view?usp=drivesdk","drive.google.com","아니오","정상"
"勲","이미지 1","https://drive.google.com/file/d/1jSx6yjZhc5GpXTlhb3MJotNDVR8ltrbW/view?usp=drive_link","drive.google.com","아니오","정상"
"勲","획순 이미지","https://drive.google.com/file/d/1ZCothcFyEDhD2o1moQgc-55QCZTC7vU6/view?usp=drivesdk","drive.google.com","아니오","정상"
"薫","이미지 1","https://drive.google.com/file/d/16xsFKKrUK38oGqKSy218HKuPwtOTJCGk/view?usp=drive_link","drive.google.com","아니오","정상"
"薫","획순 이미지","https://drive.google.com/file/d/1zpEb44CBRkhYaZRq976UP7Qtv03lIECA/view?usp=drivesdk","drive.google.com","아니오","정상"
"毀","이미지 1","https://drive.google.com/file/d/1VwFsyyN9JjZjcPerdkIxnFLSwci0-Rmu/view?usp=drive_link","drive.google.com","아니오","정상"
"毀","획순 이미지","https://drive.google.com/file/d/1OFKVDzPy3cRtvKEXhlRUzI29u0TMMpf_/view?usp=drivesdk","drive.google.com","아니오","정상"
"輝","이미지 1","https://drive.google.com/file/d/1IRnRzJwFEwgzeXfNmt4iZE0_4-HyCLon/view?usp=drive_link","drive.google.com","아니오","정상"
"輝","획순 이미지","https://drive.google.com/file/d/1LVGpVzGW32e9s60IgNyU8sR8pGMznuF2/view?usp=drivesdk","drive.google.com","아니오","정상"
"彙","이미지 1","https://drive.google.com/file/d/17HVGv0we-_f1tmj5zask_g5rQotdIBbR/view?usp=drive_link","drive.google.com","아니오","정상"
"彙","획순 이미지","https://drive.google.com/file/d/1Re6UUu6F5tox8xWzZvcW4jm21IeXpx04/view?usp=drivesdk","drive.google.com","아니오","정상"
"携","이미지 1","https://drive.google.com/file/d/1c0N3YcXuYd4Pe2Wsfd1PjS9nLQXMKus5/view?usp=drive_link","drive.google.com","아니오","정상"
"携","획순 이미지","https://drive.google.com/file/d/170iqVLomn_cw_4j9GNDbhpboNMM29HeK/view?usp=drivesdk","drive.google.com","아니오","정상"
"凶","이미지 1","https://drive.google.com/file/d/1FKrMNHYZjpAT_XT-gUZMIc1u9TN6neED/view?usp=drive_link","drive.google.com","아니오","정상"
"凶","획순 이미지","https://drive.google.com/file/d/15eAVvcURLWZH3mrlUKosT8XYM9t2yzBE/view?usp=drivesdk","drive.google.com","아니오","정상"
"痕","이미지 1","https://drive.google.com/file/d/1DaJDczmtc0_y7ISsy9Bf_QM0Jj-WstaR/view?usp=drive_link","drive.google.com","아니오","정상"
"痕","획순 이미지","https://drive.google.com/file/d/1nXypsK8P9VSs-WDVj3IYeDpYT6V8d9MN/view?usp=drivesdk","drive.google.com","아니오","정상"
"戯","이미지 1","https://drive.google.com/file/d/1ByouH7nZrc7NCr51ERJVG16yvOqXTbxw/view?usp=drive_link","drive.google.com","아니오","정상"
"戯","획순 이미지","https://drive.google.com/file/d/11mFU67D_Rl8Aa81KT6Wm6x5LucwF2lBI/view?usp=drivesdk","drive.google.com","아니오","정상"
"姫","이미지 1","https://drive.google.com/file/d/15nVmq_7ESqyg67ap4W-D64e8GWgTeCs0/view?usp=drive_link","drive.google.com","아니오","정상"
"姫","획순 이미지","https://drive.google.com/file/d/1DJV6K2eqhdaaUU7cl1d8tYltGTdGsdWg/view?usp=drivesdk","drive.google.com","아니오","정상"
"犠","이미지 1","https://drive.google.com/file/d/1Ke_IU_TFVSk-wes2OGPqQImNhoaoZeGu/view?usp=drive_link","drive.google.com","아니오","정상"
"犠","획순 이미지","https://drive.google.com/file/d/1PILTU5QLG2p2S_6VSLOcOYVJgcGgAII7/view?usp=drivesdk","drive.google.com","아니오","정상"
"詰","이미지 1","https://drive.google.com/file/d/1e-aewQEgFT5YsRSUvQer3nbWpnaA_pAF/view?usp=drive_link","drive.google.com","아니오","정상"
"詰","획순 이미지","https://drive.google.com/file/d/1fGlZnyah4IOFGe1L6r0_Q0dfuYxTOSiq/view?usp=drivesdk","drive.google.com","아니오","정상"
"壴","이미지 1","https://drive.google.com/file/d/1o_vHE1ZIO4WTy_CWI8LrwinySy9Zez1a/view?usp=drive_link","drive.google.com","아니오","정상"
"壴","획순 이미지","https://drive.google.com/file/d/1bcvcI21ztlFWL-LyPagEe0bQwTEdyjFy/view?usp=drivesdk","drive.google.com","아니오","정상"
"乚","이미지 1","https://drive.google.com/file/d/1KVnjx-dBkejnV9uhtIRs6vnA5n18ttUL/view?usp=drive_link","drive.google.com","아니오","정상"
"乚","획순 이미지","https://drive.google.com/file/d/1NxmdO1ysm0FnU8eQtZyKA-Kkamo4QARy/view?usp=drivesdk","drive.google.com","아니오","정상"
"丨","이미지 1","https://drive.google.com/file/d/1httJ8OtYlFUgZn1mhIzSbc4CLLfpkgza/view?usp=drive_link","drive.google.com","아니오","정상"
"丨","획순 이미지","https://drive.google.com/file/d/1nmElciJqeTYwtFm7gAvwfolKoO9T0BSY/view?usp=drivesdk","drive.google.com","아니오","정상"
"丶","이미지 1","https://drive.google.com/file/d/1udY-kifruf32h0gni4k2G4TvW9tCzKuB/view?usp=drive_link","drive.google.com","아니오","정상"
"丶","획순 이미지","https://drive.google.com/file/d/1F4hpc-DfuUDrsgZM_A6ZK-eq99X6uIun/view?usp=drivesdk","drive.google.com","아니오","정상"
"勹","이미지 1","https://drive.google.com/file/d/1JoH0YlCiNvKlXu393WE_A4PgMdgBKR6c/view?usp=drive_link","drive.google.com","아니오","정상"
"勹","획순 이미지","https://drive.google.com/file/d/1_tbPqtSjjdEOIJVSymI-3256HHwTXgjL/view?usp=drivesdk","drive.google.com","아니오","정상"
"冂","이미지 1","https://drive.google.com/file/d/1nKOeCly3KTbdJa1BBJr5X3043r4FpyLa/view?usp=drive_link","drive.google.com","아니오","정상"
"冂","획순 이미지","https://drive.google.com/file/d/1kfYSB1gFgS0gxmu8Qt8iKW5rI-32y6Uj/view?usp=drivesdk","drive.google.com","아니오","정상"
"⺈","이미지 1","https://drive.google.com/file/d/1XaBHU_5HFCRcLTw0EpJJPRmzYe_J8mJT/view?usp=drive_link","drive.google.com","아니오","정상"
"⺈","획순 이미지","https://drive.google.com/file/d/188TmjQmqQXPNBG9b6wTGb-2eo22LZ5q8/view?usp=drivesdk","drive.google.com","아니오","정상"
"厂","이미지 1","https://drive.google.com/file/d/1hbbVH9xYF5NoMH7OkgCAIhT4z9ywfOjB/view?usp=drive_link","drive.google.com","아니오","정상"
"厂","획순 이미지","https://drive.google.com/file/d/1mlboTVSaTyPCvItpF1Cu6Pr6DeGRXtDV/view?usp=drivesdk","drive.google.com","아니오","정상"
"𠂇","이미지 1","https://drive.google.com/file/d/12UX8Ns_ix3xwTHSv8uhbWloFvRYmiUBx/view?usp=drive_link","drive.google.com","아니오","정상"
"𠂇","획순 이미지","https://drive.google.com/file/d/1dBUcy-ogBidMEKApXmdI1l7qE9AjzAkZ/view?usp=drivesdk","drive.google.com","아니오","정상"
"㔾","이미지 1","https://drive.google.com/file/d/1jNcj4xW5XC6lRCZeAdYCgvrc_2FXO_lf/view?usp=drive_link","drive.google.com","아니오","정상"
"㔾","획순 이미지","https://drive.google.com/file/d/1bNj9y-AqM5IjHgGEBLQWk32wqG2IJCcs/view?usp=drivesdk","drive.google.com","아니오","정상"
"冖","이미지 1","https://drive.google.com/file/d/1Uk7WglbqJ5Plf-im1KMYfomKVQO9grc9/view?usp=drive_link","drive.google.com","아니오","정상"
"冖","획순 이미지","https://drive.google.com/file/d/1rNurjTzX5NHY0i3EnIvs1MhH9GNf2KNE/view?usp=drivesdk","drive.google.com","아니오","정상"
"亠","이미지 1","https://drive.google.com/file/d/1v0HW9RuXqMbxK-7BpttVyKgGYzu4YM8m/view?usp=drive_link","drive.google.com","아니오","정상"
"亠","획순 이미지","https://drive.google.com/file/d/1hT0ufgEOq6H00vJB_WZ9V35-oL-dCxlm/view?usp=drivesdk","drive.google.com","아니오","정상"
"乂","이미지 1","https://drive.google.com/file/d/1MxPOKjY59qXYBWm6SRq3o4JFbPT9zDmg/view?usp=drive_link","drive.google.com","아니오","정상"
"乂","획순 이미지","https://drive.google.com/file/d/1OwoLXLrQNkuDcZE-G9oZQ1xcIm74XLlt/view?usp=drivesdk","drive.google.com","아니오","정상"
"卩","이미지 1","https://drive.google.com/file/d/1B9y7JqV6WrfCmXYstrNiSjGekNLpoD9m/view?usp=drive_link","drive.google.com","아니오","정상"
"卩","획순 이미지","https://drive.google.com/file/d/1Tv9OsOwya4OfH-6LWtGtC6BJN-7ayx2J/view?usp=drivesdk","drive.google.com","아니오","정상"
"匕","이미지 1","https://drive.google.com/file/d/1UQOxH8Q-cXQKhT-atcAPgYCCpenhEWdh/view?usp=drive_link","drive.google.com","아니오","정상"
"匕","획순 이미지","https://drive.google.com/file/d/1g_S0npBLAJTApz62UoKoRcB3cgJ7eFb7/view?usp=drivesdk","drive.google.com","아니오","정상"
"亻","이미지 1","https://drive.google.com/file/d/1pmlswLWJmF19ngutgpB3-XcYs9Z8bdxc/view?usp=drive_link","drive.google.com","아니오","정상"
"亻","획순 이미지","https://drive.google.com/file/d/1gGQPM9Izo1g_pWU0eUBZFEklUXtQabEt/view?usp=drivesdk","drive.google.com","아니오","정상"
"厶","이미지 1","https://drive.google.com/file/d/1RGdyrzVpE3F5MNvu_cyPRt-g1X88C0IG/view?usp=drive_link","drive.google.com","아니오","정상"
"厶","획순 이미지","https://drive.google.com/file/d/1g5e26z9VZqKAFuM4fp6Hjr9ow8VdpTi6/view?usp=drivesdk","drive.google.com","아니오","정상"
"凵","이미지 1","https://drive.google.com/file/d/1rzfkv_fyaPYhOJkh72k-GzPYT-uYK8Qg/view?usp=drive_link","drive.google.com","아니오","정상"
"凵","획순 이미지","https://drive.google.com/file/d/1Lg9bYpjrgRViO-3y0mdnl8o0Ywa_hqDb/view?usp=drivesdk","drive.google.com","아니오","정상"
"匚","이미지 1","https://drive.google.com/file/d/1GVDE37PHjGYBE4tB5P_TcrpdptqjnE45/view?usp=drive_link","drive.google.com","아니오","정상"
"匚","획순 이미지","https://drive.google.com/file/d/19JWtLzcQComQf37VmMSf7UrbNhETMooV/view?usp=drivesdk","drive.google.com","아니오","정상"
"刂","이미지 1","https://drive.google.com/file/d/1lIGkKTHODxKyb-VvhKsWbfscH0evHn0y/view?usp=drive_link","drive.google.com","아니오","정상"
"刂","획순 이미지","https://drive.google.com/file/d/1LSpJF7UqIATZ7eYUUoNf-CciEdXB-50p/view?usp=drivesdk","drive.google.com","아니오","정상"
"丂","이미지 1","https://drive.google.com/file/d/1UrDBELNpBgwTnLmrgDR0MjRjPfuNTNNV/view?usp=drive_link","drive.google.com","아니오","정상"
"丂","획순 이미지","https://drive.google.com/file/d/1IjiUN7bMcv_38wuO5_5LECkNtQBd-Ofi/view?usp=drivesdk","drive.google.com","아니오","정상"
"几","이미지 1","https://drive.google.com/file/d/1XT0rB4HMKw5BwR0Xdws4BNlOgbPcj-hp/view?usp=drive_link","drive.google.com","아니오","정상"
"几","획순 이미지","https://drive.google.com/file/d/1sfUQ7dwzyRYXVrLRwijX4-JPJiQQ2MqP/view?usp=drivesdk","drive.google.com","아니오","정상"
"儿","이미지 1","https://drive.google.com/file/d/1nLoElGIr06ViM_AeMNTtsNuSAHOCj9k9/view?usp=drive_link","drive.google.com","아니오","정상"
"儿","획순 이미지","https://drive.google.com/file/d/1NJN4glb0cYA2N6ttwHRd4P-ajYXmy3BT/view?usp=drivesdk","drive.google.com","아니오","정상"
"冫","이미지 1","https://drive.google.com/file/d/1S0OFdz9BMfc95dyPjBD7-oYZkUgvgAkL/view?usp=drive_link","drive.google.com","아니오","정상"
"冫","획순 이미지","https://drive.google.com/file/d/1_ZEvoveSTVEs0ARXeJAgJx2u26erECqB/view?usp=drivesdk","drive.google.com","아니오","정상"
"丷","이미지 1","https://drive.google.com/file/d/1aNZN76SnYLDkVAJV-IGS07L3e4F1ZEtX/view?usp=drive_link","drive.google.com","아니오","정상"
"丷","획순 이미지","https://drive.google.com/file/d/1j0c5HEHWtDmPjrJZe59XedA3HDOaTAy6/view?usp=drivesdk","drive.google.com","아니오","정상"
"卜","이미지 1","https://drive.google.com/file/d/1Vw_uDoGqLyb_PJJGyMJ6yHE3NDsslQgA/view?usp=drive_link","drive.google.com","아니오","정상"
"卜","획순 이미지","https://drive.google.com/file/d/1Up1K-eACftSyYJXzzk4V69idj83tt4PW/view?usp=drivesdk","drive.google.com","아니오","정상"
"乃","이미지 1","https://drive.google.com/file/d/1UxV7lOdNYOPJjgXz0BYqjowE3MawfzYN/view?usp=drive_link","drive.google.com","아니오","정상"
"乃","획순 이미지","https://drive.google.com/file/d/1_BatM9WmSHwkPAUzRKNqdnl56m-n0Yqv/view?usp=drivesdk","drive.google.com","아니오","정상"
"丩","이미지 1","https://drive.google.com/file/d/1kQDzLrFFCi6nc8Ye_mvfosNqFK_9nnZ8/view?usp=drive_link","drive.google.com","아니오","정상"
"丩","획순 이미지","https://drive.google.com/file/d/1fjlhqTHYibi8MzS8seD9tP2i3J_YLCO5/view?usp=drivesdk","drive.google.com","아니오","정상"
"彳","이미지 1","https://drive.google.com/file/d/1_9bToeeIAkhxI2TBYjYA0_U6RJV823Cj/view?usp=drive_link","drive.google.com","아니오","정상"
"彳","획순 이미지","https://drive.google.com/file/d/1LcddFK4iBEYvhrRYuhCxyawJLT2dSR5q/view?usp=drivesdk","drive.google.com","아니오","정상"
"廴","이미지 1","https://drive.google.com/file/d/1G3f7agUGIBY6KI2iThWmFx-fbNUTRdks/view?usp=drive_link","drive.google.com","아니오","정상"
"廴","획순 이미지","https://drive.google.com/file/d/1nYFonWsanQhfnFiVdJkRpITI_uFHegNx/view?usp=drivesdk","drive.google.com","아니오","정상"
"巛","이미지 1","https://drive.google.com/file/d/1a1AVbcaZaKGxbXNq8VVAKEkR_NLPP_YQ/view?usp=drive_link","drive.google.com","아니오","정상"
"巛","획순 이미지","https://drive.google.com/file/d/1E_6_s8JBBkg4u18i7hfYgmeIDFB1cLvh/view?usp=drivesdk","drive.google.com","아니오","정상"
"广","이미지 1","https://drive.google.com/file/d/1c_HzJGZ-zp11ng_H4Kjbo34TOQfUWfjG/view?usp=drive_link","drive.google.com","아니오","정상"
"广","획순 이미지","https://drive.google.com/file/d/1zy9Rs6LnhyRaWN8EEPnxYWgSMtrevp_9/view?usp=drivesdk","drive.google.com","아니오","정상"
"亼","이미지 1","https://drive.google.com/file/d/15UknilccC9f8LxvEd9XCoYdxKU81ZWq-/view?usp=drive_link","drive.google.com","아니오","정상"
"亼","획순 이미지","https://drive.google.com/file/d/101EIFEOZ4A2UbQqCqGo14fd39RgDYiAp/view?usp=drivesdk","drive.google.com","아니오","정상"
"夂","이미지 1","https://drive.google.com/file/d/1XjxXchoy53F3jvwyX6TZJWql95YazH2Q/view?usp=sharing","drive.google.com","아니오","정상"
"夂","획순 이미지","https://drive.google.com/file/d/1-i_lS1MIc-fVo2JITlvYDWYBdDsP5M-T/view?usp=drivesdk","drive.google.com","아니오","정상"
"也","이미지 1","https://drive.google.com/file/d/1FB83eYMG40LYobhIx3cTD9ULPo3CiUWg/view?usp=drive_link","drive.google.com","아니오","정상"
"也","획순 이미지","https://drive.google.com/file/d/1fDQTm3hYMKWu0vypCkkT9-KRLTduNV07/view?usp=drivesdk","drive.google.com","아니오","정상"
"彑","이미지 1","https://drive.google.com/file/d/1A-EguWbJrQAZR7pTI9QAJks9IvbiPenT/view?usp=drive_link","drive.google.com","아니오","정상"
"彑","획순 이미지","https://drive.google.com/file/d/1G2rUClDjQIlrbE9RxCBhFWxROP0QzytU/view?usp=drivesdk","drive.google.com","아니오","정상"
"廾","이미지 1","https://drive.google.com/file/d/1NKIaPFmbUPbIO1xNRvsM3_WwhiscRlbx/view?usp=drive_link","drive.google.com","아니오","정상"
"廾","획순 이미지","https://drive.google.com/file/d/10N9cB36pUoP29p3l1zoTTr5JnxsLDT7I/view?usp=drivesdk","drive.google.com","아니오","정상"
"巳","이미지 1","https://drive.google.com/file/d/1YiynHJcLWm62eUpm_w3q1ECzuwLBUiXg/view?usp=drive_link","drive.google.com","아니오","정상"
"巳","획순 이미지","https://drive.google.com/file/d/1jWWeaxdNRoRvOfloVBn8-CzqYjphMBKe/view?usp=drivesdk","drive.google.com","아니오","정상"
"乇","이미지 1","https://drive.google.com/file/d/1SeEpKiZAQPyNkKcU2qkHC2q4-lmeETlb/view?usp=drive_link","drive.google.com","아니오","정상"
"乇","획순 이미지","https://drive.google.com/file/d/1RRzp_fSdTVP5lZ7UiTZ_lAkDElkcAjtf/view?usp=drivesdk","drive.google.com","아니오","정상"
"氵","이미지 1","https://drive.google.com/file/d/1zPSYpdyh2P2Gz7DWId1Jmx4u1v8VsnVn/view?usp=drive_link","drive.google.com","아니오","정상"
"氵","획순 이미지","https://drive.google.com/file/d/13iLVNNNp8u1A2OOXxvsUWRILkyWFzYtr/view?usp=drivesdk","drive.google.com","아니오","정상"
"彐","이미지 1","https://drive.google.com/file/d/1aWV8ftuXDUZsSzLd76TP7KZfUGJgf3N-/view?usp=drive_link","drive.google.com","아니오","정상"
"彐","획순 이미지","https://drive.google.com/file/d/1MvfrpL21twg-l2RmJ9m5jbFkHNG2_clF/view?usp=drivesdk","drive.google.com","아니오","정상"
"辶","이미지 1","https://drive.google.com/file/d/1aQRILOQUQyQIEM_mRS4OvReHRezM9IB4/view?usp=drive_link","drive.google.com","아니오","정상"
"辶","획순 이미지","https://drive.google.com/file/d/10ME6QvgiXng2d0EmxTUnUYGmgV6CYqaU/view?usp=drivesdk","drive.google.com","아니오","정상"
"忄","이미지 1","https://drive.google.com/file/d/1qjvht5dW6L7PIwQ2EUnev20wQ7tS9nrt/view?usp=drive_link","drive.google.com","아니오","정상"
"忄","획순 이미지","https://drive.google.com/file/d/1gtv6pMDcrcJ9kAWMWicwzhetvoUBCW52/view?usp=drivesdk","drive.google.com","아니오","정상"
"阝","이미지 1","https://drive.google.com/file/d/1IUzObQCvwVK942Omom31BTNh8_n-2lIb/view?usp=drive_link","drive.google.com","아니오","정상"
"阝","획순 이미지","https://drive.google.com/file/d/1Cc9IepIVT8YqQ9lGFe8gH2_WOK29_Pwc/view?usp=drivesdk","drive.google.com","아니오","정상"
"屮","이미지 1","https://drive.google.com/file/d/1zVckUAd6GTEHlNRy6ynInku1LF8ECuWC/view?usp=drive_link","drive.google.com","아니오","정상"
"屮","획순 이미지","https://drive.google.com/file/d/1QMo2zumuVKS3zE6AFYf7J6U7JQklLwO7/view?usp=drivesdk","drive.google.com","아니오","정상"
"勺","이미지 1","https://drive.google.com/file/d/16KS1bw1ifcvbBEozsS3Lw4eyXHiFZsYv/view?usp=drive_link","drive.google.com","아니오","정상"
"勺","획순 이미지","https://drive.google.com/file/d/1436mysT8hvEbNy_RemIdzLJsaasOfqem/view?usp=drivesdk","drive.google.com","아니오","정상"
"幺","이미지 1","https://drive.google.com/file/d/1lfQ7WnrjR1xUuzAKFHuYp40M5Ey-PjiM/view?usp=drive_link","drive.google.com","아니오","정상"
"幺","획순 이미지","https://drive.google.com/file/d/1LOH_rEiKaXfZilbcxVzkkK1xCtfAxWZm/view?usp=drivesdk","drive.google.com","아니오","정상"
"⺌","이미지 1","https://drive.google.com/file/d/1F2zvseaav98Dzm96B3g8udpEOlAX6AZk/view?usp=drive_link","drive.google.com","아니오","정상"
"⺌","획순 이미지","https://drive.google.com/file/d/1dejhom24f4E-tJIYa02JNw7uSvFbn7CD/view?usp=drivesdk","drive.google.com","아니오","정상"
"扌","이미지 1","https://drive.google.com/file/d/1ZfV1nKzvsCnFXP6r57694wDbTPrRTUyD/view?usp=drive_link","drive.google.com","아니오","정상"
"扌","획순 이미지","https://drive.google.com/file/d/1UU9H_0VwBP8AjdpbgZ3SB_Lhy2xunud7/view?usp=drivesdk","drive.google.com","아니오","정상"
"丬","이미지 1","https://drive.google.com/file/d/1X8DPOMQrHftrwYDoLSd2T-t_Y63xSr6-/view?usp=drive_link","drive.google.com","아니오","정상"
"丬","획순 이미지","https://drive.google.com/file/d/1DvOCFi1dBvRX0KIN_KVjiT4TlRINHWwF/view?usp=drivesdk","drive.google.com","아니오","정상"
"尸","이미지 1","https://drive.google.com/file/d/1HRsZQb3unPWBAdSXoZQqZCoOspd1O9UP/view?usp=drive_link","drive.google.com","아니오","정상"
"尸","획순 이미지","https://drive.google.com/file/d/1dLMqt8zXidnE_h88I3Vdmxt_mrC4Pqvd/view?usp=drivesdk","drive.google.com","아니오","정상"
"犭","이미지 1","https://drive.google.com/file/d/1hOtSvcZ1crZonJLfGo1WXhc557NXzSWo/view?usp=drive_link","drive.google.com","아니오","정상"
"犭","획순 이미지","https://drive.google.com/file/d/1jrF6CNjDGQrLEj0cZN4oeMi1G7fn65Ra/view?usp=drivesdk","drive.google.com","아니오","정상"
"宀","이미지 1","https://drive.google.com/file/d/12onOK3IqI7Ljne4Vc10ro1wtw_oDZIM5/view?usp=drive_link","drive.google.com","아니오","정상"
"宀","획순 이미지","https://drive.google.com/file/d/1nsIAqlfsMktLsSDWDdE1WCspg0IMeOtQ/view?usp=drivesdk","drive.google.com","아니오","정상"
"彡","이미지 1","https://drive.google.com/file/d/1-57T0kD09r-pBV2sP4pMAhm70k-KpCBI/view?usp=drive_link","drive.google.com","아니오","정상"
"彡","획순 이미지","https://drive.google.com/file/d/1fOZRPxq3u_x2DjDb24Due9QfDFFecWu-/view?usp=drivesdk","drive.google.com","아니오","정상"
"艹","이미지 1","https://drive.google.com/file/d/1K7dl_Mbw859zszQX9hJ7IqJDybRr7grX/view?usp=drive_link","drive.google.com","아니오","정상"
"艹","획순 이미지","https://drive.google.com/file/d/1xFeIsVXtM3GdSvH47kG4xsPR3fAnIzln/view?usp=drivesdk","drive.google.com","아니오","정상"
"壬","이미지 1","https://drive.google.com/file/d/1VxtDy6Tql6_5SX90Iq7gudDylUnTqZvn/view?usp=drive_link","drive.google.com","아니오","정상"
"壬","획순 이미지","https://drive.google.com/file/d/1SdafuaFxVldA1TgZyZ9TRHCgSRfYDffz/view?usp=drivesdk","drive.google.com","아니오","정상"
"之","이미지 1","https://drive.google.com/file/d/1tcDAT5TUVFwTlEC6nmWcvm03g7bN_qGv/view?usp=drive_link","drive.google.com","아니오","정상"
"之","획순 이미지","https://drive.google.com/file/d/17KJMH1wieQZpRECcbnBYVpxU0_eXr1RL/view?usp=drivesdk","drive.google.com","아니오","정상"
"云","이미지 1","https://drive.google.com/file/d/1H5mfofsT6R2F3Lu22F-DjqOhMB3MzcH8/view?usp=drive_link","drive.google.com","아니오","정상"
"云","획순 이미지","https://drive.google.com/file/d/1fT0ZjcjF0Y531nmXQfOKYCNtsnzdgQTm/view?usp=drivesdk","drive.google.com","아니오","정상"
"气","이미지 1","https://drive.google.com/file/d/1kTvdkq0PV6kLdP9FZkEYStiqzrtVO83Q/view?usp=drive_link","drive.google.com","아니오","정상"
"气","획순 이미지","https://drive.google.com/file/d/1Yz0DekEUGGZmSrveKymj7Jo87JoWPkaf/view?usp=drivesdk","drive.google.com","아니오","정상"
"亢","이미지 1","https://drive.google.com/file/d/1pb1b-mLPRzQuvWm0U_PhLhHlpyJSuVDg/view?usp=drive_link","drive.google.com","아니오","정상"
"亢","획순 이미지","https://drive.google.com/file/d/1_3lBVF3YKLdsNFBmsngr9l0s8GM1IWui/view?usp=drivesdk","drive.google.com","아니오","정상"
"耂","이미지 1","https://drive.google.com/file/d/1PKyFPZvvtTMPH-ZpASrkPpYgL-MOnLYu/view?usp=drive_link","drive.google.com","아니오","정상"
"耂","획순 이미지","https://drive.google.com/file/d/1kRxJtK3Yg0zEHtjrJ_2KrrQ8hLdRbmxk/view?usp=drivesdk","drive.google.com","아니오","정상"
"尹","이미지 1","https://drive.google.com/file/d/1VE8NmiYkSFnUuMRQdPAdOmFvuZzhVVv6/view?usp=drive_link","drive.google.com","아니오","정상"
"尹","획순 이미지","https://drive.google.com/file/d/1xU-8zGMiBq_mslWCe72tsXESBQxZja1C/view?usp=drivesdk","drive.google.com","아니오","정상"
"𠬝","이미지 1","https://drive.google.com/file/d/1-pb8o1_Ar0rqQkJy_LIP4HaJdQVwPugn/view?usp=drive_link","drive.google.com","아니오","정상"
"𠬝","획순 이미지","https://drive.google.com/file/d/1bf6rt1RP2FX0qsaGYRzXetZAZjBwO5OY/view?usp=drivesdk","drive.google.com","아니오","정상"
"卆","이미지 1","https://drive.google.com/file/d/1oG1Qa2RLoN2ifW6yfqG9ix1saN0-AimQ/view?usp=drive_link","drive.google.com","아니오","정상"
"卆","획순 이미지","https://drive.google.com/file/d/1JlAcJHF10YuOxrHPtpyr0EYe98iTtnIT/view?usp=drivesdk","drive.google.com","아니오","정상"
"勿","이미지 1","https://drive.google.com/file/d/1-F6LfIhfeD7VIvI70B7lYEmSlBDF-Yuy/view?usp=drive_link","drive.google.com","아니오","정상"
"勿","획순 이미지","https://drive.google.com/file/d/1AcNwW291UOxzfFVfgxoZKsaeIBO-99DL/view?usp=drivesdk","drive.google.com","아니오","정상"
"曰","이미지 1","https://drive.google.com/file/d/1q9ddrMLkMIQYVdzSgTFUqJ5pRDFI-2zy/view?usp=drive_link","drive.google.com","아니오","정상"
"曰","획순 이미지","https://drive.google.com/file/d/15GJxf1KfflJbFKMOKauK_v-thegmOdTX/view?usp=drivesdk","drive.google.com","아니오","정상"
"冘","이미지 1","https://drive.google.com/file/d/1SjuGrdi6QF4N4AmeGCQgIhP-aaAAiUfd/view?usp=drive_link","drive.google.com","아니오","정상"
"冘","획순 이미지","https://drive.google.com/file/d/1sP3zuGYJRa5sQ5R5aI9vWf4zq9RxdiRS/view?usp=drivesdk","drive.google.com","아니오","정상"
"殳","이미지 1","https://drive.google.com/file/d/14rCpapBu7x6FPzBdoVljpQbzECLZyit-/view?usp=sharing","drive.google.com","아니오","정상"
"殳","획순 이미지","https://drive.google.com/file/d/1VQQ_AEeZNPu1gOUB9sIrAM744x_uBBhU/view?usp=drivesdk","drive.google.com","아니오","정상"
"爫","이미지 1","https://drive.google.com/file/d/12g0kpD1ct2KQ82VJecvZCurXKwc4xG46/view?usp=drive_link","drive.google.com","아니오","정상"
"爫","획순 이미지","https://drive.google.com/file/d/1gHCcF418gI_utGimoQdMlkUG5Hvh-fpb/view?usp=drivesdk","drive.google.com","아니오","정상"
"夭","이미지 1","https://drive.google.com/file/d/1qvlIlLVDR6sazbRoxQVKMTgf-aMTPfF4/view?usp=drive_link","drive.google.com","아니오","정상"
"夭","획순 이미지","https://drive.google.com/file/d/10MmkvXFbveNSJf2W6PHGt5jkvpblK5Kd/view?usp=drivesdk","drive.google.com","아니오","정상"
"巴","이미지 1","https://drive.google.com/file/d/1YLiwqLzd_KxFySIPE20-8iXnqCq_0LNt/view?usp=drive_link","drive.google.com","아니오","정상"
"巴","획순 이미지","https://drive.google.com/file/d/13sDpIDjEBXQtrw-7QZC1JU2TDN_Bpwvd/view?usp=drivesdk","drive.google.com","아니오","정상"
"攵","이미지 1","https://drive.google.com/file/d/1S53O2e1NBPEFBjOde5OiE7Qhsd9s_gh3/view?usp=drive_link","drive.google.com","아니오","정상"
"攵","획순 이미지","https://drive.google.com/file/d/1ON9eSkvx_y4O4ygVsN-a7zNvLaGT9dtf/view?usp=drivesdk","drive.google.com","아니오","정상"
"罔","이미지 1","https://drive.google.com/file/d/17vqLr9v1Woviet8Ow4_Isg1Lz6i02vYq/view?usp=drive_link","drive.google.com","아니오","정상"
"罔","획순 이미지","https://drive.google.com/file/d/1rYySJP5dlLhEao1y9_1_pmJ6y0_PivGa/view?usp=drivesdk","drive.google.com","아니오","정상"
"罒","이미지 1","https://drive.google.com/file/d/1XG7AhAEzzfmNLK3cIusSZs7fS-HiQ-d-/view?usp=drive_link","drive.google.com","아니오","정상"
"罒","획순 이미지","https://drive.google.com/file/d/1tGWvxs93FIGyhOVfzdrGIVqVQ15HyF5h/view?usp=drivesdk","drive.google.com","아니오","정상"
"衤","이미지 1","https://drive.google.com/file/d/1vdBiyg7JIilzVr0jNBv4Iiye9i-r6c2p/view?usp=drive_link","drive.google.com","아니오","정상"
"衤","획순 이미지","https://drive.google.com/file/d/1I8SptZ5JGSHuf7o1iMeN1CWmydWvr_xE/view?usp=drivesdk","drive.google.com","아니오","정상"
"业","이미지 1","https://drive.google.com/file/d/1x5vhgHokrM-NQ3g2NMqTGPH_IeT9P9XC/view?usp=drive_link","drive.google.com","아니오","정상"
"业","획순 이미지","https://drive.google.com/file/d/1oHEGk9UHCPHT_IqQUhLwY8Q7OzFBKVR5/view?usp=drivesdk","drive.google.com","아니오","정상"
"术","이미지 1","https://drive.google.com/file/d/1BKdFHxe7HVrpPNVbe5JKhtfsM_iPAJ_q/view?usp=drive_link","drive.google.com","아니오","정상"
"术","획순 이미지","https://drive.google.com/file/d/1Y71SuAJ8dmJTzKyVeGwq5F7aM36QGldJ/view?usp=drivesdk","drive.google.com","아니오","정상"
"夹","이미지 1","https://drive.google.com/file/d/1XNeqfGwUZGaJkM_ZQOQm-Tt71SIS6mXe/view?usp=drive_link","drive.google.com","아니오","정상"
"夹","획순 이미지","https://drive.google.com/file/d/1kXkdrSvvYrD0Zr4jnad8Lb8IKvTTRyLT/view?usp=drivesdk","drive.google.com","아니오","정상"
"𥫗","이미지 1","https://drive.google.com/file/d/1RoDVeIEA3gFE7EPQSXv3btAg2wy6BhkL/view?usp=drive_link","drive.google.com","아니오","정상"
"𥫗","획순 이미지","https://drive.google.com/file/d/1jJgEOC_VLgZm0fcjXMjZiIelDptUziKY/view?usp=drivesdk","drive.google.com","아니오","정상"
"亦","이미지 1","https://drive.google.com/file/d/1045xUXftZ5S0N7QkifY5qUqZ_rDTbfWf/view?usp=drive_link","drive.google.com","아니오","정상"
"亦","획순 이미지","https://drive.google.com/file/d/18BSmTv1vLtOiUOsdIdenlo659m7OeKs3/view?usp=drivesdk","drive.google.com","아니오","정상"
"吊","이미지 1","https://drive.google.com/file/d/1DmgX22N2cwLnhqpbMoifKFdJDIXOo18I/view?usp=drive_link","drive.google.com","아니오","정상"
"吊","획순 이미지","https://drive.google.com/file/d/1XwZxbaNp8NQpkFz6od91O4U6DeQaaPk2/view?usp=drivesdk","drive.google.com","아니오","정상"
"呆","이미지 1","https://drive.google.com/file/d/1cK_6us4imTzsbOI3HpGPRi_xx5m0dgyu/view?usp=drive_link","drive.google.com","아니오","정상"
"呆","획순 이미지","https://drive.google.com/file/d/19Fl9TPzYqSuNRjwaZ4zJ9qzPPQD8MEsH/view?usp=drivesdk","drive.google.com","아니오","정상"
"禸","이미지 1","https://drive.google.com/file/d/17CAC7wq361W4EKq9es5QGwIpv2mAbhwJ/view?usp=drive_link","drive.google.com","아니오","정상"
"禸","획순 이미지","https://drive.google.com/file/d/15qPBOz3LgYINrL8mF33TvyHEb7NvTQp8/view?usp=drivesdk","drive.google.com","아니오","정상"
"礻","이미지 1","https://drive.google.com/file/d/1iYOCVZLqShr9j_ZLxbTRNNM0X-XGsdvK/view?usp=drive_link","drive.google.com","아니오","정상"
"礻","획순 이미지","https://drive.google.com/file/d/1WZgojGSzqYj5LwrEemlaDGcgNNIuRMjd/view?usp=drivesdk","drive.google.com","아니오","정상"
"歹","이미지 1","https://drive.google.com/file/d/1xiiP6KitZQexpewAk-jAbIqT5GTQrlg-/view?usp=drive_link","drive.google.com","아니오","정상"
"歹","획순 이미지","https://drive.google.com/file/d/1U8QYi_zM_T5XrJ6Zi6TaEORzbWKMsuHf/view?usp=drivesdk","drive.google.com","아니오","정상"
"廿","이미지 1","https://drive.google.com/file/d/1DjvBjfvPghubLFRweC26zgCTRS4Zt0AY/view?usp=drive_link","drive.google.com","아니오","정상"
"廿","획순 이미지","https://drive.google.com/file/d/1hvgJce6slNFdoYkjtrBi9Pu-t9uBt_xU/view?usp=drivesdk","drive.google.com","아니오","정상"
"灬","이미지 1","https://drive.google.com/file/d/1N49IDUlb6tzfIJK_5yYVTiNBO3t3Fjz0/view?usp=drive_link","drive.google.com","아니오","정상"
"灬","획순 이미지","https://drive.google.com/file/d/1AR9cstHviQmYc8DHh7m3Qu9rdxJmKTh3/view?usp=drivesdk","drive.google.com","아니오","정상"
"开","이미지 1","https://drive.google.com/file/d/1PKpM2is-qVmcD96hsmezD7kr4qseYhEy/view?usp=drive_link","drive.google.com","아니오","정상"
"开","획순 이미지","https://drive.google.com/file/d/1evoL5j3Aw_R1q6rML2uwgtTPGH78HhCa/view?usp=drivesdk","drive.google.com","아니오","정상"
"丰","이미지 1","https://drive.google.com/file/d/14xklQoLNCduE-OJkKu1Ei6PW8AksvaNV/view?usp=drive_link","drive.google.com","아니오","정상"
"丰","획순 이미지","https://drive.google.com/file/d/1o2kbnsyn4bc8v092YKx3d0pJFkW112Jg/view?usp=drivesdk","drive.google.com","아니오","정상"
"夬","이미지 1","https://drive.google.com/file/d/1mWDvUJpsmMrGLGJZ2qBHo1-GEYNTPjDi/view?usp=drive_link","drive.google.com","아니오","정상"
"夬","획순 이미지","https://drive.google.com/file/d/15sk5FoR5r5dueQ5ssnKnNhjyUaAA3svZ/view?usp=drivesdk","drive.google.com","아니오","정상"
"戈","이미지 1","https://drive.google.com/file/d/12S8gSfjEFAFf0J_A24h4e0FhsLukafd_/view?usp=drive_link","drive.google.com","아니오","정상"
"戈","획순 이미지","https://drive.google.com/file/d/1KhKFbEZ9rvSn6mq0ffmCZoLXFOFLActq/view?usp=drivesdk","drive.google.com","아니오","정상"
"厉","이미지 1","https://drive.google.com/file/d/1yRQdPxpC6gejbtBYxzGfXUE7SXI-wpo1/view?usp=drive_link","drive.google.com","아니오","정상"
"厉","획순 이미지","https://drive.google.com/file/d/1fomQTME1hgqCDc1WRVDkMs3GtHPfKNpH/view?usp=drivesdk","drive.google.com","아니오","정상"
"尔","이미지 1","https://drive.google.com/file/d/1bG0HIainiHj4on0phmmMiwh_f42lma7U/view?usp=drive_link","drive.google.com","아니오","정상"
"尔","획순 이미지","https://drive.google.com/file/d/1rfQ4_MMY5p4yocgoSP6gSCdBuJFeMPot/view?usp=drivesdk","drive.google.com","아니오","정상"
"毌","이미지 1","https://drive.google.com/file/d/1at5LPmfUXtczg7Yjf8xSD8prU4iVyHhK/view?usp=drive_link","drive.google.com","아니오","정상"
"毌","획순 이미지","https://drive.google.com/file/d/10-zQ4oPGPNKw2Sx77Ovr49dWhFTfuF_l/view?usp=drivesdk","drive.google.com","아니오","정상"
"冋","이미지 1","https://drive.google.com/file/d/1aNxXBSUeWMmRAKeUgOxbDro7L9UBi8LQ/view?usp=drive_link","drive.google.com","아니오","정상"
"冋","획순 이미지","https://drive.google.com/file/d/1WRE9uwMjPqEq_iNL_8xyHYhqK2LgT0xP/view?usp=drivesdk","drive.google.com","아니오","정상"
"癶","이미지 1","https://drive.google.com/file/d/1-kcL4IhDKH3t0LNjAtIP9Z30lHtU86OR/view?usp=drive_link","drive.google.com","아니오","정상"
"癶","획순 이미지","https://drive.google.com/file/d/17rI_gPV1euV-1Ede8K_n9rsSp5aEpTco/view?usp=drivesdk","drive.google.com","아니오","정상"
"疋","이미지 1","https://drive.google.com/file/d/1GXT_Zv6qvznzs7tcibVOrJ4fsgpTBJOj/view?usp=drive_link","drive.google.com","아니오","정상"
"疋","획순 이미지","https://drive.google.com/file/d/13o58UkmvqRtO9M5eu8hwUevPOcV4zg86/view?usp=drivesdk","drive.google.com","아니오","정상"
"电","이미지 1","https://drive.google.com/file/d/16wl8tWznG1MvaIBs3204rsrkoeZHldbY/view?usp=drive_link","drive.google.com","아니오","정상"
"电","획순 이미지","https://drive.google.com/file/d/1Omv32VSTkS2JpSYrs3OJB65L25qIsHlh/view?usp=drivesdk","drive.google.com","아니오","정상"
"禾","이미지 1","https://drive.google.com/file/d/1AZXl4x1nGCGFD70wWWJ2xzXoZ0swYCWP/view?usp=drive_link","drive.google.com","아니오","정상"
"禾","획순 이미지","https://drive.google.com/file/d/1sQ2BoUNr3Zt_TjIeECVw8wdnXhMxvLhH/view?usp=drivesdk","drive.google.com","아니오","정상"
"疒","이미지 1","https://drive.google.com/file/d/1lALJ-7i6NopOl3JeA8UBSxk2Gac8jjxf/view?usp=drive_link","drive.google.com","아니오","정상"
"疒","획순 이미지","https://drive.google.com/file/d/157-00iTTs4IqDlNdYdYf3HIkV0_iDFZR/view?usp=drivesdk","drive.google.com","아니오","정상"
"乍","이미지 1","https://drive.google.com/file/d/1wgAYVYyNRYJsdGe_jOZ__J9IHwjNrvzI/view?usp=drive_link","drive.google.com","아니오","정상"
"乍","획순 이미지","https://drive.google.com/file/d/1D8fgi7AQv4-_eCqVzqT9fv_Rf8-JysXB/view?usp=drivesdk","drive.google.com","아니오","정상"
"瓜","이미지 1","https://drive.google.com/file/d/1SDBM6KcHaVsvOt6Sht9ByY9szIT7k0nr/view?usp=drive_link","drive.google.com","아니오","정상"
"瓜","획순 이미지","https://drive.google.com/file/d/1I2S218_BdW_4FLWHWl2RgAnguKnzkxrn/view?usp=drivesdk","drive.google.com","아니오","정상"
"卯","이미지 1","https://drive.google.com/file/d/1-hnD-CsrQcpWgrUuqot4TpuT1T5RmYOx/view?usp=drive_link","drive.google.com","아니오","정상"
"卯","획순 이미지","https://drive.google.com/file/d/17hE7S_s73jKrUpEWi39V1tJErQdOKONQ/view?usp=drivesdk","drive.google.com","아니오","정상"
"卉","이미지 1","https://drive.google.com/file/d/1iPbXCKoKrNbPY0iqqRQAdeGoBeghxLUR/view?usp=drive_link","drive.google.com","아니오","정상"
"卉","획순 이미지","https://drive.google.com/file/d/1gDMDj7JURQ6u89EZHckl4-vnxGYRf5QL/view?usp=drivesdk","drive.google.com","아니오","정상"
"弗","이미지 1","https://drive.google.com/file/d/1KIgJyJfH5W5jajm1r3VVp8nK9hqCH_PG/view?usp=drive_link","drive.google.com","아니오","정상"
"弗","획순 이미지","https://drive.google.com/file/d/1tibTY757jcuZbgAhahe3bmIZB2tls2T0/view?usp=drivesdk","drive.google.com","아니오","정상"
"朿","이미지 1","https://drive.google.com/file/d/1UarBhz8EwFx7Hu3tGfCC7-0yH2D9-vFq/view?usp=drive_link","drive.google.com","아니오","정상"
"朿","획순 이미지","https://drive.google.com/file/d/1Vb31hIg3fzzPKiEBZK6rUodMdzATPvaE/view?usp=drivesdk","drive.google.com","아니오","정상"
"𠂢","이미지 1","https://drive.google.com/file/d/1coEv4BmWDLzn3fetclmDJkh3p5vwD70x/view?usp=drive_link","drive.google.com","아니오","정상"
"𠂢","획순 이미지","https://drive.google.com/file/d/1_M3QX0-TlRTTOdLmTQ15qaClzkdyUtbJ/view?usp=drivesdk","drive.google.com","아니오","정상"
"屰","이미지 1","https://drive.google.com/file/d/1atf242CbHIDkg3h5Bk0wjb77nFSeOyHN/view?usp=drive_link","drive.google.com","아니오","정상"
"屰","획순 이미지","https://drive.google.com/file/d/1oEMCEzMZP10Q-r_ZEaWGAmpcxz9Tgmsw/view?usp=drivesdk","drive.google.com","아니오","정상"
"巩","이미지 1","https://drive.google.com/file/d/1n2cYJHDxsIdBqIvIDdHd1vwUR84lh5Ry/view?usp=drive_link","drive.google.com","아니오","정상"
"巩","획순 이미지","https://drive.google.com/file/d/1ur-PU0NhP853y6O1rOqwe4MaRmtqnxMq/view?usp=drivesdk","drive.google.com","아니오","정상"
"㫃","이미지 1","https://drive.google.com/file/d/1HXZYZoroBgK8QRWll2xxSOYg2mwyiNt7/view?usp=drive_link","drive.google.com","아니오","정상"
"㫃","획순 이미지","https://drive.google.com/file/d/1OOVjv5ivZNcVcjQUimgJM8RzvWPmiAb9/view?usp=drivesdk","drive.google.com","아니오","정상"
"㦮","이미지 1","https://drive.google.com/file/d/1-sj7n82ejalHt3j8s5CBoFVoQcTsvgUG/view?usp=drive_link","drive.google.com","아니오","정상"
"㦮","획순 이미지","https://drive.google.com/file/d/1JT9dTp4FXIhbX1NOOH00JqjG60MIgFXs/view?usp=drivesdk","drive.google.com","아니오","정상"
"亘","이미지 1","https://drive.google.com/file/d/1OSFosRzhxwKBqB2y4JZmKYfpIbaG0luN/view?usp=drive_link","drive.google.com","아니오","정상"
"亘","획순 이미지","https://drive.google.com/file/d/1t_IntBdsT3gOSEMwaCLIUGlrpGPCDQhr/view?usp=drivesdk","drive.google.com","아니오","정상"
"覀","이미지 1","https://drive.google.com/file/d/1vr6xrJenVS9OW5ITdwAT_g8Zem1RHGlv/view?usp=drive_link","drive.google.com","아니오","정상"
"覀","획순 이미지","https://drive.google.com/file/d/1jlfnosYD3jUrQtndkOLni7QWpdTilPoX/view?usp=drivesdk","drive.google.com","아니오","정상"
"亥","이미지 1","https://drive.google.com/file/d/1AHb4M99xU20xzQtC4XPEHCiSLVeCFQRF/view?usp=drive_link","drive.google.com","아니오","정상"
"亥","획순 이미지","https://drive.google.com/file/d/10Z7wA0em1UhI59SLyzbwIWbiVmUpnjGr/view?usp=drivesdk","drive.google.com","아니오","정상"
"聿","이미지 1","https://drive.google.com/file/d/1sH01p96Pc_KUJDg3R6EZp3mWtJbMMwFW/view?usp=drive_link","drive.google.com","아니오","정상"
"聿","획순 이미지","https://drive.google.com/file/d/1IKGmMWw559lkqCD1Y0AZERP4ud3qbL7c/view?usp=drivesdk","drive.google.com","아니오","정상"
"賁","이미지 1","https://drive.google.com/file/d/1yFseg8Ldp7fWDhbXakXi-fJam0ie111a/view?usp=drive_link","drive.google.com","아니오","정상"
"賁","획순 이미지","https://drive.google.com/file/d/11d3B-_YuoUYMd9q5CwUXiC4Acv2pcu3G/view?usp=drivesdk","drive.google.com","아니오","정상"
"尗","이미지 1","https://drive.google.com/file/d/1x0UpCbTyOx7IyAWULYEFzgd9QEvn_-k2/view?usp=drive_link","drive.google.com","아니오","정상"
"尗","획순 이미지","https://drive.google.com/file/d/1088vbUcxMqyiWHGHPrV-01Dr0QnnJ6mB/view?usp=drivesdk","drive.google.com","아니오","정상"
"耒","이미지 1","https://drive.google.com/file/d/18lBpeKmfLf96qSTDIYouMGUFWBH5aV7N/view?usp=drive_link","drive.google.com","아니오","정상"
"耒","획순 이미지","https://drive.google.com/file/d/1Ftg6y544qUFWHTj7u3z_Ev_156baIWFw/view?usp=drivesdk","drive.google.com","아니오","정상"
"圭","이미지 1","https://drive.google.com/file/d/1FEpE7OadQBslPE4WpMxTasIoDbPao5Xp/view?usp=drive_link","drive.google.com","아니오","정상"
"圭","획순 이미지","https://drive.google.com/file/d/1lw-Bz8d2nvUCTUOfoHq51FQhTGRO3e1j/view?usp=drivesdk","drive.google.com","아니오","정상"
"而","이미지 1","https://drive.google.com/file/d/1oecL--IZ7LXtw3zYsvBnklsgCvoRDBP3/view?usp=drive_link","drive.google.com","아니오","정상"
"而","획순 이미지","https://drive.google.com/file/d/1sNa6B_Srsowi6Sv1A94ij7f5P5tmdwNs/view?usp=drivesdk","drive.google.com","아니오","정상"
"关","이미지 1","https://drive.google.com/file/d/1pFgO8Guxe5YQSrRJyx430vFg_mWjtwlR/view?usp=drive_link","drive.google.com","아니오","정상"
"关","획순 이미지","https://drive.google.com/file/d/1CJDQMp9hz9gslyEK1IcxTU1P2wkBzI7L/view?usp=drivesdk","drive.google.com","아니오","정상"
"艮","이미지 1","https://drive.google.com/file/d/1jtTgbzrs19ExUQNsb0pAosqwbZMsag9q/view?usp=drive_link","drive.google.com","아니오","정상"
"艮","획순 이미지","https://drive.google.com/file/d/1DkSp1yiaHkanw7HlirQMGwF4_Hs-a417/view?usp=drivesdk","drive.google.com","아니오","정상"
"虍","이미지 1","https://drive.google.com/file/d/1_AEcKGZI122gsyuetinx6MP1XpWm4yzQ/view?usp=drive_link","drive.google.com","아니오","정상"
"虍","획순 이미지","https://drive.google.com/file/d/1-7InQ674ABGSQKUK4P9bZfZJPD-TYgf2/view?usp=drivesdk","drive.google.com","아니오","정상"
"𠔉","이미지 1","https://drive.google.com/file/d/1XRhp_0f7f-P4BmrHpHS68BN-6FtCoLVe/view?usp=drive_link","drive.google.com","아니오","정상"
"𠔉","획순 이미지","https://drive.google.com/file/d/1QarxNb5PHFKK3U6-om4pBI_WkuAA8Woy/view?usp=drivesdk","drive.google.com","아니오","정상"
"甫","이미지 1","https://drive.google.com/file/d/1Ho9GFzRKT3PK-HrL7c9BVW56RLaGLaHe/view?usp=drive_link","drive.google.com","아니오","정상"
"甫","획순 이미지","https://drive.google.com/file/d/1z12QicgT8-7KiziBD79D2TIyxPnDTv_X/view?usp=drivesdk","drive.google.com","아니오","정상"
"录","이미지 1","https://drive.google.com/file/d/1pwBsADkiwOZEA4jaiGZ-PqNZ4cwd_MYv/view?usp=drive_link","drive.google.com","아니오","정상"
"录","획순 이미지","https://drive.google.com/file/d/1lwsELV23gh2dwO2_Ks8yi4YZfITY6Dpd/view?usp=drivesdk","drive.google.com","아니오","정상"
"甬","이미지 1","https://drive.google.com/file/d/1JQ7eSKVYvUPA7IqFfjQhmp3E36MeB3mV/view?usp=drive_link","drive.google.com","아니오","정상"
"甬","획순 이미지","https://drive.google.com/file/d/1GebfI8vzP7o0j4auP37QfsYfGi0lOCt3/view?usp=drivesdk","drive.google.com","아니오","정상"
"吾","이미지 1","https://drive.google.com/file/d/1-qylm3_P1SNj1T2H2NBT6KahqX8flL21/view?usp=drive_link","drive.google.com","아니오","정상"
"吾","획순 이미지","https://drive.google.com/file/d/1GwwqQNheOB3u73iv51Dl1xUQPjPiP60x/view?usp=drivesdk","drive.google.com","아니오","정상"
"豕","이미지 1","https://drive.google.com/file/d/1irZVdI__wHKppHzTNJK8AdnvUbQvFmzn/view?usp=drive_link","drive.google.com","아니오","정상"
"豕","획순 이미지","https://drive.google.com/file/d/1AXZkr4G5hgTnKe2f7uOos1aWvlwtc35f/view?usp=drivesdk","drive.google.com","아니오","정상"
"釆","이미지 1","https://drive.google.com/file/d/1jqwSLlRIqW927OsSKBX_XXcB5CfcHs3E/view?usp=drive_link","drive.google.com","아니오","정상"
"釆","획순 이미지","https://drive.google.com/file/d/1DSvVkxu5NbCe0WnGa2GHXXQsgW1zHDon/view?usp=drivesdk","drive.google.com","아니오","정상"
"酉","이미지 1","https://drive.google.com/file/d/1dz-OiK677Wx4HnDePDm_e9BfUceueXM6/view?usp=drive_link","drive.google.com","아니오","정상"
"酉","획순 이미지","https://drive.google.com/file/d/1YtXFi4vJt1j6FOC03dZJ4cz7OMaEyEGv/view?usp=drivesdk","drive.google.com","아니오","정상"
"坐","이미지 1","https://drive.google.com/file/d/14IZG6GsJhO1qAWgSdC0RkjMDIKLSqbzY/view?usp=drive_link","drive.google.com","아니오","정상"
"坐","획순 이미지","https://drive.google.com/file/d/18vj8O9pJkMZ_9ycQzGTYRKu_T6x6UhkY/view?usp=drivesdk","drive.google.com","아니오","정상"
"辰","이미지 1","https://drive.google.com/file/d/1tXqjl2lLh90TihLSti-XVXcHI9n5T0Sg/view?usp=drive_link","drive.google.com","아니오","정상"
"辰","획순 이미지","https://drive.google.com/file/d/13_kdnE6nPvBVY_r4xQMaHv0cZKBBISyy/view?usp=drivesdk","drive.google.com","아니오","정상"
"兎","이미지 1","https://drive.google.com/file/d/16lxwVFH0KwgSrowwdU3nkLeTXYpmMHbs/view?usp=drive_link","drive.google.com","아니오","정상"
"兎","획순 이미지","https://drive.google.com/file/d/1dw6lmfjDmwZwG_YqndV7jcY7txAusArL/view?usp=drivesdk","drive.google.com","아니오","정상"
"㡀","이미지 1","https://drive.google.com/file/d/1inmFsaZ4oFZSTQ-ghPRwStoTkhV_Tq35/view?usp=sharing","drive.google.com","아니오","정상"
"㡀","획순 이미지","https://drive.google.com/file/d/1tKdOdZBSVP8f7R01dIV_k3cwSxp9GWxI/view?usp=drivesdk","drive.google.com","아니오","정상"
"豸","이미지 1","https://drive.google.com/file/d/15rjtj6CTo_z14xkJSBD_544qp7XPpKF0/view?usp=drive_link","drive.google.com","아니오","정상"
"豸","획순 이미지","https://drive.google.com/file/d/1FfupPN2UAZqjmp4MHBtZDUXIi3inEyyo/view?usp=drivesdk","drive.google.com","아니오","정상"
"兑","이미지 1","https://drive.google.com/file/d/1fXKFq3S0jyi9XL8Gq38oLoJlQg2VB4xz/view?usp=drive_link","drive.google.com","아니오","정상"
"兑","획순 이미지","https://drive.google.com/file/d/1G1raQFeGyxobIT4h1Ty4vtr7BDulpYRC/view?usp=drivesdk","drive.google.com","아니오","정상"
"苟","이미지 1","https://drive.google.com/file/d/1GK8BtqL5pWxl7MQoUCOayOHFHQXfpo6g/view?usp=share_link","drive.google.com","아니오","정상"
"苟","획순 이미지","https://drive.google.com/file/d/1Qu1SArnyDdQh_uhACTDZBXnDtASOOJuw/view?usp=drivesdk","drive.google.com","아니오","정상"
"其","이미지 1","https://drive.google.com/file/d/121a2HBswLFSiC6ouCg8fgPn67JfmD5Hi/view?usp=drive_link","drive.google.com","아니오","정상"
"其","획순 이미지","https://drive.google.com/file/d/1h4zcIW4e_E2aWo9vksXe1_vGzqB5MNBp/view?usp=drivesdk","drive.google.com","아니오","정상"
"隶","이미지 1","https://drive.google.com/file/d/1WrzoBGNrqMTCyOt0j1DPk2CXv7rgGFw_/view?usp=drive_link","drive.google.com","아니오","정상"
"隶","획순 이미지","https://drive.google.com/file/d/1g5GqSC4vEuIP7TUTeXtb6gVHm1UQ0Iq4/view?usp=drivesdk","drive.google.com","아니오","정상"
"侖","이미지 1","https://drive.google.com/file/d/1CmdpmxDa53v2m0c0-utVTZed7WKci5zJ/view?usp=drive_link","drive.google.com","아니오","정상"
"侖","획순 이미지","https://drive.google.com/file/d/13UKWOQmEGRVcuT0ZW775vtbmIHXkaGXL/view?usp=drivesdk","drive.google.com","아니오","정상"
"㑒","이미지 1","https://drive.google.com/file/d/14ijGJQPtFOtwMOYp7MI7i7u4EEc3YYmN/view?usp=drive_link","drive.google.com","아니오","정상"
"㑒","획순 이미지","https://drive.google.com/file/d/15GRjXhbxnfwUqGEdOCz82ARLA7UM_oaa/view?usp=drivesdk","drive.google.com","아니오","정상"
"帛","이미지 1","https://drive.google.com/file/d/1rrSXZG2IuiQjsPrynirF3fOyWpgaL_Su/view?usp=drive_link","drive.google.com","아니오","정상"
"帛","획순 이미지","https://drive.google.com/file/d/1Nl863vgLtgOEthxjIE1EoeoSbXzTJ1tD/view?usp=drivesdk","drive.google.com","아니오","정상"
"帚","이미지 1","https://drive.google.com/file/d/1CL5wx-eIMbJTPT8xLen1BBmnb3O07lIQ/view?usp=drive_link","drive.google.com","아니오","정상"
"帚","획순 이미지","https://drive.google.com/file/d/12RYe59zEiAuJTQtyTFGwmh6Wlh1br6zM/view?usp=drivesdk","drive.google.com","아니오","정상"
"昌","이미지 1","https://drive.google.com/file/d/1suZTUii92y7cb3oKbXUgLhRlo67DicNJ/view?usp=drive_link","drive.google.com","아니오","정상"
"昌","획순 이미지","https://drive.google.com/file/d/1HNalT4r8K-_MQEGfpL5aNl55eG3vD7aA/view?usp=drivesdk","drive.google.com","아니오","정상"
"龺","이미지 1","https://drive.google.com/file/d/17i-HiOUQcnQrwtJSsgHwbGRNRH85cmv-/view?usp=drive_link","drive.google.com","아니오","정상"
"龺","획순 이미지","https://drive.google.com/file/d/1ty--okfIZpkS4pmofCPpE7oe8nFJhtCE/view?usp=drivesdk","drive.google.com","아니오","정상"
"隹","이미지 1","https://drive.google.com/file/d/1dUbTrzyM3coXYxLDOK6f0KL-Cg_dtbJu/view?usp=drive_link","drive.google.com","아니오","정상"
"隹","획순 이미지","https://drive.google.com/file/d/1rF4Yuj2kUQ67pqPMmLL6qUkuuBHawKYB/view?usp=drivesdk","drive.google.com","아니오","정상"
"尭","이미지 1","https://drive.google.com/file/d/1iMu4qYGKs1Cr95c2DorXD6ex7HYQjgXI/view?usp=drive_link","drive.google.com","아니오","정상"
"尭","획순 이미지","https://drive.google.com/file/d/1qPfKbtBHQIyKeEB7iWkOWyEuVoo5R-BX/view?usp=drivesdk","drive.google.com","아니오","정상"
"坴","이미지 1","https://drive.google.com/file/d/1VsJGATuEDAx_kqCtL7Xi6-sDM9_zobfp/view?usp=drive_link","drive.google.com","아니오","정상"
"坴","획순 이미지","https://drive.google.com/file/d/1t7j9Ul1er8Gg7epCipoOLfCHrnuCDYsB/view?usp=drivesdk","drive.google.com","아니오","정상"
"咅","이미지 1","https://drive.google.com/file/d/1c6PR5amrrc8L1I7tDtqnLzuBG7pC7Fb-/view?usp=drive_link","drive.google.com","아니오","정상"
"咅","획순 이미지","https://drive.google.com/file/d/1Yi5hg4qzac5YBbRzkIseyOCMdB-5WGmm/view?usp=drivesdk","drive.google.com","아니오","정상"
"或","이미지 1","https://drive.google.com/file/d/1JtYMj_cEREfg46rp-HOd7SZynjs9dhFY/view?usp=drive_link","drive.google.com","아니오","정상"
"或","획순 이미지","https://drive.google.com/file/d/1kivwqS4BUWzzNket0JNg1BjgBP_-pf9i/view?usp=drivesdk","drive.google.com","아니오","정상"
"畐","이미지 1","https://drive.google.com/file/d/1r1aDzkZrGOjKtl1bp3oXf4mRDU5XKBno/view?usp=drive_link","drive.google.com","아니오","정상"
"畐","획순 이미지","https://drive.google.com/file/d/1XU63y_XitTBQxw_9NIy9RtcpYkQCOqzx/view?usp=drivesdk","drive.google.com","아니오","정상"
"韋","이미지 1","https://drive.google.com/file/d/1y0YoMCrp9pukg-ow6B61vzPCWIVd-_8g/view?usp=drive_link","drive.google.com","아니오","정상"
"韋","획순 이미지","https://drive.google.com/file/d/1f8yI-tH2HbhceYyPbBNK10Vc3rvAKi5Q/view?usp=drivesdk","drive.google.com","아니오","정상"
"复","이미지 1","https://drive.google.com/file/d/1LSF-4LmYpoTQiwppgZKMuM3mFHpJtz1F/view?usp=drive_link","drive.google.com","아니오","정상"
"复","획순 이미지","https://drive.google.com/file/d/1nx83z8erAC0OxJWehIHcVJH5Pf6LTT_B/view?usp=drivesdk","drive.google.com","아니오","정상"
"㐮","이미지 1","https://drive.google.com/file/d/1nlbzEBfkoO60pNX1IlFi9KcNInF7oSaa/view?usp=drive_link","drive.google.com","아니오","정상"
"㐮","획순 이미지","https://drive.google.com/file/d/1p5oCH9i8mBZXNlXQaa4QO4hYC8EEXYnj/view?usp=drivesdk","drive.google.com","아니오","정상"
"巷","이미지 1","https://drive.google.com/file/d/1fPPD2EtcYHHmDQ3MljiEqKRucDiXVf5c/view?usp=drive_link","drive.google.com","아니오","정상"
"巷","획순 이미지","https://drive.google.com/file/d/1dP1vpSGXE_SrAvWwswu45KO8yp9aXEFH/view?usp=drivesdk","drive.google.com","아니오","정상"
"扁","이미지 1","https://drive.google.com/file/d/1Rz7DxBXA3Br58JFpba-16-2r_t5Pn1yh/view?usp=drive_link","drive.google.com","아니오","정상"
"扁","획순 이미지","https://drive.google.com/file/d/1AaCMdDImJUbOAJU4XQGGpfQpfS_caN7F/view?usp=drivesdk","drive.google.com","아니오","정상"
"爰","이미지 1","https://drive.google.com/file/d/1wpH9fsCZJ8z91Fd5Ki4Sl6I-5MH_1VvU/view?usp=drive_link","drive.google.com","아니오","정상"
"爰","획순 이미지","https://drive.google.com/file/d/1RnfwiFgx4ttk4DNpY3kZ3o9x0JzDrRw9/view?usp=drivesdk","drive.google.com","아니오","정상"
"它","이미지 1","https://drive.google.com/file/d/1CKEz7X64FDb4vYMcBN_ndRliNieW0OyS/view?usp=drive_link","drive.google.com","아니오","정상"
"它","획순 이미지","https://drive.google.com/file/d/12SB0rmxrnYCOpkjOhCKevHc3_9TpGFbC/view?usp=drivesdk","drive.google.com","아니오","정상"
"頁","이미지 1","https://drive.google.com/file/d/1-F-MizBxr6CVze_mEVhIW2o50zuTylMR/view?usp=drive_link","drive.google.com","아니오","정상"
"頁","획순 이미지","https://drive.google.com/file/d/1RqY_V1CTV5B6BD8KfmO5P4I5J3q_QMfY/view?usp=drivesdk","drive.google.com","아니오","정상"
"咸","이미지 1","https://drive.google.com/file/d/1ukQtnhtWCJElDGDmtPfFcWngtib7XBIF/view?usp=drive_link","drive.google.com","아니오","정상"
"咸","획순 이미지","https://drive.google.com/file/d/15So7l_xP1MP4-7h_STJLpJ-ok04qEBS_/view?usp=drivesdk","drive.google.com","아니오","정상"
"兹","이미지 1","https://drive.google.com/file/d/1aj1oXBVPIioJWm8QcJsMO3nhIdxzFPJu/view?usp=drive_link","drive.google.com","아니오","정상"
"兹","획순 이미지","https://drive.google.com/file/d/12hnsuP3KWSPP85jQTdi9f2oFn0UHsRxv/view?usp=drivesdk","drive.google.com","아니오","정상"
"奐","이미지 1","https://drive.google.com/file/d/1_PqnYH41BpPhQYb0rgLmE8tk8T_sJAgH/view?usp=drive_link","drive.google.com","아니오","정상"
"奐","획순 이미지","https://drive.google.com/file/d/1c0I1ijSpKxTVMEgisp1L2TYdE0FEPOyu/view?usp=drivesdk","drive.google.com","아니오","정상"
"禺","이미지 1","https://drive.google.com/file/d/18QfdZgetLe80NtHeCHtiKsGQ_V-RwSBM/view?usp=drive_link","drive.google.com","아니오","정상"
"禺","획순 이미지","https://drive.google.com/file/d/1kXK68z0ofR9o7O9jml6PEXhtcOaWb22J/view?usp=drivesdk","drive.google.com","아니오","정상"
"胡","이미지 1","https://drive.google.com/file/d/130M9z-dEpqt6KOe3tBVj-s87X0quICfE/view?usp=drive_link","drive.google.com","아니오","정상"
"胡","획순 이미지","https://drive.google.com/file/d/10PPFuZMhCpkRBfyrsIZ0mqlyLAPcIbOg/view?usp=drivesdk","drive.google.com","아니오","정상"
"禹","이미지 1","https://drive.google.com/file/d/1EUmk65G2TNgLNWW5uzR3maacg4aSo0oc/view?usp=drive_link","drive.google.com","아니오","정상"
"禹","획순 이미지","https://drive.google.com/file/d/1pS90_Bfvvub88fCP7dJi05SnYhVhcMJJ/view?usp=drivesdk","drive.google.com","아니오","정상"
"咼","이미지 1","https://drive.google.com/file/d/1L_CRTPmSXh-9oLGVDKsI_V6AANYoB_pr/view?usp=drive_link","drive.google.com","아니오","정상"
"咼","획순 이미지","https://drive.google.com/file/d/1d6qYS0nfht2vAibogL4Xzx7a-33fxkPG/view?usp=drivesdk","drive.google.com","아니오","정상"
"并","이미지 1","https://drive.google.com/file/d/16Y6oM7nIPsUP3MO1tVBZuDH4p5LQ4sUk/view?usp=drive_link","drive.google.com","아니오","정상"
"并","획순 이미지","https://drive.google.com/file/d/1cfZj8cNn6jBQHJdvWPDYGuE2p7LqICto/view?usp=drivesdk","drive.google.com","아니오","정상"
"离","이미지 1","https://drive.google.com/file/d/1yfBWz1HU1_dg6Gdocq-FOhz7uroLQ_-V/view?usp=drive_link","drive.google.com","아니오","정상"
"离","획순 이미지","https://drive.google.com/file/d/1BtkaYCudcsSwkVLCqPCdK4Bt6rQZsRdP/view?usp=drivesdk","drive.google.com","아니오","정상"
"鬲","이미지 1","https://drive.google.com/file/d/1P2Yyi7hlLGrg2Bba95_Q_c-KIG0kSC_m/view?usp=drive_link","drive.google.com","아니오","정상"
"鬲","획순 이미지","https://drive.google.com/file/d/1h9fkE8e_bdj1os6pGsJkIKWs0Dttcch1/view?usp=drivesdk","drive.google.com","아니오","정상"
"莫","이미지 1","https://drive.google.com/file/d/1lIoKZHB0w9PdF5IIWp2Gu2cc7tQHEjSV/view?usp=drive_link","drive.google.com","아니오","정상"
"莫","획순 이미지","https://drive.google.com/file/d/1YVAWJ5ENPQiFitjLefjDYGfFaVLO80it/view?usp=drivesdk","drive.google.com","아니오","정상"
"袁","이미지 1","https://drive.google.com/file/d/14IJZO4PFuF0fPCZzUmAxM-WZeHWl-Atp/view?usp=drive_link","drive.google.com","아니오","정상"
"袁","획순 이미지","https://drive.google.com/file/d/1BCnbEY7xZgcWtyil138aYiTofoWfzTgE/view?usp=drivesdk","drive.google.com","아니오","정상"
"堇","이미지 1","https://drive.google.com/file/d/1HsowVi_aLnXph3rXpzB9kc1myrKRKEyv/view?usp=drive_link","drive.google.com","아니오","정상"
"堇","획순 이미지","https://drive.google.com/file/d/1KCi3JQ8E3RQKysTDKZCHbZK6GDTf8jnz/view?usp=drivesdk","drive.google.com","아니오","정상"
"冓","이미지 1","https://drive.google.com/file/d/1aLn08x8TeALXcNek4jxhmUFR7COdssE2/view?usp=drive_link","drive.google.com","아니오","정상"
"冓","획순 이미지","https://drive.google.com/file/d/1v35_GVqWcK1sRSoD2xcorJEa1cFq9VZ9/view?usp=drivesdk","drive.google.com","아니오","정상"
"曼","이미지 1","https://drive.google.com/file/d/1klNSV4GqxL6NjEgLdKSr9K5QsT2mj4wM/view?usp=drive_link","drive.google.com","아니오","정상"
"曼","획순 이미지","https://drive.google.com/file/d/1WHWWqWQ-ET7apT2fqnx5sxVzIkvXXbMQ/view?usp=drivesdk","drive.google.com","아니오","정상"
"竟","이미지 1","https://drive.google.com/file/d/1z1F8BSO_VV1drZ1CNLIiqQECp-HhEwi-/view?usp=drive_link","drive.google.com","아니오","정상"
"竟","획순 이미지","https://drive.google.com/file/d/1uWXcuLMIkU-EbT4fO2Q78CXeM50f8iVG/view?usp=drivesdk","drive.google.com","아니오","정상"
"啇","이미지 1","https://drive.google.com/file/d/1e5HCnxFxHEBrraaarMOpL9ZDsdidDgKj/view?usp=drive_link","drive.google.com","아니오","정상"
"啇","획순 이미지","https://drive.google.com/file/d/1UJNLYsZ5GH5vZBjogW3ZQofNwYeGO_tB/view?usp=drivesdk","drive.google.com","아니오","정상"
"寅","이미지 1","https://drive.google.com/file/d/138Cils05Lj74Ha7zsA1gBEI5ASSEuav3/view?usp=drive_link","drive.google.com","아니오","정상"
"寅","획순 이미지","https://drive.google.com/file/d/1_2tgAcknTjsT0w94a62BzlNLDAXs69jo/view?usp=drivesdk","drive.google.com","아니오","정상"
"戠","이미지 1","https://drive.google.com/file/d/1JYkMQNwFBuvHGIJbByZJ_x-24GEl23Fh/view?usp=drive_link","drive.google.com","아니오","정상"
"戠","획순 이미지","https://drive.google.com/file/d/1oUDzRC1OFFa12JLlJkuSDwiVsRC97S4C/view?usp=drivesdk","drive.google.com","아니오","정상"
"尞","이미지 1","https://drive.google.com/file/d/1-nxYtya6TUy5lR_CyLQ6FKlbriLOtSB_/view?usp=drive_link","drive.google.com","아니오","정상"
"尞","획순 이미지","https://drive.google.com/file/d/1U78yCdr3A4cXlRXnubL7htkQbgAu5fC_/view?usp=drivesdk","drive.google.com","아니오","정상"
"睘","이미지 1","https://drive.google.com/file/d/1B2E2Z0gJumQroKq_WaabtZBdsomhKVjd/view?usp=drive_link","drive.google.com","아니오","정상"
"睘","획순 이미지","https://drive.google.com/file/d/1JVAKsmByDm3CYdWgeg92kZ-KTQE0DNUY/view?usp=drivesdk","drive.google.com","아니오","정상"
"喿","이미지 1","https://drive.google.com/file/d/1lCE05eEAVT6Nu6dK0i9mpd6_LAyBq-Or/view?usp=drive_link","drive.google.com","아니오","정상"
"喿","획순 이미지","https://drive.google.com/file/d/1SpkQeB50cuE3YLcveUqJCNs3KOSxyeyd/view?usp=drivesdk","drive.google.com","아니오","정상"
"翟","이미지 1","https://drive.google.com/file/d/1BjnLZU-XVJyqqbb0pLCBq4dMkBT_Sp2n/view?usp=drive_link","drive.google.com","아니오","정상"
"翟","획순 이미지","https://drive.google.com/file/d/1HcZoxId0kv8Algo88uu7t2gTSXPKif-4/view?usp=drivesdk","drive.google.com","아니오","정상"
"龍","이미지 1","https://drive.google.com/file/d/1JBxE4XVOBhQP8WIKzj1xlA21udDfK5Lh/view?usp=drive_link","drive.google.com","아니오","정상"
"龍","획순 이미지","https://drive.google.com/file/d/1b__l8jppMJ00Budgwen8ovbMkIXjw3rH/view?usp=drivesdk","drive.google.com","아니오","정상"
"舛","이미지 1","https://drive.google.com/file/d/1H-emZM7QJ63uT883jLcn9SxqrZ0-IXLv/view?usp=drive_link","drive.google.com","아니오","정상"
"舛","획순 이미지","https://drive.google.com/file/d/1n7h1NhAYvALqHAI7y15xoTV4IX0RHs8s/view?usp=drivesdk","drive.google.com","아니오","정상"
"尤","이미지 1","https://drive.google.com/file/d/1mp6Hdt1aLICYEp9eysW0SE650hkMwT38/view?usp=drive_link","drive.google.com","아니오","정상"
"尤","획순 이미지","https://drive.google.com/file/d/10V3Fe7J-4h1L4eCnArhDIO9E4_fcttkJ/view?usp=drivesdk","drive.google.com","아니오","정상"
"亅","이미지 1","https://drive.google.com/file/d/1sqCeD8RXNUiHFfc5yNSkXdZRWkTszyLf/view?usp=drive_link","drive.google.com","아니오","정상"
"亅","획순 이미지","https://drive.google.com/file/d/17dpWbFJ6YAagFrkyYxS4MJ2pl9K8fl5M/view?usp=drivesdk","drive.google.com","아니오","정상"
"囗","이미지 1","https://drive.google.com/file/d/1EVus6IjCbZLpI9437KdOZ7Fpx0gHoM8x/view?usp=drive_link","drive.google.com","아니오","정상"
"囗","획순 이미지","https://drive.google.com/file/d/1PQ54Z-bX9Yyy9Clcxf1UOHW3znc2RvHK/view?usp=drivesdk","drive.google.com","아니오","정상"
